ano,mes,data,regiao,uf,cidade,meio_transporte,passageiros,tempo_medio_deslocamento,lotacao_media,velocidade_media,emissao_co2,tarifa_media,nivel_congestionamento
2015,1,2015-01-01,Norte,AM,Manaus,Ônibus,1755471,53.2,93.1,11.4,12843.56,4.32,Crítico
2015,1,2015-01-01,Norte,PA,Belém,Bicicleta,1998552,59.8,30.2,42.9,47909.46,7.13,Médio
2015,1,2015-01-01,Norte,PA,Santarém,BRT,898998,85.6,85.2,18.1,4920.12,4.19,Crítico
2015,1,2015-01-01,Norte,RO,Porto Velho,VLT,1915833,63.2,49.3,23.6,15029.32,7.62,Médio
2015,1,2015-01-01,Norte,TO,Palmas,Metrô,607152,81.8,83.9,19.9,39672.18,7.03,Médio
2015,1,2015-01-01,Nordeste,BA,Salvador,BRT,1849774,17.1,114.6,8.5,5891.52,3.6,Crítico
2015,1,2015-01-01,Nordeste,BA,Feira de Santana,Metrô,1162155,54.4,29.6,15.9,45563.82,3.67,Alto
2015,1,2015-01-01,Nordeste,PE,Recife,BRT,309999,58.5,112.5,31.4,37047.17,4.26,Médio
2015,1,2015-01-01,Nordeste,PE,Jaboatão dos Guararapes,VLT,73944,51.1,62.2,28.9,12418.12,3.59,Alto
2015,1,2015-01-01,Nordeste,CE,Fortaleza,Bicicleta,1631304,43.7,101.8,49.5,17063.36,3.7,Crítico
2015,1,2015-01-01,Nordeste,CE,Juazeiro do Norte,Trem,1275127,16.7,115.1,28.3,21368.29,7.58,Alto
2015,1,2015-01-01,Nordeste,MA,São Luís,VLT,1947590,54.0,117.9,21.7,8098.92,4.83,Médio
2015,1,2015-01-01,Nordeste,PB,João Pessoa,Bicicleta,410907,43.0,104.8,17.9,9001.1,6.05,Médio
2015,1,2015-01-01,Centro-Oeste,DF,Brasília,VLT,1202006,60.5,94.3,54.8,31972.03,4.71,Baixo
2015,1,2015-01-01,Centro-Oeste,GO,Goiânia,BRT,1210771,35.4,108.5,20.1,16265.04,4.91,Alto
2015,1,2015-01-01,Centro-Oeste,GO,Aparecida de Goiânia,VLT,1785031,90.5,99.1,29.0,25185.11,4.09,Crítico
2015,1,2015-01-01,Centro-Oeste,MT,Cuiabá,Trem,979876,31.7,84.2,38.4,29606.11,5.46,Médio
2015,1,2015-01-01,Centro-Oeste,MS,Campo Grande,VLT,69311,18.2,74.6,37.3,20507.91,7.71,Baixo
2015,1,2015-01-01,Sudeste,SP,São Paulo,Metrô,1250535,38.2,46.2,46.9,48232.1,6.58,Crítico
2015,1,2015-01-01,Sudeste,SP,Campinas,Ônibus,1976066,56.1,92.7,51.0,11337.8,6.22,Baixo
2015,1,2015-01-01,Sudeste,SP,Ribeirão Preto,Metrô,1485624,88.8,95.7,37.4,24159.21,6.19,Médio
2015,1,2015-01-01,Sudeste,RJ,Rio de Janeiro,Metrô,1305911,38.2,67.3,44.9,13709.74,7.71,Médio
2015,1,2015-01-01,Sudeste,RJ,Niterói,Trem,443120,27.3,47.5,27.6,41377.07,4.01,Alto
2015,1,2015-01-01,Sudeste,RJ,Nova Iguaçu,Bicicleta,1970958,80.8,80.1,44.1,15315.65,5.94,Crítico
2015,1,2015-01-01,Sudeste,RJ,Petrópolis,Metrô,1801166,81.1,66.4,11.6,9015.07,6.53,Crítico
2015,1,2015-01-01,Sudeste,MG,Belo Horizonte,Bicicleta,115578,39.9,48.1,49.8,9445.32,4.21,Médio
2015,1,2015-01-01,Sudeste,MG,Uberlândia,Ônibus,681845,46.3,59.2,21.4,49108.7,3.79,Baixo
2015,1,2015-01-01,Sudeste,MG,Juiz de Fora,Bicicleta,1094146,20.3,63.4,9.3,18210.83,7.77,Médio
2015,1,2015-01-01,Sudeste,ES,Vitória,Trem,96243,57.3,48.1,29.4,42139.42,5.39,Alto
2015,1,2015-01-01,Sudeste,ES,Vila Velha,BRT,179158,83.1,81.2,11.3,41887.26,6.75,Médio
2015,1,2015-01-01,Sudeste,ES,Serra,VLT,202647,63.7,82.5,23.8,44704.11,5.01,Crítico
2015,1,2015-01-01,Sul,PR,Curitiba,Metrô,783723,73.8,45.7,20.6,35437.02,6.41,Crítico
2015,1,2015-01-01,Sul,PR,Londrina,Ônibus,1238151,72.2,92.3,12.2,45727.51,6.25,Baixo
2015,1,2015-01-01,Sul,SC,Florianópolis,Metrô,764716,93.5,102.9,13.2,12454.81,4.78,Baixo
2015,1,2015-01-01,Sul,SC,Joinville,VLT,206637,75.0,45.1,26.0,11478.53,6.77,Alto
2015,1,2015-01-01,Sul,RS,Porto Alegre,Trem,1352586,44.3,67.3,34.9,3012.59,5.44,Alto
2015,1,2015-01-01,Sul,RS,Caxias do Sul,Metrô,1467066,90.5,61.7,46.5,14070.06,4.18,Médio
2015,2,2015-02-01,Norte,AM,Manaus,BRT,209173,83.7,59.2,8.5,24840.96,7.07,Baixo
2015,2,2015-02-01,Norte,PA,Belém,Ônibus,1076278,20.6,46.4,29.8,47256.91,7.55,Baixo
2015,2,2015-02-01,Norte,PA,Santarém,Metrô,297009,38.8,94.3,25.9,35513.62,4.6,Crítico
2015,2,2015-02-01,Norte,RO,Porto Velho,Ônibus,1895999,91.9,44.5,42.9,47743.1,6.14,Crítico
2015,2,2015-02-01,Norte,TO,Palmas,Trem,1897545,54.2,111.3,52.9,33427.69,5.55,Alto
2015,2,2015-02-01,Nordeste,BA,Salvador,BRT,1040331,27.5,112.7,13.8,17192.02,5.18,Crítico
2015,2,2015-02-01,Nordeste,BA,Feira de Santana,Metrô,726876,71.8,72.3,43.1,24920.06,7.29,Alto
2015,2,2015-02-01,Nordeste,PE,Recife,Bicicleta,195680,17.6,69.0,9.3,40975.71,4.48,Médio
2015,2,2015-02-01,Nordeste,PE,Jaboatão dos Guararapes,Trem,113050,21.1,115.7,34.6,28563.9,6.13,Alto
2015,2,2015-02-01,Nordeste,CE,Fortaleza,Metrô,1538342,92.1,56.6,24.5,24847.33,7.01,Crítico
2015,2,2015-02-01,Nordeste,CE,Juazeiro do Norte,Trem,558346,21.7,93.4,42.3,36241.17,6.6,Médio
2015,2,2015-02-01,Nordeste,MA,São Luís,VLT,1118496,87.2,34.5,23.3,35464.0,7.54,Alto
2015,2,2015-02-01,Nordeste,PB,João Pessoa,Bicicleta,990790,39.1,113.6,40.2,5785.87,3.76,Baixo
2015,2,2015-02-01,Centro-Oeste,DF,Brasília,BRT,582465,57.4,32.7,12.5,45642.42,7.61,Alto
2015,2,2015-02-01,Centro-Oeste,GO,Goiânia,Trem,1107209,58.3,49.8,31.0,45044.41,5.97,Médio
2015,2,2015-02-01,Centro-Oeste,GO,Aparecida de Goiânia,Ônibus,133449,69.8,119.3,9.5,31216.45,7.2,Médio
2015,2,2015-02-01,Centro-Oeste,MT,Cuiabá,VLT,778244,45.7,84.3,12.4,20986.24,3.57,Crítico
2015,2,2015-02-01,Centro-Oeste,MS,Campo Grande,BRT,518954,82.3,34.6,26.0,2843.66,6.03,Baixo
2015,2,2015-02-01,Sudeste,SP,São Paulo,Trem,1538900,87.7,75.7,40.6,33426.63,7.72,Médio
2015,2,2015-02-01,Sudeste,SP,Campinas,BRT,1159520,81.0,109.5,33.7,39495.34,5.51,Crítico
2015,2,2015-02-01,Sudeste,SP,Ribeirão Preto,Trem,1910011,36.1,54.3,49.5,37259.02,4.66,Crítico
2015,2,2015-02-01,Sudeste,RJ,Rio de Janeiro,BRT,1024429,93.5,64.5,8.6,33404.07,6.0,Crítico
2015,2,2015-02-01,Sudeste,RJ,Niterói,Ônibus,1977264,87.4,49.4,45.7,5421.96,3.83,Alto
2015,2,2015-02-01,Sudeste,RJ,Nova Iguaçu,VLT,90326,65.7,65.5,20.1,19809.16,7.23,Alto
2015,2,2015-02-01,Sudeste,RJ,Petrópolis,VLT,1477912,17.7,95.9,17.1,42977.94,3.77,Médio
2015,2,2015-02-01,Sudeste,MG,Belo Horizonte,Trem,918891,64.9,115.6,9.5,32415.47,5.62,Médio
2015,2,2015-02-01,Sudeste,MG,Uberlândia,Bicicleta,1004441,87.3,31.7,46.7,45325.13,5.68,Baixo
2015,2,2015-02-01,Sudeste,MG,Juiz de Fora,Trem,1535689,74.9,91.4,20.1,49622.2,6.94,Alto
2015,2,2015-02-01,Sudeste,ES,Vitória,Bicicleta,894146,94.6,49.5,19.8,16805.46,4.5,Alto
2015,2,2015-02-01,Sudeste,ES,Vila Velha,VLT,301637,52.7,54.7,10.3,36133.77,3.5,Alto
2015,2,2015-02-01,Sudeste,ES,Serra,Metrô,1421270,67.1,112.7,24.4,195.88,4.65,Médio
2015,2,2015-02-01,Sul,PR,Curitiba,Ônibus,1374695,77.0,66.9,10.1,4161.93,7.19,Alto
2015,2,2015-02-01,Sul,PR,Londrina,Ônibus,35533,72.3,85.0,9.4,39175.09,6.79,Crítico
2015,2,2015-02-01,Sul,SC,Florianópolis,BRT,216746,73.9,61.0,40.8,21746.16,5.53,Crítico
2015,2,2015-02-01,Sul,SC,Joinville,Ônibus,239346,80.4,71.8,39.0,18537.28,5.82,Baixo
2015,2,2015-02-01,Sul,RS,Porto Alegre,Metrô,1163102,65.4,114.5,31.5,44206.21,7.31,Médio
2015,2,2015-02-01,Sul,RS,Caxias do Sul,Bicicleta,1170449,20.8,110.3,8.6,7278.66,6.51,Médio
2015,3,2015-03-01,Norte,AM,Manaus,Bicicleta,545523,21.0,27.9,28.5,41298.51,7.93,Médio
2015,3,2015-03-01,Norte,PA,Belém,Metrô,1020465,85.0,65.8,19.9,39857.87,5.48,Alto
2015,3,2015-03-01,Norte,PA,Santarém,Metrô,1112018,22.0,106.1,30.0,49968.62,4.79,Crítico
2015,3,2015-03-01,Norte,RO,Porto Velho,Bicicleta,56021,36.7,29.1,49.4,38373.69,6.14,Alto
2015,3,2015-03-01,Norte,TO,Palmas,Trem,1775370,91.7,73.0,32.3,9935.35,6.78,Crítico
2015,3,2015-03-01,Nordeste,BA,Salvador,Metrô,429308,30.8,64.4,18.6,4818.57,6.77,Médio
2015,3,2015-03-01,Nordeste,BA,Feira de Santana,Trem,1988798,58.5,47.4,15.9,39677.74,4.45,Crítico
2015,3,2015-03-01,Nordeste,PE,Recife,BRT,1099443,83.7,27.7,20.6,37420.84,5.39,Baixo
2015,3,2015-03-01,Nordeste,PE,Jaboatão dos Guararapes,Ônibus,1991399,29.3,45.0,30.2,34360.12,6.85,Crítico
2015,3,2015-03-01,Nordeste,CE,Fortaleza,Trem,1859461,54.9,52.4,21.8,18759.94,5.67,Crítico
2015,3,2015-03-01,Nordeste,CE,Juazeiro do Norte,Ônibus,1925136,57.5,41.4,21.6,16855.51,5.87,Baixo
2015,3,2015-03-01,Nordeste,MA,São Luís,Metrô,151741,69.3,101.0,21.5,17884.16,4.47,Crítico
2015,3,2015-03-01,Nordeste,PB,João Pessoa,Metrô,1473164,83.7,89.4,25.3,17742.99,4.84,Baixo
2015,3,2015-03-01,Centro-Oeste,DF,Brasília,Metrô,14124,35.1,36.5,54.4,41025.98,4.97,Crítico
2015,3,2015-03-01,Centro-Oeste,GO,Goiânia,Metrô,1777118,70.4,61.8,42.5,48282.58,3.55,Alto
2015,3,2015-03-01,Centro-Oeste,GO,Aparecida de Goiânia,VLT,1570154,75.6,104.6,11.5,35981.07,7.62,Crítico
2015,3,2015-03-01,Centro-Oeste,MT,Cuiabá,Metrô,1045136,47.2,73.5,8.2,9579.61,4.08,Baixo
2015,3,2015-03-01,Centro-Oeste,MS,Campo Grande,VLT,1014055,57.8,71.2,48.5,23572.46,7.32,Crítico
2015,3,2015-03-01,Sudeste,SP,São Paulo,BRT,1347143,25.8,101.6,28.9,12859.01,6.84,Baixo
2015,3,2015-03-01,Sudeste,SP,Campinas,Ônibus,621920,25.4,26.6,24.8,24364.62,4.5,Médio
2015,3,2015-03-01,Sudeste,SP,Ribeirão Preto,Metrô,201059,47.6,65.4,38.4,10925.62,6.12,Baixo
2015,3,2015-03-01,Sudeste,RJ,Rio de Janeiro,BRT,440602,40.7,62.5,32.3,2507.66,6.99,Crítico
2015,3,2015-03-01,Sudeste,RJ,Niterói,Ônibus,123945,81.9,29.9,37.9,48425.43,6.82,Baixo
2015,3,2015-03-01,Sudeste,RJ,Nova Iguaçu,Metrô,515365,40.3,103.0,8.4,11504.53,4.05,Alto
2015,3,2015-03-01,Sudeste,RJ,Petrópolis,Trem,1385901,74.5,40.3,10.8,15429.87,4.26,Crítico
2015,3,2015-03-01,Sudeste,MG,Belo Horizonte,VLT,1225921,79.9,65.4,37.3,8187.25,5.72,Baixo
2015,3,2015-03-01,Sudeste,MG,Uberlândia,Trem,1955177,55.2,52.5,44.7,27983.06,5.13,Crítico
2015,3,2015-03-01,Sudeste,MG,Juiz de Fora,Metrô,1389110,55.5,35.4,37.0,30464.87,5.95,Baixo
2015,3,2015-03-01,Sudeste,ES,Vitória,Trem,111912,37.2,78.7,25.3,35851.85,5.47,Baixo
2015,3,2015-03-01,Sudeste,ES,Vila Velha,Ônibus,237128,72.8,117.0,11.2,39848.24,6.13,Alto
2015,3,2015-03-01,Sudeste,ES,Serra,BRT,291143,94.3,75.4,34.9,43625.39,4.17,Alto
2015,3,2015-03-01,Sul,PR,Curitiba,Bicicleta,1846323,39.8,103.3,33.4,28212.07,7.36,Médio
2015,3,2015-03-01,Sul,PR,Londrina,VLT,1732029,85.9,91.7,11.5,9710.89,3.9,Baixo
2015,3,2015-03-01,Sul,SC,Florianópolis,Metrô,49143,73.1,41.2,42.0,34324.91,7.16,Alto
2015,3,2015-03-01,Sul,SC,Joinville,Metrô,31983,86.8,87.8,35.4,45867.75,5.15,Médio
2015,3,2015-03-01,Sul,RS,Porto Alegre,BRT,1633073,92.2,116.7,35.5,25540.4,3.86,Crítico
2015,3,2015-03-01,Sul,RS,Caxias do Sul,BRT,321727,93.0,117.5,36.6,49403.56,3.57,Baixo
2015,4,2015-04-01,Norte,AM,Manaus,VLT,668299,58.9,94.9,49.6,47856.11,3.54,Crítico
2015,4,2015-04-01,Norte,PA,Belém,Ônibus,260364,84.4,62.4,13.1,44141.56,5.47,Médio
2015,4,2015-04-01,Norte,PA,Santarém,Metrô,1857342,23.1,113.6,15.7,39207.89,6.69,Crítico
2015,4,2015-04-01,Norte,RO,Porto Velho,BRT,1362224,38.3,27.8,45.5,40086.94,5.43,Crítico
2015,4,2015-04-01,Norte,TO,Palmas,VLT,1943726,47.7,35.9,29.6,10019.03,6.37,Médio
2015,4,2015-04-01,Nordeste,BA,Salvador,Metrô,1980679,65.1,95.7,24.7,41188.66,4.44,Crítico
2015,4,2015-04-01,Nordeste,BA,Feira de Santana,VLT,1416845,15.5,78.4,33.1,30338.36,3.51,Médio
2015,4,2015-04-01,Nordeste,PE,Recife,VLT,1204531,18.9,36.0,32.0,44094.95,6.82,Alto
2015,4,2015-04-01,Nordeste,PE,Jaboatão dos Guararapes,VLT,1585944,49.0,83.1,44.4,7325.45,3.97,Alto
2015,4,2015-04-01,Nordeste,CE,Fortaleza,Ônibus,1242753,64.5,88.2,54.2,3992.65,4.42,Crítico
2015,4,2015-04-01,Nordeste,CE,Juazeiro do Norte,Metrô,1299027,81.9,100.2,19.0,31291.21,5.73,Médio
2015,4,2015-04-01,Nordeste,MA,São Luís,VLT,1975300,43.5,55.2,18.1,14891.37,5.44,Médio
2015,4,2015-04-01,Nordeste,PB,João Pessoa,Metrô,504367,59.6,42.4,34.2,22826.34,6.88,Médio
2015,4,2015-04-01,Centro-Oeste,DF,Brasília,Trem,756475,88.0,55.4,45.7,17265.14,6.72,Médio
2015,4,2015-04-01,Centro-Oeste,GO,Goiânia,BRT,857211,76.0,49.5,21.0,1958.13,3.51,Médio
2015,4,2015-04-01,Centro-Oeste,GO,Aparecida de Goiânia,Bicicleta,1302831,84.9,115.0,18.6,21977.89,6.83,Baixo
2015,4,2015-04-01,Centro-Oeste,MT,Cuiabá,Trem,333753,64.1,62.8,41.6,16737.61,4.91,Médio
2015,4,2015-04-01,Centro-Oeste,MS,Campo Grande,BRT,1699211,48.9,80.5,33.8,33778.29,7.12,Médio
2015,4,2015-04-01,Sudeste,SP,São Paulo,Ônibus,1073723,25.8,30.9,52.5,33737.41,7.78,Baixo
2015,4,2015-04-01,Sudeste,SP,Campinas,Bicicleta,645079,55.4,99.3,42.2,24488.86,6.49,Crítico
2015,4,2015-04-01,Sudeste,SP,Ribeirão Preto,Trem,1129764,25.3,94.2,26.7,30317.4,6.48,Alto
2015,4,2015-04-01,Sudeste,RJ,Rio de Janeiro,Metrô,493999,22.8,46.8,32.2,6886.76,7.67,Crítico
2015,4,2015-04-01,Sudeste,RJ,Niterói,BRT,1883979,83.3,105.2,11.4,37677.19,7.14,Baixo
2015,4,2015-04-01,Sudeste,RJ,Nova Iguaçu,VLT,696069,84.6,67.3,51.9,20568.48,5.71,Baixo
2015,4,2015-04-01,Sudeste,RJ,Petrópolis,VLT,364175,92.4,45.6,18.4,4112.21,6.55,Alto
2015,4,2015-04-01,Sudeste,MG,Belo Horizonte,Bicicleta,181362,31.0,96.3,11.6,33235.93,4.16,Crítico
2015,4,2015-04-01,Sudeste,MG,Uberlândia,Metrô,1266069,27.5,68.8,52.8,20484.86,5.85,Médio
2015,4,2015-04-01,Sudeste,MG,Juiz de Fora,Trem,1331806,59.6,114.6,21.3,6316.42,4.21,Baixo
2015,4,2015-04-01,Sudeste,ES,Vitória,Ônibus,718868,28.3,41.5,48.8,1021.58,3.56,Alto
2015,4,2015-04-01,Sudeste,ES,Vila Velha,Metrô,1542546,32.2,66.0,52.8,35786.75,4.71,Alto
2015,4,2015-04-01,Sudeste,ES,Serra,VLT,840480,76.3,28.6,21.0,640.43,7.4,Baixo
2015,4,2015-04-01,Sul,PR,Curitiba,BRT,555222,24.9,36.6,25.2,17443.8,4.03,Crítico
2015,4,2015-04-01,Sul,PR,Londrina,Bicicleta,337990,75.6,81.7,31.4,48206.82,5.14,Alto
2015,4,2015-04-01,Sul,SC,Florianópolis,Trem,1603672,24.4,73.3,23.4,33800.49,7.83,Crítico
2015,4,2015-04-01,Sul,SC,Joinville,Bicicleta,1303614,31.3,20.3,31.2,37894.31,5.23,Alto
2015,4,2015-04-01,Sul,RS,Porto Alegre,Metrô,251475,51.9,53.3,21.7,29882.94,7.81,Médio
2015,4,2015-04-01,Sul,RS,Caxias do Sul,Trem,34989,35.5,84.9,52.0,10100.83,5.24,Médio
2015,5,2015-05-01,Norte,AM,Manaus,Metrô,830204,28.9,78.2,41.7,17398.72,7.33,Alto
2015,5,2015-05-01,Norte,PA,Belém,VLT,1953754,36.2,64.4,48.6,8726.93,4.46,Crítico
2015,5,2015-05-01,Norte,PA,Santarém,Ônibus,1572137,52.7,78.0,44.7,28335.73,7.95,Médio
2015,5,2015-05-01,Norte,RO,Porto Velho,Trem,1866283,19.0,62.1,36.4,8111.99,6.25,Crítico
2015,5,2015-05-01,Norte,TO,Palmas,Trem,608600,80.6,65.2,46.3,34579.47,5.86,Médio
2015,5,2015-05-01,Nordeste,BA,Salvador,BRT,445830,79.6,94.7,16.6,17338.21,6.7,Baixo
2015,5,2015-05-01,Nordeste,BA,Feira de Santana,BRT,1034919,51.4,82.2,53.9,14092.13,7.95,Médio
2015,5,2015-05-01,Nordeste,PE,Recife,Ônibus,382422,93.1,106.6,23.5,29347.64,5.97,Baixo
2015,5,2015-05-01,Nordeste,PE,Jaboatão dos Guararapes,Trem,1158771,69.8,100.4,25.3,27933.69,5.85,Médio
2015,5,2015-05-01,Nordeste,CE,Fortaleza,Trem,572864,84.5,67.6,29.0,25020.13,7.69,Médio
2015,5,2015-05-01,Nordeste,CE,Juazeiro do Norte,Ônibus,801677,15.3,44.1,54.4,46604.5,5.18,Alto
2015,5,2015-05-01,Nordeste,MA,São Luís,VLT,1519509,48.4,36.8,31.8,36206.08,3.59,Crítico
2015,5,2015-05-01,Nordeste,PB,João Pessoa,Bicicleta,1630721,92.5,111.1,14.1,11156.29,4.21,Baixo
2015,5,2015-05-01,Centro-Oeste,DF,Brasília,Metrô,1309393,31.2,51.7,28.2,12442.56,4.61,Alto
2015,5,2015-05-01,Centro-Oeste,GO,Goiânia,VLT,976465,53.4,85.9,25.3,4308.94,6.17,Crítico
2015,5,2015-05-01,Centro-Oeste,GO,Aparecida de Goiânia,Metrô,1259084,57.2,34.0,12.4,27300.27,5.76,Baixo
2015,5,2015-05-01,Centro-Oeste,MT,Cuiabá,BRT,1453999,46.4,20.8,13.0,21443.38,6.48,Baixo
2015,5,2015-05-01,Centro-Oeste,MS,Campo Grande,Bicicleta,1092656,40.4,43.9,54.8,17933.49,7.76,Baixo
2015,5,2015-05-01,Sudeste,SP,São Paulo,Bicicleta,282932,61.5,21.9,10.6,7094.03,6.27,Crítico
2015,5,2015-05-01,Sudeste,SP,Campinas,Metrô,850348,41.4,75.2,45.6,19941.56,5.48,Crítico
2015,5,2015-05-01,Sudeste,SP,Ribeirão Preto,Ônibus,788986,69.4,112.1,23.8,1470.51,6.85,Médio
2015,5,2015-05-01,Sudeste,RJ,Rio de Janeiro,BRT,1730692,85.5,86.5,34.1,30680.32,6.0,Médio
2015,5,2015-05-01,Sudeste,RJ,Niterói,Metrô,748074,56.3,36.7,52.4,8911.09,4.73,Médio
2015,5,2015-05-01,Sudeste,RJ,Nova Iguaçu,Bicicleta,282850,26.5,33.3,49.0,45119.01,3.94,Alto
2015,5,2015-05-01,Sudeste,RJ,Petrópolis,Trem,307854,94.0,101.7,50.9,14937.42,6.56,Crítico
2015,5,2015-05-01,Sudeste,MG,Belo Horizonte,BRT,894268,40.3,94.9,38.6,19723.12,7.24,Alto
2015,5,2015-05-01,Sudeste,MG,Uberlândia,Bicicleta,210285,67.0,107.1,14.5,21046.22,3.81,Crítico
2015,5,2015-05-01,Sudeste,MG,Juiz de Fora,Trem,1124934,45.9,94.0,18.2,37673.26,4.15,Baixo
2015,5,2015-05-01,Sudeste,ES,Vitória,Trem,1126208,74.0,116.5,46.9,43706.09,7.92,Alto
2015,5,2015-05-01,Sudeste,ES,Vila Velha,BRT,1005968,65.6,73.9,54.6,16406.49,6.27,Médio
2015,5,2015-05-01,Sudeste,ES,Serra,Bicicleta,1756287,67.7,66.2,52.2,20821.92,4.28,Médio
2015,5,2015-05-01,Sul,PR,Curitiba,BRT,636437,36.0,28.7,13.0,43979.78,4.98,Médio
2015,5,2015-05-01,Sul,PR,Londrina,Bicicleta,1413691,45.6,46.8,55.0,37095.81,5.64,Alto
2015,5,2015-05-01,Sul,SC,Florianópolis,Ônibus,904406,58.3,39.5,36.9,20890.82,5.28,Crítico
2015,5,2015-05-01,Sul,SC,Joinville,Ônibus,1197977,27.1,27.8,19.2,11656.58,4.31,Alto
2015,5,2015-05-01,Sul,RS,Porto Alegre,Trem,1822048,94.7,38.6,9.4,788.32,4.5,Baixo
2015,5,2015-05-01,Sul,RS,Caxias do Sul,Ônibus,148017,79.4,81.2,50.5,403.56,4.54,Médio
2015,6,2015-06-01,Norte,AM,Manaus,Bicicleta,359423,48.2,44.5,45.1,1051.08,5.21,Crítico
2015,6,2015-06-01,Norte,PA,Belém,Ônibus,1904509,48.4,116.5,17.7,41107.93,4.21,Baixo
2015,6,2015-06-01,Norte,PA,Santarém,Ônibus,1381568,24.7,96.1,54.4,7118.23,4.55,Baixo
2015,6,2015-06-01,Norte,RO,Porto Velho,Trem,1223719,84.9,79.0,36.1,4164.67,7.66,Crítico
2015,6,2015-06-01,Norte,TO,Palmas,Ônibus,1715170,60.2,91.4,42.7,6773.46,6.14,Alto
2015,6,2015-06-01,Nordeste,BA,Salvador,VLT,1283909,35.7,59.2,46.2,17113.12,7.73,Alto
2015,6,2015-06-01,Nordeste,BA,Feira de Santana,BRT,1346729,60.6,77.0,43.3,36487.14,3.85,Baixo
2015,6,2015-06-01,Nordeste,PE,Recife,Metrô,1944567,79.6,30.3,45.4,34338.83,5.32,Crítico
2015,6,2015-06-01,Nordeste,PE,Jaboatão dos Guararapes,VLT,771350,63.4,80.0,10.2,43823.44,4.56,Alto
2015,6,2015-06-01,Nordeste,CE,Fortaleza,Metrô,1212276,24.0,32.4,9.1,7986.47,4.71,Baixo
2015,6,2015-06-01,Nordeste,CE,Juazeiro do Norte,VLT,1445972,56.9,77.0,29.1,24250.41,5.98,Alto
2015,6,2015-06-01,Nordeste,MA,São Luís,Bicicleta,694793,44.4,49.0,28.1,32267.62,3.58,Médio
2015,6,2015-06-01,Nordeste,PB,João Pessoa,Metrô,1716722,21.8,68.3,47.0,16112.04,5.14,Baixo
2015,6,2015-06-01,Centro-Oeste,DF,Brasília,BRT,1824550,47.6,50.8,14.4,47233.68,6.42,Médio
2015,6,2015-06-01,Centro-Oeste,GO,Goiânia,VLT,1584504,36.1,100.2,13.7,46165.83,6.52,Crítico
2015,6,2015-06-01,Centro-Oeste,GO,Aparecida de Goiânia,VLT,1335079,53.4,23.7,43.0,24828.86,5.94,Alto
2015,6,2015-06-01,Centro-Oeste,MT,Cuiabá,BRT,1619485,23.9,56.2,35.6,44819.98,6.13,Alto
2015,6,2015-06-01,Centro-Oeste,MS,Campo Grande,BRT,1105619,25.0,90.0,55.0,34547.41,4.55,Alto
2015,6,2015-06-01,Sudeste,SP,São Paulo,Trem,1870281,34.4,100.5,51.5,14367.32,6.65,Médio
2015,6,2015-06-01,Sudeste,SP,Campinas,Ônibus,1705690,55.4,50.7,14.8,46558.38,5.13,Alto
2015,6,2015-06-01,Sudeste,SP,Ribeirão Preto,Ônibus,899103,39.0,108.9,17.1,4671.01,5.13,Médio
2015,6,2015-06-01,Sudeste,RJ,Rio de Janeiro,VLT,1206194,15.6,67.8,47.3,35901.19,6.99,Baixo
2015,6,2015-06-01,Sudeste,RJ,Niterói,Bicicleta,1210155,44.0,21.1,48.0,17705.08,5.03,Alto
2015,6,2015-06-01,Sudeste,RJ,Nova Iguaçu,Trem,1250388,19.8,41.7,37.6,32830.38,4.87,Alto
2015,6,2015-06-01,Sudeste,RJ,Petrópolis,VLT,1085703,52.6,119.3,26.1,20214.55,5.16,Crítico
2015,6,2015-06-01,Sudeste,MG,Belo Horizonte,BRT,231337,35.0,82.3,37.9,44102.3,5.76,Médio
2015,6,2015-06-01,Sudeste,MG,Uberlândia,BRT,183231,92.2,47.0,35.5,9570.36,5.29,Alto
2015,6,2015-06-01,Sudeste,MG,Juiz de Fora,Trem,1065790,49.7,37.2,39.2,44679.43,5.8,Baixo
2015,6,2015-06-01,Sudeste,ES,Vitória,Metrô,1749595,18.0,86.3,49.1,35537.95,7.31,Baixo
2015,6,2015-06-01,Sudeste,ES,Vila Velha,VLT,1532875,44.4,71.9,22.9,15203.0,7.33,Alto
2015,6,2015-06-01,Sudeste,ES,Serra,Bicicleta,390853,58.5,29.3,37.9,33040.07,6.63,Médio
2015,6,2015-06-01,Sul,PR,Curitiba,Trem,759139,70.0,99.9,50.4,46414.36,6.76,Baixo
2015,6,2015-06-01,Sul,PR,Londrina,BRT,1688626,42.0,51.6,11.4,3884.35,3.62,Médio
2015,6,2015-06-01,Sul,SC,Florianópolis,Bicicleta,905992,44.1,77.4,26.4,34084.96,5.27,Crítico
2015,6,2015-06-01,Sul,SC,Joinville,VLT,1810912,71.2,64.4,34.5,24499.51,7.86,Baixo
2015,6,2015-06-01,Sul,RS,Porto Alegre,BRT,1448614,74.9,38.3,42.1,19088.27,4.83,Médio
2015,6,2015-06-01,Sul,RS,Caxias do Sul,VLT,751047,48.3,82.3,9.8,48726.7,5.88,Médio
2015,7,2015-07-01,Norte,AM,Manaus,Metrô,584877,41.3,85.9,17.2,49724.33,5.59,Crítico
2015,7,2015-07-01,Norte,PA,Belém,Bicicleta,212948,61.7,89.3,41.4,7396.36,5.06,Alto
2015,7,2015-07-01,Norte,PA,Santarém,VLT,1952092,77.0,111.9,31.6,48371.22,3.8,Baixo
2015,7,2015-07-01,Norte,RO,Porto Velho,Ônibus,364498,15.9,105.5,22.8,46046.25,5.03,Crítico
2015,7,2015-07-01,Norte,TO,Palmas,Bicicleta,653691,16.5,101.2,15.1,21234.6,7.5,Crítico
2015,7,2015-07-01,Nordeste,BA,Salvador,BRT,311837,45.6,100.2,41.8,32190.56,7.55,Alto
2015,7,2015-07-01,Nordeste,BA,Feira de Santana,VLT,1236942,76.9,60.9,28.6,39213.45,5.44,Crítico
2015,7,2015-07-01,Nordeste,PE,Recife,Bicicleta,1377797,44.1,71.4,23.5,47400.39,6.65,Alto
2015,7,2015-07-01,Nordeste,PE,Jaboatão dos Guararapes,BRT,1180872,90.0,46.6,8.2,43743.13,3.77,Baixo
2015,7,2015-07-01,Nordeste,CE,Fortaleza,BRT,1431225,88.9,29.1,27.2,32192.32,4.69,Crítico
2015,7,2015-07-01,Nordeste,CE,Juazeiro do Norte,Bicicleta,1069487,54.8,48.6,26.1,17900.74,5.71,Médio
2015,7,2015-07-01,Nordeste,MA,São Luís,Ônibus,711287,16.1,70.9,52.2,15530.27,6.36,Baixo
2015,7,2015-07-01,Nordeste,PB,João Pessoa,BRT,46164,44.7,86.5,9.1,12749.49,7.48,Baixo
2015,7,2015-07-01,Centro-Oeste,DF,Brasília,VLT,1537301,37.7,111.7,17.9,37952.69,4.52,Alto
2015,7,2015-07-01,Centro-Oeste,GO,Goiânia,VLT,1158142,93.2,117.0,35.2,45183.99,6.07,Médio
2015,7,2015-07-01,Centro-Oeste,GO,Aparecida de Goiânia,Trem,1903440,48.5,83.7,18.3,43145.44,4.66,Médio
2015,7,2015-07-01,Centro-Oeste,MT,Cuiabá,Bicicleta,1671762,88.8,56.1,44.5,44108.36,6.87,Baixo
2015,7,2015-07-01,Centro-Oeste,MS,Campo Grande,Metrô,743464,15.1,68.2,17.6,23412.75,5.34,Baixo
2015,7,2015-07-01,Sudeste,SP,São Paulo,Bicicleta,1976546,43.6,114.8,45.6,41520.34,3.96,Alto
2015,7,2015-07-01,Sudeste,SP,Campinas,VLT,1694610,35.0,58.4,48.0,380.3,3.82,Baixo
2015,7,2015-07-01,Sudeste,SP,Ribeirão Preto,VLT,704787,74.5,68.2,28.7,38355.02,5.0,Baixo
2015,7,2015-07-01,Sudeste,RJ,Rio de Janeiro,BRT,1760233,42.4,43.5,22.4,4730.65,6.62,Alto
2015,7,2015-07-01,Sudeste,RJ,Niterói,VLT,913846,38.7,82.1,47.9,32951.56,5.24,Baixo
2015,7,2015-07-01,Sudeste,RJ,Nova Iguaçu,Trem,1743442,82.9,109.5,40.5,34932.79,4.53,Crítico
2015,7,2015-07-01,Sudeste,RJ,Petrópolis,Ônibus,1026443,90.1,86.5,46.8,1701.16,3.87,Crítico
2015,7,2015-07-01,Sudeste,MG,Belo Horizonte,Ônibus,551519,54.5,31.3,22.9,9405.92,6.0,Baixo
2015,7,2015-07-01,Sudeste,MG,Uberlândia,BRT,858131,86.4,98.3,9.7,18400.44,4.83,Baixo
2015,7,2015-07-01,Sudeste,MG,Juiz de Fora,Ônibus,1329470,62.4,56.0,43.4,16240.16,4.31,Crítico
2015,7,2015-07-01,Sudeste,ES,Vitória,Metrô,205765,49.1,51.8,10.0,21302.89,7.12,Alto
2015,7,2015-07-01,Sudeste,ES,Vila Velha,Metrô,899417,55.0,47.7,51.0,38804.52,3.62,Médio
2015,7,2015-07-01,Sudeste,ES,Serra,BRT,870138,73.3,95.1,24.2,11313.69,6.76,Crítico
2015,7,2015-07-01,Sul,PR,Curitiba,BRT,1229871,24.2,29.5,31.5,37003.47,4.34,Médio
2015,7,2015-07-01,Sul,PR,Londrina,Bicicleta,822348,57.4,71.0,39.7,38139.02,4.48,Médio
2015,7,2015-07-01,Sul,SC,Florianópolis,Trem,280360,60.5,46.6,35.5,2909.21,4.43,Médio
2015,7,2015-07-01,Sul,SC,Joinville,Ônibus,1860891,86.9,64.9,9.2,47039.17,5.0,Baixo
2015,7,2015-07-01,Sul,RS,Porto Alegre,Bicicleta,1419008,54.9,21.0,39.6,2102.25,3.75,Baixo
2015,7,2015-07-01,Sul,RS,Caxias do Sul,BRT,1968922,38.5,44.8,35.2,17815.74,3.88,Médio
2015,8,2015-08-01,Norte,AM,Manaus,Metrô,575047,57.0,84.0,25.4,32247.96,4.57,Médio
2015,8,2015-08-01,Norte,PA,Belém,Metrô,1630506,69.1,77.3,36.9,28603.97,7.34,Alto
2015,8,2015-08-01,Norte,PA,Santarém,Ônibus,97667,59.0,90.4,41.7,8582.34,6.32,Alto
2015,8,2015-08-01,Norte,RO,Porto Velho,VLT,315553,31.1,88.5,29.3,31966.24,5.26,Crítico
2015,8,2015-08-01,Norte,TO,Palmas,Trem,944752,48.3,66.8,51.3,31313.6,7.85,Crítico
2015,8,2015-08-01,Nordeste,BA,Salvador,Bicicleta,720275,22.7,68.6,50.6,29297.84,5.04,Alto
2015,8,2015-08-01,Nordeste,BA,Feira de Santana,BRT,1169473,44.6,36.5,40.4,27582.69,6.67,Crítico
2015,8,2015-08-01,Nordeste,PE,Recife,Ônibus,438709,91.1,110.2,16.8,14395.83,7.63,Médio
2015,8,2015-08-01,Nordeste,PE,Jaboatão dos Guararapes,BRT,1074130,25.8,84.9,13.9,10857.81,4.21,Alto
2015,8,2015-08-01,Nordeste,CE,Fortaleza,Metrô,1934755,73.0,95.4,38.0,31632.37,7.17,Crítico
2015,8,2015-08-01,Nordeste,CE,Juazeiro do Norte,BRT,984136,53.8,26.9,37.5,37886.62,6.31,Alto
2015,8,2015-08-01,Nordeste,MA,São Luís,Metrô,657323,72.9,52.4,20.7,3401.69,4.02,Médio
2015,8,2015-08-01,Nordeste,PB,João Pessoa,VLT,1151867,75.6,112.8,42.8,39209.14,3.58,Médio
2015,8,2015-08-01,Centro-Oeste,DF,Brasília,Trem,1315550,40.4,90.7,22.9,40450.2,4.71,Médio
2015,8,2015-08-01,Centro-Oeste,GO,Goiânia,Metrô,1826082,80.7,33.9,18.4,47996.16,7.09,Crítico
2015,8,2015-08-01,Centro-Oeste,GO,Aparecida de Goiânia,Trem,68915,28.8,73.3,18.0,2678.72,7.29,Alto
2015,8,2015-08-01,Centro-Oeste,MT,Cuiabá,BRT,1162898,37.0,50.9,21.5,40202.47,7.8,Baixo
2015,8,2015-08-01,Centro-Oeste,MS,Campo Grande,Trem,739576,31.4,65.5,28.7,9253.54,7.08,Médio
2015,8,2015-08-01,Sudeste,SP,São Paulo,VLT,726692,72.5,56.9,18.8,20380.85,5.13,Médio
2015,8,2015-08-01,Sudeste,SP,Campinas,Trem,60333,55.0,70.9,25.1,32724.46,3.55,Baixo
2015,8,2015-08-01,Sudeste,SP,Ribeirão Preto,Metrô,253044,61.5,104.7,44.0,42390.42,3.58,Médio
2015,8,2015-08-01,Sudeste,RJ,Rio de Janeiro,Trem,1133923,48.9,41.1,14.2,26066.39,5.22,Alto
2015,8,2015-08-01,Sudeste,RJ,Niterói,Metrô,957117,53.6,96.3,35.8,49930.1,4.32,Baixo
2015,8,2015-08-01,Sudeste,RJ,Nova Iguaçu,Ônibus,885009,39.5,105.9,31.8,29632.94,4.04,Crítico
2015,8,2015-08-01,Sudeste,RJ,Petrópolis,Trem,1886836,63.7,81.8,23.8,37433.03,6.6,Médio
2015,8,2015-08-01,Sudeste,MG,Belo Horizonte,Ônibus,1146043,80.1,50.9,25.4,28329.33,7.99,Baixo
2015,8,2015-08-01,Sudeste,MG,Uberlândia,Ônibus,1832080,39.4,117.2,15.3,1791.43,6.55,Crítico
2015,8,2015-08-01,Sudeste,MG,Juiz de Fora,Bicicleta,226050,49.6,25.9,8.1,28002.96,7.1,Crítico
2015,8,2015-08-01,Sudeste,ES,Vitória,BRT,167242,42.4,54.3,27.4,14672.37,5.9,Crítico
2015,8,2015-08-01,Sudeste,ES,Vila Velha,Bicicleta,1913673,26.1,94.3,15.3,16239.11,7.47,Médio
2015,8,2015-08-01,Sudeste,ES,Serra,Bicicleta,635094,61.6,92.5,50.9,40799.96,7.85,Alto
2015,8,2015-08-01,Sul,PR,Curitiba,Bicicleta,1905576,76.8,85.8,27.4,9947.33,3.72,Médio
2015,8,2015-08-01,Sul,PR,Londrina,VLT,1015129,68.9,98.9,13.3,3270.68,6.02,Médio
2015,8,2015-08-01,Sul,SC,Florianópolis,Metrô,1269932,85.5,35.5,9.5,16614.4,4.58,Baixo
2015,8,2015-08-01,Sul,SC,Joinville,Bicicleta,972998,60.2,107.7,9.3,10913.97,6.42,Alto
2015,8,2015-08-01,Sul,RS,Porto Alegre,Ônibus,1130917,79.1,23.4,43.5,27280.5,4.8,Baixo
2015,8,2015-08-01,Sul,RS,Caxias do Sul,BRT,370535,91.0,30.1,23.9,30120.01,6.16,Médio
2015,9,2015-09-01,Norte,AM,Manaus,BRT,1108468,61.0,118.6,39.3,37484.57,6.94,Alto
2015,9,2015-09-01,Norte,PA,Belém,VLT,755861,18.1,27.5,39.1,34888.7,6.66,Crítico
2015,9,2015-09-01,Norte,PA,Santarém,Bicicleta,1558430,76.9,68.0,19.8,11492.45,4.37,Médio
2015,9,2015-09-01,Norte,RO,Porto Velho,Trem,1745893,71.8,44.6,50.0,30029.52,4.48,Baixo
2015,9,2015-09-01,Norte,TO,Palmas,Metrô,1929176,27.7,32.0,52.3,19466.73,6.41,Alto
2015,9,2015-09-01,Nordeste,BA,Salvador,Trem,282964,33.2,48.0,21.4,5178.89,4.51,Crítico
2015,9,2015-09-01,Nordeste,BA,Feira de Santana,Metrô,1302283,22.1,22.9,40.4,14403.42,7.29,Médio
2015,9,2015-09-01,Nordeste,PE,Recife,Trem,765429,87.9,110.4,33.9,3129.52,6.18,Alto
2015,9,2015-09-01,Nordeste,PE,Jaboatão dos Guararapes,Trem,111895,62.9,99.4,43.4,9719.92,5.65,Alto
2015,9,2015-09-01,Nordeste,CE,Fortaleza,Metrô,115160,81.4,44.3,31.5,30623.2,7.47,Crítico
2015,9,2015-09-01,Nordeste,CE,Juazeiro do Norte,VLT,88313,40.5,74.4,47.0,41317.56,3.83,Médio
2015,9,2015-09-01,Nordeste,MA,São Luís,VLT,1639124,60.2,93.4,49.0,2296.12,6.31,Médio
2015,9,2015-09-01,Nordeste,PB,João Pessoa,VLT,986755,26.5,30.9,36.0,20891.19,5.53,Alto
2015,9,2015-09-01,Centro-Oeste,DF,Brasília,Trem,157791,45.9,57.8,51.9,18803.63,5.15,Médio
2015,9,2015-09-01,Centro-Oeste,GO,Goiânia,VLT,1838026,52.7,77.8,35.3,26030.77,5.78,Alto
2015,9,2015-09-01,Centro-Oeste,GO,Aparecida de Goiânia,Ônibus,1784307,85.4,117.3,11.2,6673.88,7.09,Médio
2015,9,2015-09-01,Centro-Oeste,MT,Cuiabá,VLT,237010,46.5,22.3,37.1,26361.71,4.55,Alto
2015,9,2015-09-01,Centro-Oeste,MS,Campo Grande,Bicicleta,982352,55.7,62.7,48.7,3907.24,5.15,Médio
2015,9,2015-09-01,Sudeste,SP,São Paulo,Ônibus,1733332,87.5,86.6,44.4,41062.51,7.24,Médio
2015,9,2015-09-01,Sudeste,SP,Campinas,Bicicleta,1417560,31.1,33.9,22.9,9280.86,5.95,Alto
2015,9,2015-09-01,Sudeste,SP,Ribeirão Preto,Trem,801196,71.3,27.4,44.0,38764.75,5.05,Alto
2015,9,2015-09-01,Sudeste,RJ,Rio de Janeiro,BRT,1901283,89.0,52.1,15.9,202.87,5.56,Alto
2015,9,2015-09-01,Sudeste,RJ,Niterói,Bicicleta,1867478,57.1,35.5,33.3,28017.02,4.8,Médio
2015,9,2015-09-01,Sudeste,RJ,Nova Iguaçu,Trem,491353,88.7,86.5,29.7,42596.59,4.89,Crítico
2015,9,2015-09-01,Sudeste,RJ,Petrópolis,Ônibus,1325237,23.0,83.7,17.5,20309.09,7.55,Médio
2015,9,2015-09-01,Sudeste,MG,Belo Horizonte,Metrô,250716,75.8,64.6,52.7,27166.93,6.97,Alto
2015,9,2015-09-01,Sudeste,MG,Uberlândia,BRT,460860,52.5,91.9,22.4,36126.12,5.23,Crítico
2015,9,2015-09-01,Sudeste,MG,Juiz de Fora,BRT,1306215,42.1,87.0,20.1,10380.27,6.1,Baixo
2015,9,2015-09-01,Sudeste,ES,Vitória,BRT,374321,54.1,111.6,23.5,20047.41,6.73,Alto
2015,9,2015-09-01,Sudeste,ES,Vila Velha,Ônibus,143744,45.0,44.3,21.3,40577.35,7.57,Baixo
2015,9,2015-09-01,Sudeste,ES,Serra,BRT,1180228,83.3,28.5,33.7,27123.15,5.56,Crítico
2015,9,2015-09-01,Sul,PR,Curitiba,BRT,313190,46.8,66.9,43.8,22346.68,6.6,Crítico
2015,9,2015-09-01,Sul,PR,Londrina,Metrô,806358,59.2,62.1,51.3,39772.99,4.89,Baixo
2015,9,2015-09-01,Sul,SC,Florianópolis,BRT,1734396,45.3,63.8,27.6,37829.29,6.26,Crítico
2015,9,2015-09-01,Sul,SC,Joinville,Bicicleta,492729,24.5,92.2,14.3,19786.9,7.05,Alto
2015,9,2015-09-01,Sul,RS,Porto Alegre,Bicicleta,1700282,84.6,29.6,21.9,49130.66,6.66,Baixo
2015,9,2015-09-01,Sul,RS,Caxias do Sul,Bicicleta,1204508,34.9,39.6,30.5,17939.01,5.94,Crítico
2015,10,2015-10-01,Norte,AM,Manaus,Metrô,1201861,31.8,76.8,36.2,366.1,5.99,Médio
2015,10,2015-10-01,Norte,PA,Belém,Ônibus,461905,88.2,96.6,22.2,33827.03,3.5,Crítico
2015,10,2015-10-01,Norte,PA,Santarém,Trem,1283768,36.2,95.4,18.8,15427.33,7.16,Crítico
2015,10,2015-10-01,Norte,RO,Porto Velho,Bicicleta,986161,73.8,29.6,15.7,35413.79,4.55,Alto
2015,10,2015-10-01,Norte,TO,Palmas,Bicicleta,1062206,50.3,35.5,47.8,23665.62,5.43,Médio
2015,10,2015-10-01,Nordeste,BA,Salvador,Trem,1729130,38.6,110.0,12.8,13882.57,6.12,Crítico
2015,10,2015-10-01,Nordeste,BA,Feira de Santana,Trem,576126,43.8,60.3,40.6,40944.61,4.02,Alto
2015,10,2015-10-01,Nordeste,PE,Recife,Ônibus,96682,39.3,37.6,12.4,33114.05,7.33,Baixo
2015,10,2015-10-01,Nordeste,PE,Jaboatão dos Guararapes,BRT,1011414,92.3,73.9,40.0,2340.85,6.26,Médio
2015,10,2015-10-01,Nordeste,CE,Fortaleza,Bicicleta,774084,43.7,44.5,11.2,17608.1,5.01,Baixo
2015,10,2015-10-01,Nordeste,CE,Juazeiro do Norte,Metrô,225025,73.6,74.6,32.2,26251.3,4.15,Crítico
2015,10,2015-10-01,Nordeste,MA,São Luís,VLT,1914692,46.1,39.0,46.2,44042.96,4.87,Baixo
2015,10,2015-10-01,Nordeste,PB,João Pessoa,Bicicleta,879141,32.5,43.4,21.1,8893.87,6.81,Alto
2015,10,2015-10-01,Centro-Oeste,DF,Brasília,Bicicleta,1832087,20.3,117.4,21.9,35325.21,7.95,Alto
2015,10,2015-10-01,Centro-Oeste,GO,Goiânia,Bicicleta,1372100,80.6,105.5,53.8,32991.42,6.72,Alto
2015,10,2015-10-01,Centro-Oeste,GO,Aparecida de Goiânia,Bicicleta,1628506,22.2,112.3,14.6,12002.05,7.52,Médio
2015,10,2015-10-01,Centro-Oeste,MT,Cuiabá,Metrô,216060,47.8,86.6,17.5,34973.55,4.24,Médio
2015,10,2015-10-01,Centro-Oeste,MS,Campo Grande,Trem,1124125,78.0,102.0,34.3,18809.18,6.44,Médio
2015,10,2015-10-01,Sudeste,SP,São Paulo,Bicicleta,33043,39.3,56.2,46.5,49133.53,4.38,Alto
2015,10,2015-10-01,Sudeste,SP,Campinas,Ônibus,681371,31.3,38.6,49.6,17484.72,5.45,Crítico
2015,10,2015-10-01,Sudeste,SP,Ribeirão Preto,BRT,997979,91.1,57.9,9.8,30252.83,5.48,Crítico
2015,10,2015-10-01,Sudeste,RJ,Rio de Janeiro,Trem,1158803,80.3,72.9,47.9,28488.95,5.38,Médio
2015,10,2015-10-01,Sudeste,RJ,Niterói,Metrô,815234,64.5,94.3,52.2,27301.13,5.52,Alto
2015,10,2015-10-01,Sudeste,RJ,Nova Iguaçu,BRT,14478,70.7,93.6,10.2,9509.35,6.5,Alto
2015,10,2015-10-01,Sudeste,RJ,Petrópolis,BRT,1995081,31.0,62.5,11.9,27055.84,3.74,Crítico
2015,10,2015-10-01,Sudeste,MG,Belo Horizonte,Trem,1848018,84.7,54.3,14.1,96.51,4.56,Crítico
2015,10,2015-10-01,Sudeste,MG,Uberlândia,Bicicleta,712311,68.9,81.2,43.8,26631.28,3.7,Crítico
2015,10,2015-10-01,Sudeste,MG,Juiz de Fora,Metrô,1973265,52.4,60.6,36.4,30984.62,6.47,Crítico
2015,10,2015-10-01,Sudeste,ES,Vitória,Metrô,792233,82.6,104.6,10.5,13754.27,4.41,Baixo
2015,10,2015-10-01,Sudeste,ES,Vila Velha,Bicicleta,1794872,69.9,116.4,24.9,834.04,4.15,Crítico
2015,10,2015-10-01,Sudeste,ES,Serra,VLT,1188096,17.4,111.8,31.0,12735.06,5.37,Crítico
2015,10,2015-10-01,Sul,PR,Curitiba,Ônibus,1177788,28.4,73.1,47.1,47929.03,4.02,Médio
2015,10,2015-10-01,Sul,PR,Londrina,Trem,1671840,89.0,30.4,9.5,39893.79,4.36,Crítico
2015,10,2015-10-01,Sul,SC,Florianópolis,VLT,1372483,20.6,55.3,48.0,47850.01,5.41,Alto
2015,10,2015-10-01,Sul,SC,Joinville,BRT,1309069,73.5,48.6,9.3,47193.1,6.03,Baixo
2015,10,2015-10-01,Sul,RS,Porto Alegre,BRT,1679041,88.7,58.1,10.7,13209.36,7.57,Médio
2015,10,2015-10-01,Sul,RS,Caxias do Sul,VLT,331196,79.2,89.5,46.7,25415.94,6.8,Baixo
2015,11,2015-11-01,Norte,AM,Manaus,BRT,752405,44.7,104.0,52.3,13068.91,7.21,Crítico
2015,11,2015-11-01,Norte,PA,Belém,VLT,1048595,84.5,39.0,52.7,27175.66,6.85,Crítico
2015,11,2015-11-01,Norte,PA,Santarém,Metrô,948571,75.0,102.5,31.3,2692.08,7.4,Crítico
2015,11,2015-11-01,Norte,RO,Porto Velho,Bicicleta,225286,33.9,96.4,21.9,5654.48,4.01,Crítico
2015,11,2015-11-01,Norte,TO,Palmas,BRT,1496087,54.2,32.2,49.5,49430.16,7.4,Médio
2015,11,2015-11-01,Nordeste,BA,Salvador,BRT,1060265,31.6,112.4,15.1,19329.49,7.38,Alto
2015,11,2015-11-01,Nordeste,BA,Feira de Santana,Metrô,26226,36.7,112.6,24.8,294.38,7.99,Crítico
2015,11,2015-11-01,Nordeste,PE,Recife,Ônibus,731763,91.6,61.5,51.4,43079.44,6.72,Crítico
2015,11,2015-11-01,Nordeste,PE,Jaboatão dos Guararapes,Bicicleta,881131,44.6,95.9,24.0,49282.9,5.29,Baixo
2015,11,2015-11-01,Nordeste,CE,Fortaleza,Bicicleta,1300118,87.3,105.2,34.5,40659.94,7.04,Médio
2015,11,2015-11-01,Nordeste,CE,Juazeiro do Norte,VLT,277128,46.5,20.2,28.0,5645.13,3.84,Alto
2015,11,2015-11-01,Nordeste,MA,São Luís,BRT,1924416,93.0,37.9,46.8,3388.4,4.58,Crítico
2015,11,2015-11-01,Nordeste,PB,João Pessoa,Metrô,1091155,19.4,60.1,20.3,30965.57,6.56,Crítico
2015,11,2015-11-01,Centro-Oeste,DF,Brasília,VLT,1499003,20.3,117.6,16.6,27866.62,4.38,Crítico
2015,11,2015-11-01,Centro-Oeste,GO,Goiânia,Trem,1239050,39.1,38.9,18.0,9098.37,5.99,Médio
2015,11,2015-11-01,Centro-Oeste,GO,Aparecida de Goiânia,Ônibus,720208,24.1,43.0,18.8,22958.76,6.32,Baixo
2015,11,2015-11-01,Centro-Oeste,MT,Cuiabá,Metrô,484463,28.9,113.8,37.0,23731.87,4.49,Crítico
2015,11,2015-11-01,Centro-Oeste,MS,Campo Grande,Bicicleta,1283914,91.5,21.3,40.9,10026.93,5.05,Crítico
2015,11,2015-11-01,Sudeste,SP,São Paulo,Metrô,643336,62.4,108.5,39.6,9898.56,6.06,Baixo
2015,11,2015-11-01,Sudeste,SP,Campinas,Trem,78628,39.3,76.5,25.3,39148.31,6.32,Médio
2015,11,2015-11-01,Sudeste,SP,Ribeirão Preto,Ônibus,604930,42.9,86.6,41.2,40337.59,7.1,Crítico
2015,11,2015-11-01,Sudeste,RJ,Rio de Janeiro,BRT,355727,74.8,106.6,52.2,41848.17,7.85,Médio
2015,11,2015-11-01,Sudeste,RJ,Niterói,Bicicleta,1260439,61.6,32.7,17.3,32661.02,7.15,Crítico
2015,11,2015-11-01,Sudeste,RJ,Nova Iguaçu,Bicicleta,1838019,59.1,57.4,37.0,26803.21,6.44,Médio
2015,11,2015-11-01,Sudeste,RJ,Petrópolis,VLT,673319,84.9,35.0,46.8,18236.51,5.75,Alto
2015,11,2015-11-01,Sudeste,MG,Belo Horizonte,Trem,330989,70.0,106.2,17.2,44184.14,6.27,Médio
2015,11,2015-11-01,Sudeste,MG,Uberlândia,Trem,1280224,24.9,24.8,47.7,7391.49,5.33,Médio
2015,11,2015-11-01,Sudeste,MG,Juiz de Fora,BRT,1350688,36.8,72.9,29.9,9933.22,5.51,Baixo
2015,11,2015-11-01,Sudeste,ES,Vitória,Bicicleta,1298688,15.4,42.6,15.6,10439.76,5.56,Baixo
2015,11,2015-11-01,Sudeste,ES,Vila Velha,Metrô,619299,52.4,79.4,22.5,15672.34,7.81,Baixo
2015,11,2015-11-01,Sudeste,ES,Serra,Bicicleta,1859443,37.2,83.1,21.2,6348.04,4.48,Alto
2015,11,2015-11-01,Sul,PR,Curitiba,BRT,1091667,39.5,62.2,10.5,8707.71,7.24,Alto
2015,11,2015-11-01,Sul,PR,Londrina,Ônibus,1931711,61.3,30.4,19.5,29321.96,5.08,Médio
2015,11,2015-11-01,Sul,SC,Florianópolis,Metrô,1424284,70.3,74.8,21.6,13404.95,5.46,Baixo
2015,11,2015-11-01,Sul,SC,Joinville,Ônibus,68873,55.2,103.0,12.5,37996.08,6.7,Baixo
2015,11,2015-11-01,Sul,RS,Porto Alegre,BRT,1220636,43.7,42.5,19.2,36856.87,6.17,Baixo
2015,11,2015-11-01,Sul,RS,Caxias do Sul,Bicicleta,1471409,71.1,93.3,9.0,44017.14,6.62,Crítico
2015,12,2015-12-01,Norte,AM,Manaus,Bicicleta,1324244,35.6,97.6,41.9,21921.49,5.23,Médio
2015,12,2015-12-01,Norte,PA,Belém,VLT,1101209,37.2,105.7,52.8,16648.01,5.38,Alto
2015,12,2015-12-01,Norte,PA,Santarém,Bicicleta,614626,20.9,86.3,8.4,20698.54,3.94,Crítico
2015,12,2015-12-01,Norte,RO,Porto Velho,VLT,658117,39.4,104.0,15.6,26895.39,6.98,Médio
2015,12,2015-12-01,Norte,TO,Palmas,Ônibus,114102,56.8,76.9,25.3,22960.96,5.29,Médio
2015,12,2015-12-01,Nordeste,BA,Salvador,Ônibus,1805698,33.2,25.5,53.4,29138.39,3.71,Crítico
2015,12,2015-12-01,Nordeste,BA,Feira de Santana,VLT,618346,62.4,42.8,26.9,5236.0,4.31,Médio
2015,12,2015-12-01,Nordeste,PE,Recife,Metrô,877144,71.6,27.0,55.0,18161.43,4.24,Médio
2015,12,2015-12-01,Nordeste,PE,Jaboatão dos Guararapes,Metrô,1158999,33.3,111.4,34.2,48642.23,4.96,Alto
2015,12,2015-12-01,Nordeste,CE,Fortaleza,VLT,1229202,21.4,20.8,15.2,27452.02,7.67,Médio
2015,12,2015-12-01,Nordeste,CE,Juazeiro do Norte,Metrô,961112,94.0,89.0,25.1,23466.38,5.26,Crítico
2015,12,2015-12-01,Nordeste,MA,São Luís,Bicicleta,696755,30.7,109.4,20.8,27987.37,5.81,Alto
2015,12,2015-12-01,Nordeste,PB,João Pessoa,Bicicleta,808550,54.1,96.9,44.5,24261.25,4.6,Alto
2015,12,2015-12-01,Centro-Oeste,DF,Brasília,VLT,1971160,79.5,68.5,36.3,32228.44,5.89,Médio
2015,12,2015-12-01,Centro-Oeste,GO,Goiânia,Ônibus,1745736,34.5,38.1,33.4,13672.63,7.21,Alto
2015,12,2015-12-01,Centro-Oeste,GO,Aparecida de Goiânia,Trem,45238,34.6,74.7,20.0,3697.31,5.52,Crítico
2015,12,2015-12-01,Centro-Oeste,MT,Cuiabá,Trem,450737,70.0,30.2,53.7,13294.48,3.6,Alto
2015,12,2015-12-01,Centro-Oeste,MS,Campo Grande,Metrô,1201203,30.6,58.5,51.2,44531.44,6.04,Baixo
2015,12,2015-12-01,Sudeste,SP,São Paulo,Trem,941031,43.0,41.5,12.2,39983.56,6.62,Médio
2015,12,2015-12-01,Sudeste,SP,Campinas,VLT,954138,52.9,86.7,44.1,36317.49,7.68,Médio
2015,12,2015-12-01,Sudeste,SP,Ribeirão Preto,Trem,310923,66.9,108.0,30.1,16895.12,4.0,Médio
2015,12,2015-12-01,Sudeste,RJ,Rio de Janeiro,Metrô,704468,69.6,51.8,39.1,38363.14,4.19,Baixo
2015,12,2015-12-01,Sudeste,RJ,Niterói,Bicicleta,1195654,90.4,65.1,21.0,14425.01,7.44,Crítico
2015,12,2015-12-01,Sudeste,RJ,Nova Iguaçu,Trem,1179331,31.8,48.9,50.1,25459.9,7.16,Baixo
2015,12,2015-12-01,Sudeste,RJ,Petrópolis,Metrô,457369,29.6,80.9,35.6,32810.47,5.82,Alto
2015,12,2015-12-01,Sudeste,MG,Belo Horizonte,Ônibus,355395,33.7,67.8,39.7,8453.47,4.89,Baixo
2015,12,2015-12-01,Sudeste,MG,Uberlândia,VLT,1370848,59.1,100.0,15.8,41583.92,5.35,Alto
2015,12,2015-12-01,Sudeste,MG,Juiz de Fora,Trem,1227149,38.4,97.1,29.7,42761.93,6.18,Médio
2015,12,2015-12-01,Sudeste,ES,Vitória,Trem,1750961,38.0,36.6,52.7,409.45,7.92,Baixo
2015,12,2015-12-01,Sudeste,ES,Vila Velha,Bicicleta,37865,32.7,104.6,39.8,5664.45,4.9,Médio
2015,12,2015-12-01,Sudeste,ES,Serra,Trem,63302,25.8,68.3,41.9,4770.35,6.76,Alto
2015,12,2015-12-01,Sul,PR,Curitiba,BRT,487847,47.7,73.1,47.2,2686.7,7.21,Médio
2015,12,2015-12-01,Sul,PR,Londrina,Ônibus,516931,87.1,94.6,20.6,20029.56,3.55,Alto
2015,12,2015-12-01,Sul,SC,Florianópolis,Trem,1724229,66.4,45.2,29.6,21372.59,6.08,Baixo
2015,12,2015-12-01,Sul,SC,Joinville,Trem,280007,53.1,114.6,16.9,10057.78,5.35,Alto
2015,12,2015-12-01,Sul,RS,Porto Alegre,Metrô,35025,92.3,23.6,37.6,42332.87,6.21,Médio
2015,12,2015-12-01,Sul,RS,Caxias do Sul,Trem,1167832,82.5,90.4,53.6,24312.3,6.88,Alto
2016,1,2016-01-01,Norte,AM,Manaus,VLT,1725747,90.9,47.7,55.0,5345.3,4.84,Médio
2016,1,2016-01-01,Norte,PA,Belém,Ônibus,1404418,38.8,93.7,25.1,40740.51,4.99,Médio
2016,1,2016-01-01,Norte,PA,Santarém,Metrô,1205418,54.4,53.4,9.5,15335.57,7.38,Médio
2016,1,2016-01-01,Norte,RO,Porto Velho,Trem,448582,65.5,117.0,31.3,47827.2,7.65,Crítico
2016,1,2016-01-01,Norte,TO,Palmas,BRT,44298,91.0,66.7,22.1,33691.91,7.39,Baixo
2016,1,2016-01-01,Nordeste,BA,Salvador,Bicicleta,844975,20.4,88.5,17.3,35261.57,5.59,Baixo
2016,1,2016-01-01,Nordeste,BA,Feira de Santana,Ônibus,1412031,15.7,98.3,23.4,24572.6,6.48,Médio
2016,1,2016-01-01,Nordeste,PE,Recife,Ônibus,111467,45.9,58.5,33.0,14779.37,7.53,Baixo
2016,1,2016-01-01,Nordeste,PE,Jaboatão dos Guararapes,Ônibus,340103,59.6,89.3,43.6,2337.55,4.18,Alto
2016,1,2016-01-01,Nordeste,CE,Fortaleza,BRT,1650801,56.8,27.3,43.4,10450.9,7.69,Crítico
2016,1,2016-01-01,Nordeste,CE,Juazeiro do Norte,Ônibus,1419076,57.3,92.9,47.1,705.21,3.61,Crítico
2016,1,2016-01-01,Nordeste,MA,São Luís,VLT,1518956,87.2,64.4,18.8,18409.42,6.73,Alto
2016,1,2016-01-01,Nordeste,PB,João Pessoa,BRT,33094,91.1,82.5,49.4,11178.41,7.94,Baixo
2016,1,2016-01-01,Centro-Oeste,DF,Brasília,Ônibus,1694735,61.3,30.0,42.5,9248.88,5.88,Médio
2016,1,2016-01-01,Centro-Oeste,GO,Goiânia,Trem,1646479,34.2,22.6,54.7,25144.75,4.4,Baixo
2016,1,2016-01-01,Centro-Oeste,GO,Aparecida de Goiânia,Ônibus,1708050,83.0,33.0,43.5,48319.63,3.69,Crítico
2016,1,2016-01-01,Centro-Oeste,MT,Cuiabá,BRT,433380,15.4,76.2,9.1,37792.32,3.64,Crítico
2016,1,2016-01-01,Centro-Oeste,MS,Campo Grande,Metrô,1614629,19.4,23.2,37.8,33726.31,4.63,Médio
2016,1,2016-01-01,Sudeste,SP,São Paulo,VLT,68930,36.2,69.2,49.9,11568.26,7.43,Alto
2016,1,2016-01-01,Sudeste,SP,Campinas,Bicicleta,804495,23.8,74.6,15.2,28219.78,3.66,Baixo
2016,1,2016-01-01,Sudeste,SP,Ribeirão Preto,VLT,240863,21.7,27.2,54.6,34177.23,7.23,Crítico
2016,1,2016-01-01,Sudeste,RJ,Rio de Janeiro,Ônibus,1971434,70.0,65.8,14.8,7687.43,4.03,Baixo
2016,1,2016-01-01,Sudeste,RJ,Niterói,Metrô,531681,30.4,63.2,53.5,28004.97,5.79,Baixo
2016,1,2016-01-01,Sudeste,RJ,Nova Iguaçu,BRT,947737,15.2,60.3,41.8,13413.45,7.92,Alto
2016,1,2016-01-01,Sudeste,RJ,Petrópolis,Metrô,826642,51.7,114.6,32.0,41924.8,4.59,Médio
2016,1,2016-01-01,Sudeste,MG,Belo Horizonte,Ônibus,172696,82.7,61.6,21.5,41918.38,4.88,Crítico
2016,1,2016-01-01,Sudeste,MG,Uberlândia,Metrô,264229,88.3,90.1,44.2,8719.1,6.8,Alto
2016,1,2016-01-01,Sudeste,MG,Juiz de Fora,Metrô,1039353,54.9,72.1,18.9,18639.25,7.03,Crítico
2016,1,2016-01-01,Sudeste,ES,Vitória,Ônibus,1160991,70.5,82.5,8.1,27328.65,7.61,Médio
2016,1,2016-01-01,Sudeste,ES,Vila Velha,VLT,561149,90.4,59.0,17.7,396.77,6.03,Crítico
2016,1,2016-01-01,Sudeste,ES,Serra,Ônibus,983417,68.8,63.0,51.0,49590.67,4.21,Médio
2016,1,2016-01-01,Sul,PR,Curitiba,Ônibus,706995,32.5,118.5,17.8,6302.41,5.04,Alto
2016,1,2016-01-01,Sul,PR,Londrina,Trem,636359,40.7,93.7,54.4,24806.02,4.83,Crítico
2016,1,2016-01-01,Sul,SC,Florianópolis,Ônibus,1281269,67.6,21.1,29.1,38745.01,6.09,Alto
2016,1,2016-01-01,Sul,SC,Joinville,Metrô,1611226,76.8,51.6,13.3,24835.86,4.55,Baixo
2016,1,2016-01-01,Sul,RS,Porto Alegre,Bicicleta,1258885,52.3,56.2,54.6,17570.19,7.17,Alto
2016,1,2016-01-01,Sul,RS,Caxias do Sul,Ônibus,504704,20.8,52.2,33.4,22464.53,7.16,Baixo
2016,2,2016-02-01,Norte,AM,Manaus,Bicicleta,1040552,89.5,113.0,29.6,20051.04,4.63,Baixo
2016,2,2016-02-01,Norte,PA,Belém,BRT,969770,47.9,117.6,21.3,5343.86,4.77,Alto
2016,2,2016-02-01,Norte,PA,Santarém,Trem,1254500,85.5,24.6,36.3,39548.76,5.55,Crítico
2016,2,2016-02-01,Norte,RO,Porto Velho,Bicicleta,123229,92.5,97.9,34.5,34616.46,7.28,Alto
2016,2,2016-02-01,Norte,TO,Palmas,Metrô,1737713,74.2,29.6,28.5,49068.14,7.92,Alto
2016,2,2016-02-01,Nordeste,BA,Salvador,VLT,1221070,85.5,101.8,38.0,36609.96,7.81,Alto
2016,2,2016-02-01,Nordeste,BA,Feira de Santana,Trem,594698,25.7,40.6,44.5,35811.4,5.15,Médio
2016,2,2016-02-01,Nordeste,PE,Recife,Bicicleta,110659,43.4,42.5,14.6,2451.56,3.55,Médio
2016,2,2016-02-01,Nordeste,PE,Jaboatão dos Guararapes,Trem,739228,68.5,114.9,24.3,12366.87,6.7,Alto
2016,2,2016-02-01,Nordeste,CE,Fortaleza,Ônibus,1145947,70.8,24.2,53.9,38936.72,4.39,Crítico
2016,2,2016-02-01,Nordeste,CE,Juazeiro do Norte,Ônibus,47741,85.1,81.9,42.6,22363.44,5.0,Crítico
2016,2,2016-02-01,Nordeste,MA,São Luís,Trem,1494430,42.1,29.9,23.1,21351.13,6.48,Crítico
2016,2,2016-02-01,Nordeste,PB,João Pessoa,VLT,1468370,69.0,32.3,53.2,29742.41,4.38,Médio
2016,2,2016-02-01,Centro-Oeste,DF,Brasília,Metrô,1405979,56.7,73.1,18.7,20948.33,6.27,Baixo
2016,2,2016-02-01,Centro-Oeste,GO,Goiânia,Trem,89906,83.5,105.1,16.3,16787.96,7.95,Alto
2016,2,2016-02-01,Centro-Oeste,GO,Aparecida de Goiânia,BRT,803717,79.6,100.2,49.9,22430.1,6.22,Baixo
2016,2,2016-02-01,Centro-Oeste,MT,Cuiabá,BRT,1756052,42.6,98.4,35.8,35393.4,3.52,Crítico
2016,2,2016-02-01,Centro-Oeste,MS,Campo Grande,VLT,381556,39.6,46.4,12.0,37586.63,5.21,Alto
2016,2,2016-02-01,Sudeste,SP,São Paulo,Bicicleta,964420,62.9,115.3,44.9,10880.04,7.96,Alto
2016,2,2016-02-01,Sudeste,SP,Campinas,BRT,505471,36.6,94.3,54.4,16812.31,5.7,Baixo
2016,2,2016-02-01,Sudeste,SP,Ribeirão Preto,VLT,1442833,84.2,114.1,9.3,45798.75,5.8,Baixo
2016,2,2016-02-01,Sudeste,RJ,Rio de Janeiro,Ônibus,414609,17.7,104.0,28.5,25961.84,8.0,Médio
2016,2,2016-02-01,Sudeste,RJ,Niterói,BRT,1718798,40.3,100.9,26.4,1267.63,3.68,Crítico
2016,2,2016-02-01,Sudeste,RJ,Nova Iguaçu,Metrô,505204,53.9,105.1,47.8,35839.59,4.23,Médio
2016,2,2016-02-01,Sudeste,RJ,Petrópolis,Bicicleta,981230,84.0,27.1,47.4,35562.41,7.69,Alto
2016,2,2016-02-01,Sudeste,MG,Belo Horizonte,BRT,1608632,55.2,77.7,18.8,26659.93,5.28,Alto
2016,2,2016-02-01,Sudeste,MG,Uberlândia,BRT,1200439,55.4,100.5,18.7,28493.32,4.81,Alto
2016,2,2016-02-01,Sudeste,MG,Juiz de Fora,VLT,339286,26.0,24.5,30.6,24948.99,3.53,Médio
2016,2,2016-02-01,Sudeste,ES,Vitória,Bicicleta,1108679,64.5,50.8,44.9,33790.01,4.43,Médio
2016,2,2016-02-01,Sudeste,ES,Vila Velha,BRT,1450937,53.2,75.8,23.7,23925.66,7.31,Alto
2016,2,2016-02-01,Sudeste,ES,Serra,VLT,1081253,38.6,20.8,40.8,5956.26,3.9,Crítico
2016,2,2016-02-01,Sul,PR,Curitiba,Metrô,1252132,49.4,44.2,48.0,19317.24,6.72,Alto
2016,2,2016-02-01,Sul,PR,Londrina,Bicicleta,1993216,29.0,56.7,10.1,10996.88,6.57,Baixo
2016,2,2016-02-01,Sul,SC,Florianópolis,Ônibus,1064196,34.8,116.3,13.5,18354.16,4.43,Alto
2016,2,2016-02-01,Sul,SC,Joinville,Bicicleta,911632,69.9,59.5,8.2,41856.36,6.12,Alto
2016,2,2016-02-01,Sul,RS,Porto Alegre,BRT,1353270,33.5,86.7,50.4,24028.27,4.54,Alto
2016,2,2016-02-01,Sul,RS,Caxias do Sul,Trem,626276,93.8,74.9,28.2,35785.37,7.71,Alto
2016,3,2016-03-01,Norte,AM,Manaus,BRT,1438384,80.6,53.9,50.1,36426.56,4.26,Médio
2016,3,2016-03-01,Norte,PA,Belém,VLT,565577,49.0,74.7,51.2,20278.23,5.23,Baixo
2016,3,2016-03-01,Norte,PA,Santarém,VLT,525655,56.6,73.2,25.2,26375.73,6.82,Alto
2016,3,2016-03-01,Norte,RO,Porto Velho,VLT,1859639,78.6,106.7,54.2,5357.7,3.52,Baixo
2016,3,2016-03-01,Norte,TO,Palmas,Trem,176517,47.3,119.7,15.4,38951.95,5.08,Médio
2016,3,2016-03-01,Nordeste,BA,Salvador,Ônibus,1767237,46.6,105.7,44.8,13481.83,4.81,Médio
2016,3,2016-03-01,Nordeste,BA,Feira de Santana,Trem,1023273,38.3,61.0,21.8,38644.84,5.5,Crítico
2016,3,2016-03-01,Nordeste,PE,Recife,Ônibus,157714,67.7,107.9,32.5,19771.08,5.61,Médio
2016,3,2016-03-01,Nordeste,PE,Jaboatão dos Guararapes,VLT,1588858,15.0,46.7,49.5,31468.03,7.94,Médio
2016,3,2016-03-01,Nordeste,CE,Fortaleza,Trem,1918199,35.9,61.3,12.0,23595.94,7.98,Médio
2016,3,2016-03-01,Nordeste,CE,Juazeiro do Norte,BRT,535534,86.8,116.0,34.0,35251.79,5.52,Baixo
2016,3,2016-03-01,Nordeste,MA,São Luís,Ônibus,256945,24.5,98.7,31.4,46574.23,7.77,Baixo
2016,3,2016-03-01,Nordeste,PB,João Pessoa,Ônibus,391156,25.7,50.8,24.7,17229.3,4.37,Crítico
2016,3,2016-03-01,Centro-Oeste,DF,Brasília,Trem,1212327,74.0,80.5,24.9,18717.05,5.06,Alto
2016,3,2016-03-01,Centro-Oeste,GO,Goiânia,Metrô,544408,64.5,43.8,15.2,4765.85,5.33,Médio
2016,3,2016-03-01,Centro-Oeste,GO,Aparecida de Goiânia,Metrô,1248491,45.8,33.4,14.8,6702.93,7.15,Baixo
2016,3,2016-03-01,Centro-Oeste,MT,Cuiabá,Trem,1964303,90.8,94.0,43.1,33426.61,6.93,Médio
2016,3,2016-03-01,Centro-Oeste,MS,Campo Grande,BRT,1215104,34.6,26.0,21.8,42562.5,3.65,Crítico
2016,3,2016-03-01,Sudeste,SP,São Paulo,Bicicleta,1451882,48.7,47.6,42.0,33732.7,4.0,Alto
2016,3,2016-03-01,Sudeste,SP,Campinas,Ônibus,1713213,27.7,110.5,36.3,48617.23,4.03,Médio
2016,3,2016-03-01,Sudeste,SP,Ribeirão Preto,Ônibus,439415,35.5,87.5,22.7,20876.5,4.77,Médio
2016,3,2016-03-01,Sudeste,RJ,Rio de Janeiro,VLT,1828729,51.9,57.9,23.6,23709.82,7.26,Baixo
2016,3,2016-03-01,Sudeste,RJ,Niterói,VLT,887808,27.5,111.6,27.7,24728.34,4.9,Baixo
2016,3,2016-03-01,Sudeste,RJ,Nova Iguaçu,Ônibus,34378,40.9,102.4,42.7,48862.97,3.99,Alto
2016,3,2016-03-01,Sudeste,RJ,Petrópolis,VLT,1769348,16.9,24.2,41.6,10927.63,4.83,Alto
2016,3,2016-03-01,Sudeste,MG,Belo Horizonte,Trem,1689251,38.3,64.5,40.9,19388.48,6.29,Baixo
2016,3,2016-03-01,Sudeste,MG,Uberlândia,Ônibus,1736919,72.6,39.5,32.3,2760.61,7.24,Alto
2016,3,2016-03-01,Sudeste,MG,Juiz de Fora,Bicicleta,30679,38.2,87.8,15.4,33573.05,7.33,Alto
2016,3,2016-03-01,Sudeste,ES,Vitória,VLT,440197,54.6,107.6,34.7,15915.33,7.45,Baixo
2016,3,2016-03-01,Sudeste,ES,Vila Velha,BRT,1706775,63.5,93.7,52.4,43615.78,4.22,Crítico
2016,3,2016-03-01,Sudeste,ES,Serra,Trem,1295759,35.6,30.1,12.5,46210.1,7.35,Baixo
2016,3,2016-03-01,Sul,PR,Curitiba,Metrô,1770704,32.9,66.6,52.7,9794.9,3.51,Médio
2016,3,2016-03-01,Sul,PR,Londrina,Ônibus,1052012,52.3,52.7,30.3,36270.56,4.4,Médio
2016,3,2016-03-01,Sul,SC,Florianópolis,VLT,1141278,23.8,38.8,35.1,22177.51,7.67,Baixo
2016,3,2016-03-01,Sul,SC,Joinville,BRT,1313485,25.2,112.4,18.6,45718.85,4.11,Médio
2016,3,2016-03-01,Sul,RS,Porto Alegre,VLT,586670,30.5,47.0,53.0,45410.37,5.24,Crítico
2016,3,2016-03-01,Sul,RS,Caxias do Sul,Trem,1345077,44.1,56.2,14.0,1530.94,7.33,Crítico
2016,4,2016-04-01,Norte,AM,Manaus,Metrô,1560123,18.9,63.5,36.5,9082.71,3.97,Alto
2016,4,2016-04-01,Norte,PA,Belém,VLT,1523586,21.7,78.8,46.6,18433.09,7.59,Alto
2016,4,2016-04-01,Norte,PA,Santarém,VLT,554582,51.9,94.3,46.7,7458.32,5.39,Médio
2016,4,2016-04-01,Norte,RO,Porto Velho,VLT,1704199,81.7,38.7,31.3,33061.92,4.67,Alto
2016,4,2016-04-01,Norte,TO,Palmas,Metrô,1107037,43.0,35.1,10.5,9981.82,6.83,Baixo
2016,4,2016-04-01,Nordeste,BA,Salvador,Ônibus,902761,29.2,110.2,24.5,16359.62,5.42,Crítico
2016,4,2016-04-01,Nordeste,BA,Feira de Santana,VLT,925281,43.3,77.1,9.8,46404.08,6.66,Alto
2016,4,2016-04-01,Nordeste,PE,Recife,Trem,364833,29.7,104.3,51.3,48586.14,7.55,Crítico
2016,4,2016-04-01,Nordeste,PE,Jaboatão dos Guararapes,Ônibus,659228,91.4,78.0,53.1,41048.26,5.3,Médio
2016,4,2016-04-01,Nordeste,CE,Fortaleza,BRT,201627,53.6,86.3,22.4,6819.72,4.92,Médio
2016,4,2016-04-01,Nordeste,CE,Juazeiro do Norte,BRT,1594921,83.2,64.3,11.0,15818.62,7.64,Baixo
2016,4,2016-04-01,Nordeste,MA,São Luís,Metrô,1604505,49.1,49.4,46.3,29346.42,7.68,Crítico
2016,4,2016-04-01,Nordeste,PB,João Pessoa,BRT,1876632,16.2,45.0,25.5,13340.84,6.53,Baixo
2016,4,2016-04-01,Centro-Oeste,DF,Brasília,Trem,701400,77.1,114.3,25.0,17177.14,4.71,Baixo
2016,4,2016-04-01,Centro-Oeste,GO,Goiânia,Bicicleta,476726,40.4,112.2,41.9,29082.66,5.26,Alto
2016,4,2016-04-01,Centro-Oeste,GO,Aparecida de Goiânia,Metrô,1496744,44.8,86.7,23.9,11054.55,3.53,Médio
2016,4,2016-04-01,Centro-Oeste,MT,Cuiabá,Bicicleta,322424,61.1,96.3,24.7,28133.06,7.86,Baixo
2016,4,2016-04-01,Centro-Oeste,MS,Campo Grande,BRT,1376016,30.1,89.2,11.9,16685.88,7.26,Alto
2016,4,2016-04-01,Sudeste,SP,São Paulo,VLT,1820086,87.6,21.0,41.7,18005.2,6.34,Alto
2016,4,2016-04-01,Sudeste,SP,Campinas,Bicicleta,1700250,36.4,79.7,10.8,41272.56,3.81,Crítico
2016,4,2016-04-01,Sudeste,SP,Ribeirão Preto,Trem,626022,59.9,32.9,42.2,19123.15,6.18,Baixo
2016,4,2016-04-01,Sudeste,RJ,Rio de Janeiro,Bicicleta,397215,67.1,41.6,35.5,24417.61,6.58,Baixo
2016,4,2016-04-01,Sudeste,RJ,Niterói,Bicicleta,1348885,24.5,88.4,9.7,41780.53,5.67,Crítico
2016,4,2016-04-01,Sudeste,RJ,Nova Iguaçu,Metrô,888805,30.8,107.6,16.0,25809.53,5.73,Baixo
2016,4,2016-04-01,Sudeste,RJ,Petrópolis,BRT,666300,90.1,105.0,28.9,6892.12,4.85,Crítico
2016,4,2016-04-01,Sudeste,MG,Belo Horizonte,VLT,1643553,53.2,61.6,19.3,11125.54,7.61,Baixo
2016,4,2016-04-01,Sudeste,MG,Uberlândia,VLT,300059,94.1,93.7,41.1,16941.71,4.49,Baixo
2016,4,2016-04-01,Sudeste,MG,Juiz de Fora,Metrô,383859,42.1,66.4,28.9,35852.39,4.98,Baixo
2016,4,2016-04-01,Sudeste,ES,Vitória,Ônibus,1052443,83.5,84.1,50.6,29659.13,5.9,Alto
2016,4,2016-04-01,Sudeste,ES,Vila Velha,VLT,1451961,62.0,33.1,48.3,4772.6,5.32,Alto
2016,4,2016-04-01,Sudeste,ES,Serra,Trem,168353,74.2,109.0,41.1,22979.07,4.8,Crítico
2016,4,2016-04-01,Sul,PR,Curitiba,Ônibus,1221850,29.6,42.8,17.6,6763.3,4.11,Médio
2016,4,2016-04-01,Sul,PR,Londrina,Trem,1100252,69.1,119.8,13.6,1927.67,6.51,Médio
2016,4,2016-04-01,Sul,SC,Florianópolis,Trem,903481,85.6,41.1,36.1,11589.92,7.15,Alto
2016,4,2016-04-01,Sul,SC,Joinville,VLT,1154237,88.3,65.9,49.5,11393.83,5.82,Médio
2016,4,2016-04-01,Sul,RS,Porto Alegre,BRT,1402648,72.4,68.3,27.8,9546.69,3.72,Baixo
2016,4,2016-04-01,Sul,RS,Caxias do Sul,Bicicleta,1815778,34.5,104.6,46.7,49583.11,6.48,Crítico
2016,5,2016-05-01,Norte,AM,Manaus,Trem,695343,43.0,52.0,54.8,24790.15,4.62,Médio
2016,5,2016-05-01,Norte,PA,Belém,Bicicleta,673491,93.5,37.7,29.9,23880.5,4.48,Baixo
2016,5,2016-05-01,Norte,PA,Santarém,VLT,1349361,28.5,92.1,18.1,18866.45,6.66,Médio
2016,5,2016-05-01,Norte,RO,Porto Velho,BRT,1383686,37.9,46.9,18.6,1316.03,4.63,Médio
2016,5,2016-05-01,Norte,TO,Palmas,Ônibus,1898308,65.8,34.3,13.8,16339.42,5.6,Médio
2016,5,2016-05-01,Nordeste,BA,Salvador,Bicicleta,1308168,71.0,79.9,39.8,44124.53,7.73,Médio
2016,5,2016-05-01,Nordeste,BA,Feira de Santana,Bicicleta,49779,24.9,38.6,43.9,9413.59,6.63,Médio
2016,5,2016-05-01,Nordeste,PE,Recife,VLT,799457,31.1,55.0,10.1,16246.46,7.25,Alto
2016,5,2016-05-01,Nordeste,PE,Jaboatão dos Guararapes,VLT,1030744,41.2,46.2,12.2,4719.6,6.9,Médio
2016,5,2016-05-01,Nordeste,CE,Fortaleza,BRT,23197,60.7,23.2,13.3,37564.63,5.15,Alto
2016,5,2016-05-01,Nordeste,CE,Juazeiro do Norte,Trem,1473057,78.7,108.6,48.4,46273.02,7.57,Crítico
2016,5,2016-05-01,Nordeste,MA,São Luís,Bicicleta,1565290,17.6,91.5,50.3,8048.38,6.53,Médio
2016,5,2016-05-01,Nordeste,PB,João Pessoa,Trem,1899320,78.0,113.3,41.1,26972.05,4.27,Alto
2016,5,2016-05-01,Centro-Oeste,DF,Brasília,VLT,663906,80.2,41.6,52.8,17729.98,7.23,Alto
2016,5,2016-05-01,Centro-Oeste,GO,Goiânia,Metrô,1333390,18.8,118.6,50.4,36506.79,4.21,Baixo
2016,5,2016-05-01,Centro-Oeste,GO,Aparecida de Goiânia,Trem,1890070,27.9,30.0,23.9,40541.38,7.3,Médio
2016,5,2016-05-01,Centro-Oeste,MT,Cuiabá,Ônibus,926165,27.6,91.0,50.8,32426.49,5.94,Crítico
2016,5,2016-05-01,Centro-Oeste,MS,Campo Grande,Bicicleta,1395566,42.2,68.2,41.9,18557.91,7.74,Alto
2016,5,2016-05-01,Sudeste,SP,São Paulo,VLT,1983091,70.9,82.0,50.6,15215.66,4.68,Médio
2016,5,2016-05-01,Sudeste,SP,Campinas,VLT,246562,55.7,84.2,13.6,9670.53,4.04,Médio
2016,5,2016-05-01,Sudeste,SP,Ribeirão Preto,VLT,1121053,79.2,81.0,19.9,5985.48,4.22,Alto
2016,5,2016-05-01,Sudeste,RJ,Rio de Janeiro,Bicicleta,451452,51.1,62.6,24.1,41729.28,6.32,Médio
2016,5,2016-05-01,Sudeste,RJ,Niterói,Ônibus,1360110,80.2,41.7,47.2,22784.63,4.95,Baixo
2016,5,2016-05-01,Sudeste,RJ,Nova Iguaçu,VLT,539039,76.1,102.4,27.1,24347.77,4.38,Crítico
2016,5,2016-05-01,Sudeste,RJ,Petrópolis,BRT,1985785,54.5,61.9,35.4,27245.53,3.61,Alto
2016,5,2016-05-01,Sudeste,MG,Belo Horizonte,Bicicleta,1050594,43.9,27.4,24.2,31601.96,6.43,Baixo
2016,5,2016-05-01,Sudeste,MG,Uberlândia,VLT,1277159,71.8,83.4,15.2,16532.23,6.9,Baixo
2016,5,2016-05-01,Sudeste,MG,Juiz de Fora,Metrô,720175,28.0,37.8,15.9,36008.48,5.44,Baixo
2016,5,2016-05-01,Sudeste,ES,Vitória,Ônibus,1034895,93.3,78.0,26.8,9477.27,6.58,Alto
2016,5,2016-05-01,Sudeste,ES,Vila Velha,BRT,395548,17.7,72.6,47.7,38010.0,4.49,Baixo
2016,5,2016-05-01,Sudeste,ES,Serra,VLT,146945,42.0,41.9,50.3,128.84,6.42,Baixo
2016,5,2016-05-01,Sul,PR,Curitiba,BRT,313521,65.2,54.9,12.6,49486.57,5.56,Baixo
2016,5,2016-05-01,Sul,PR,Londrina,BRT,91389,56.1,65.0,42.4,11233.12,6.91,Alto
2016,5,2016-05-01,Sul,SC,Florianópolis,Bicicleta,859107,29.7,80.7,17.3,34467.19,4.52,Baixo
2016,5,2016-05-01,Sul,SC,Joinville,BRT,773635,64.9,33.0,43.7,40405.68,6.34,Baixo
2016,5,2016-05-01,Sul,RS,Porto Alegre,Trem,1480491,67.7,79.0,54.5,32221.52,7.73,Baixo
2016,5,2016-05-01,Sul,RS,Caxias do Sul,BRT,789752,56.7,70.0,33.0,27279.1,7.57,Baixo
2016,6,2016-06-01,Norte,AM,Manaus,BRT,1799810,81.6,109.2,36.1,29439.32,7.78,Médio
2016,6,2016-06-01,Norte,PA,Belém,Ônibus,32495,24.3,36.8,24.2,6730.66,4.01,Médio
2016,6,2016-06-01,Norte,PA,Santarém,BRT,1457489,33.9,23.2,53.7,37064.03,7.35,Crítico
2016,6,2016-06-01,Norte,RO,Porto Velho,Bicicleta,866098,34.3,91.2,26.5,44279.35,5.59,Crítico
2016,6,2016-06-01,Norte,TO,Palmas,BRT,1418445,32.1,59.2,23.7,6139.82,6.59,Médio
2016,6,2016-06-01,Nordeste,BA,Salvador,Ônibus,519868,32.2,20.5,8.9,45312.92,7.41,Alto
2016,6,2016-06-01,Nordeste,BA,Feira de Santana,Bicicleta,1006735,57.2,20.7,49.5,16656.1,3.97,Alto
2016,6,2016-06-01,Nordeste,PE,Recife,VLT,119381,78.1,55.5,18.4,32649.86,5.2,Baixo
2016,6,2016-06-01,Nordeste,PE,Jaboatão dos Guararapes,Bicicleta,584410,59.5,117.1,8.8,47495.05,6.78,Alto
2016,6,2016-06-01,Nordeste,CE,Fortaleza,Metrô,839239,47.5,68.6,27.3,14232.48,3.74,Crítico
2016,6,2016-06-01,Nordeste,CE,Juazeiro do Norte,VLT,1762693,77.6,81.0,21.0,4117.33,3.57,Alto
2016,6,2016-06-01,Nordeste,MA,São Luís,Bicicleta,88464,79.6,99.2,50.5,38658.01,7.75,Crítico
2016,6,2016-06-01,Nordeste,PB,João Pessoa,Trem,1344555,16.7,63.8,15.7,21854.1,3.8,Alto
2016,6,2016-06-01,Centro-Oeste,DF,Brasília,Bicicleta,1771583,29.3,66.5,45.7,43980.8,4.74,Baixo
2016,6,2016-06-01,Centro-Oeste,GO,Goiânia,Bicicleta,1551118,81.4,92.9,38.3,6910.13,3.63,Baixo
2016,6,2016-06-01,Centro-Oeste,GO,Aparecida de Goiânia,Trem,1696965,21.0,43.3,41.0,46340.52,6.63,Alto
2016,6,2016-06-01,Centro-Oeste,MT,Cuiabá,Metrô,342814,56.6,105.5,36.3,42824.82,6.53,Alto
2016,6,2016-06-01,Centro-Oeste,MS,Campo Grande,Trem,800066,52.2,79.0,38.6,21253.91,6.55,Crítico
2016,6,2016-06-01,Sudeste,SP,São Paulo,Trem,1167430,72.9,111.2,25.2,4117.43,4.07,Baixo
2016,6,2016-06-01,Sudeste,SP,Campinas,Bicicleta,272033,87.2,112.5,18.4,18989.79,7.22,Alto
2016,6,2016-06-01,Sudeste,SP,Ribeirão Preto,Bicicleta,1919731,19.7,56.2,23.2,784.9,3.58,Crítico
2016,6,2016-06-01,Sudeste,RJ,Rio de Janeiro,BRT,283663,34.2,21.0,38.9,33600.88,7.2,Médio
2016,6,2016-06-01,Sudeste,RJ,Niterói,Ônibus,81635,91.3,41.7,42.3,44648.94,7.4,Baixo
2016,6,2016-06-01,Sudeste,RJ,Nova Iguaçu,Bicicleta,1353170,16.7,37.4,31.3,17061.83,5.86,Médio
2016,6,2016-06-01,Sudeste,RJ,Petrópolis,Trem,1088583,23.0,103.6,37.0,24046.75,5.92,Alto
2016,6,2016-06-01,Sudeste,MG,Belo Horizonte,BRT,1664780,62.3,101.8,46.6,21275.03,4.09,Médio
2016,6,2016-06-01,Sudeste,MG,Uberlândia,Ônibus,1579258,70.8,64.8,48.4,24323.15,3.88,Médio
2016,6,2016-06-01,Sudeste,MG,Juiz de Fora,VLT,1128934,22.7,90.0,39.6,18018.71,4.31,Baixo
2016,6,2016-06-01,Sudeste,ES,Vitória,Metrô,1152250,47.5,96.2,23.4,4719.25,6.6,Médio
2016,6,2016-06-01,Sudeste,ES,Vila Velha,Bicicleta,1837456,64.0,76.3,15.0,28454.94,6.21,Baixo
2016,6,2016-06-01,Sudeste,ES,Serra,Trem,126016,94.6,70.7,49.1,20085.38,4.74,Alto
2016,6,2016-06-01,Sul,PR,Curitiba,VLT,1452262,23.3,69.7,16.5,33213.89,3.62,Crítico
2016,6,2016-06-01,Sul,PR,Londrina,Trem,1807833,88.7,115.6,8.9,37923.54,6.85,Alto
2016,6,2016-06-01,Sul,SC,Florianópolis,Trem,490556,65.7,103.0,20.0,29919.26,4.99,Médio
2016,6,2016-06-01,Sul,SC,Joinville,BRT,603301,55.8,59.3,49.0,16747.92,7.85,Alto
2016,6,2016-06-01,Sul,RS,Porto Alegre,Trem,1167922,61.7,64.6,13.2,30542.18,6.64,Crítico
2016,6,2016-06-01,Sul,RS,Caxias do Sul,Metrô,1420908,27.9,102.3,37.7,47413.54,5.04,Baixo
2016,7,2016-07-01,Norte,AM,Manaus,BRT,1440994,34.4,37.6,37.8,17459.43,6.77,Baixo
2016,7,2016-07-01,Norte,PA,Belém,Trem,67468,63.2,31.5,12.3,49718.68,7.29,Crítico
2016,7,2016-07-01,Norte,PA,Santarém,Bicicleta,329849,56.8,92.4,28.5,4949.93,7.93,Médio
2016,7,2016-07-01,Norte,RO,Porto Velho,BRT,875425,83.5,47.2,38.0,44914.91,3.58,Crítico
2016,7,2016-07-01,Norte,TO,Palmas,Metrô,1743198,59.0,75.2,42.8,34148.05,7.27,Alto
2016,7,2016-07-01,Nordeste,BA,Salvador,VLT,1169922,88.7,78.5,38.0,4693.83,4.93,Médio
2016,7,2016-07-01,Nordeste,BA,Feira de Santana,Metrô,88956,49.1,70.5,20.5,48362.29,3.94,Baixo
2016,7,2016-07-01,Nordeste,PE,Recife,Ônibus,1589989,35.0,72.6,38.6,5196.44,6.58,Baixo
2016,7,2016-07-01,Nordeste,PE,Jaboatão dos Guararapes,Metrô,92995,69.3,20.0,50.1,5931.46,5.06,Baixo
2016,7,2016-07-01,Nordeste,CE,Fortaleza,Bicicleta,1262394,52.4,32.1,16.8,6464.12,7.17,Alto
2016,7,2016-07-01,Nordeste,CE,Juazeiro do Norte,Metrô,38295,15.3,79.4,32.7,35477.92,6.62,Médio
2016,7,2016-07-01,Nordeste,MA,São Luís,Metrô,1889666,80.8,32.0,8.7,4362.9,5.22,Alto
2016,7,2016-07-01,Nordeste,PB,João Pessoa,Trem,771350,67.2,39.6,51.9,45179.22,6.17,Crítico
2016,7,2016-07-01,Centro-Oeste,DF,Brasília,Trem,1941176,74.5,53.8,42.5,10720.83,5.89,Crítico
2016,7,2016-07-01,Centro-Oeste,GO,Goiânia,BRT,579674,31.8,73.9,28.1,18885.99,7.28,Médio
2016,7,2016-07-01,Centro-Oeste,GO,Aparecida de Goiânia,Trem,99514,46.0,64.2,10.7,30045.65,6.89,Crítico
2016,7,2016-07-01,Centro-Oeste,MT,Cuiabá,VLT,1591075,58.3,81.9,32.0,32911.96,3.93,Médio
2016,7,2016-07-01,Centro-Oeste,MS,Campo Grande,Metrô,551268,25.6,85.3,49.5,24591.95,5.2,Crítico
2016,7,2016-07-01,Sudeste,SP,São Paulo,VLT,1290002,83.0,98.4,10.7,47471.74,3.96,Crítico
2016,7,2016-07-01,Sudeste,SP,Campinas,VLT,1257589,45.5,22.0,34.2,33760.59,5.41,Crítico
2016,7,2016-07-01,Sudeste,SP,Ribeirão Preto,Ônibus,1223229,34.7,26.7,48.7,48631.41,4.63,Alto
2016,7,2016-07-01,Sudeste,RJ,Rio de Janeiro,Bicicleta,840047,29.6,40.5,19.7,6349.32,3.52,Médio
2016,7,2016-07-01,Sudeste,RJ,Niterói,Metrô,800928,43.1,26.9,54.6,21447.1,7.21,Crítico
2016,7,2016-07-01,Sudeste,RJ,Nova Iguaçu,BRT,1189782,46.7,20.3,41.2,2940.09,5.57,Crítico
2016,7,2016-07-01,Sudeste,RJ,Petrópolis,Ônibus,526629,26.1,48.8,11.9,11677.96,4.02,Baixo
2016,7,2016-07-01,Sudeste,MG,Belo Horizonte,BRT,1478283,50.4,82.7,9.7,15803.95,6.49,Baixo
2016,7,2016-07-01,Sudeste,MG,Uberlândia,Bicicleta,225607,78.9,97.2,37.8,16667.89,4.25,Alto
2016,7,2016-07-01,Sudeste,MG,Juiz de Fora,Bicicleta,1892911,76.3,91.6,43.2,23617.23,3.94,Médio
2016,7,2016-07-01,Sudeste,ES,Vitória,Bicicleta,230771,15.5,62.2,13.0,5677.46,5.1,Crítico
2016,7,2016-07-01,Sudeste,ES,Vila Velha,Bicicleta,1368096,19.7,119.5,46.0,1207.77,6.59,Crítico
2016,7,2016-07-01,Sudeste,ES,Serra,Bicicleta,813310,42.0,89.7,8.8,9056.02,5.02,Baixo
2016,7,2016-07-01,Sul,PR,Curitiba,BRT,1671605,81.6,103.4,21.1,43856.22,4.85,Médio
2016,7,2016-07-01,Sul,PR,Londrina,Ônibus,1865691,90.6,21.5,41.2,3572.16,7.03,Crítico
2016,7,2016-07-01,Sul,SC,Florianópolis,BRT,1300291,52.9,116.8,52.1,11325.32,7.17,Médio
2016,7,2016-07-01,Sul,SC,Joinville,VLT,1505382,70.7,107.2,52.6,20153.05,5.39,Alto
2016,7,2016-07-01,Sul,RS,Porto Alegre,Bicicleta,72135,19.2,66.0,37.1,34093.72,6.13,Alto
2016,7,2016-07-01,Sul,RS,Caxias do Sul,Metrô,1215990,16.4,60.4,27.0,11148.12,5.62,Crítico
2016,8,2016-08-01,Norte,AM,Manaus,Trem,1144758,20.0,38.3,16.9,18740.43,6.57,Alto
2016,8,2016-08-01,Norte,PA,Belém,Trem,975371,74.9,80.9,19.8,24453.66,6.8,Crítico
2016,8,2016-08-01,Norte,PA,Santarém,Metrô,1553219,18.7,116.5,52.5,46335.58,6.07,Médio
2016,8,2016-08-01,Norte,RO,Porto Velho,Ônibus,1025004,83.9,96.3,39.2,22604.99,6.76,Alto
2016,8,2016-08-01,Norte,TO,Palmas,Metrô,501243,34.5,115.2,42.6,39963.07,5.15,Baixo
2016,8,2016-08-01,Nordeste,BA,Salvador,Ônibus,565474,94.3,27.1,49.5,4973.27,5.84,Baixo
2016,8,2016-08-01,Nordeste,BA,Feira de Santana,Ônibus,1106473,85.7,99.4,31.3,36961.92,5.84,Baixo
2016,8,2016-08-01,Nordeste,PE,Recife,Trem,98960,55.6,111.0,48.3,15377.89,6.69,Médio
2016,8,2016-08-01,Nordeste,PE,Jaboatão dos Guararapes,VLT,1494884,56.4,103.4,33.7,21107.09,5.8,Baixo
2016,8,2016-08-01,Nordeste,CE,Fortaleza,Metrô,1519238,44.4,34.4,32.9,46414.44,5.07,Crítico
2016,8,2016-08-01,Nordeste,CE,Juazeiro do Norte,Trem,526303,46.4,30.6,10.4,12415.62,6.98,Crítico
2016,8,2016-08-01,Nordeste,MA,São Luís,VLT,1633575,72.7,41.6,34.8,49434.21,6.29,Crítico
2016,8,2016-08-01,Nordeste,PB,João Pessoa,VLT,909970,18.0,73.0,51.8,7986.61,6.26,Crítico
2016,8,2016-08-01,Centro-Oeste,DF,Brasília,Metrô,357243,60.5,61.7,53.5,26408.89,4.81,Crítico
2016,8,2016-08-01,Centro-Oeste,GO,Goiânia,BRT,1788021,34.7,65.2,14.7,10851.64,4.5,Alto
2016,8,2016-08-01,Centro-Oeste,GO,Aparecida de Goiânia,Metrô,718664,35.9,54.5,35.9,13877.58,5.09,Alto
2016,8,2016-08-01,Centro-Oeste,MT,Cuiabá,VLT,1116044,29.1,98.2,17.3,34924.26,7.59,Alto
2016,8,2016-08-01,Centro-Oeste,MS,Campo Grande,Metrô,1043278,94.0,38.2,18.6,8874.29,5.52,Crítico
2016,8,2016-08-01,Sudeste,SP,São Paulo,VLT,716013,50.2,61.7,34.8,36647.49,4.06,Baixo
2016,8,2016-08-01,Sudeste,SP,Campinas,VLT,1711292,82.0,22.2,29.4,29354.05,7.33,Alto
2016,8,2016-08-01,Sudeste,SP,Ribeirão Preto,Trem,860959,65.5,68.2,24.9,37759.15,5.63,Médio
2016,8,2016-08-01,Sudeste,RJ,Rio de Janeiro,Ônibus,84677,59.8,56.0,33.4,34384.59,6.82,Crítico
2016,8,2016-08-01,Sudeste,RJ,Niterói,Bicicleta,711057,36.9,60.0,14.3,29581.83,6.28,Crítico
2016,8,2016-08-01,Sudeste,RJ,Nova Iguaçu,BRT,973878,92.0,42.1,15.0,34932.24,6.65,Médio
2016,8,2016-08-01,Sudeste,RJ,Petrópolis,Ônibus,1572813,45.9,89.3,14.6,26547.16,6.48,Crítico
2016,8,2016-08-01,Sudeste,MG,Belo Horizonte,Bicicleta,175857,34.3,82.7,21.5,7811.06,7.33,Médio
2016,8,2016-08-01,Sudeste,MG,Uberlândia,Metrô,1018107,64.5,48.9,14.8,20745.84,5.0,Crítico
2016,8,2016-08-01,Sudeste,MG,Juiz de Fora,VLT,1845688,90.5,63.5,20.0,45207.45,5.09,Crítico
2016,8,2016-08-01,Sudeste,ES,Vitória,Ônibus,228313,25.7,61.7,21.9,25272.06,4.01,Baixo
2016,8,2016-08-01,Sudeste,ES,Vila Velha,VLT,163427,61.9,109.7,48.9,459.39,5.72,Baixo
2016,8,2016-08-01,Sudeste,ES,Serra,Ônibus,905403,66.5,113.9,32.0,854.76,7.58,Crítico
2016,8,2016-08-01,Sul,PR,Curitiba,VLT,785970,52.8,54.4,44.0,18383.62,6.69,Alto
2016,8,2016-08-01,Sul,PR,Londrina,Metrô,832493,32.3,117.3,28.1,19408.93,5.06,Médio
2016,8,2016-08-01,Sul,SC,Florianópolis,Bicicleta,1674247,45.2,51.7,11.5,30357.31,6.73,Alto
2016,8,2016-08-01,Sul,SC,Joinville,Metrô,1995726,38.0,28.6,39.5,44529.64,7.06,Alto
2016,8,2016-08-01,Sul,RS,Porto Alegre,VLT,1530351,31.1,92.5,51.1,10226.52,5.99,Médio
2016,8,2016-08-01,Sul,RS,Caxias do Sul,Bicicleta,1770312,41.6,102.4,16.9,10846.68,4.11,Alto
2016,9,2016-09-01,Norte,AM,Manaus,Trem,378548,51.3,46.6,50.9,7928.82,6.14,Médio
2016,9,2016-09-01,Norte,PA,Belém,Metrô,741587,36.0,80.9,37.1,31645.48,4.9,Médio
2016,9,2016-09-01,Norte,PA,Santarém,Ônibus,188249,56.3,79.0,35.5,36626.64,5.2,Alto
2016,9,2016-09-01,Norte,RO,Porto Velho,VLT,1875859,58.6,49.8,23.4,25233.65,4.19,Alto
2016,9,2016-09-01,Norte,TO,Palmas,VLT,671938,91.2,112.5,40.9,7601.71,4.24,Crítico
2016,9,2016-09-01,Nordeste,BA,Salvador,Metrô,209714,20.2,89.9,21.2,46677.8,6.03,Alto
2016,9,2016-09-01,Nordeste,BA,Feira de Santana,Bicicleta,282095,85.4,117.5,33.8,3305.82,4.78,Médio
2016,9,2016-09-01,Nordeste,PE,Recife,Metrô,1778459,25.7,103.6,40.0,35237.69,5.18,Baixo
2016,9,2016-09-01,Nordeste,PE,Jaboatão dos Guararapes,BRT,309372,55.5,40.2,36.6,21153.75,5.39,Médio
2016,9,2016-09-01,Nordeste,CE,Fortaleza,VLT,1832840,28.7,94.9,32.4,11389.38,7.54,Crítico
2016,9,2016-09-01,Nordeste,CE,Juazeiro do Norte,Ônibus,591622,36.7,110.6,32.5,4551.98,4.65,Médio
2016,9,2016-09-01,Nordeste,MA,São Luís,Trem,1339925,45.5,43.2,54.5,6729.43,7.0,Crítico
2016,9,2016-09-01,Nordeste,PB,João Pessoa,VLT,675994,60.4,46.1,16.1,4557.07,6.11,Baixo
2016,9,2016-09-01,Centro-Oeste,DF,Brasília,Ônibus,860228,87.0,59.7,51.8,26445.18,3.71,Alto
2016,9,2016-09-01,Centro-Oeste,GO,Goiânia,Trem,489810,46.2,43.7,35.3,48903.62,6.79,Baixo
2016,9,2016-09-01,Centro-Oeste,GO,Aparecida de Goiânia,BRT,1501647,70.6,30.1,16.9,17249.92,3.5,Médio
2016,9,2016-09-01,Centro-Oeste,MT,Cuiabá,Ônibus,96433,62.9,25.6,8.5,49474.03,5.76,Alto
2016,9,2016-09-01,Centro-Oeste,MS,Campo Grande,Bicicleta,717749,47.1,76.2,25.7,2298.01,6.38,Baixo
2016,9,2016-09-01,Sudeste,SP,São Paulo,Bicicleta,1785674,36.9,35.1,48.8,14945.57,7.03,Médio
2016,9,2016-09-01,Sudeste,SP,Campinas,BRT,1553268,73.6,45.8,15.8,429.16,6.79,Médio
2016,9,2016-09-01,Sudeste,SP,Ribeirão Preto,Ônibus,1725966,87.5,88.3,24.9,28166.97,7.5,Crítico
2016,9,2016-09-01,Sudeste,RJ,Rio de Janeiro,Metrô,599815,79.7,23.5,9.0,43595.2,7.69,Baixo
2016,9,2016-09-01,Sudeste,RJ,Niterói,Ônibus,515702,34.1,101.0,20.0,10016.11,5.76,Baixo
2016,9,2016-09-01,Sudeste,RJ,Nova Iguaçu,Metrô,590632,31.9,87.7,43.5,27613.21,6.78,Médio
2016,9,2016-09-01,Sudeste,RJ,Petrópolis,Bicicleta,662561,29.9,96.0,53.9,16553.4,5.43,Crítico
2016,9,2016-09-01,Sudeste,MG,Belo Horizonte,Bicicleta,115951,69.9,81.6,29.1,2516.07,6.75,Alto
2016,9,2016-09-01,Sudeste,MG,Uberlândia,VLT,55893,46.4,106.2,19.9,15996.42,7.55,Crítico
2016,9,2016-09-01,Sudeste,MG,Juiz de Fora,Bicicleta,1796763,84.7,91.8,40.1,32163.23,7.31,Médio
2016,9,2016-09-01,Sudeste,ES,Vitória,Trem,786544,54.4,119.0,21.0,35024.67,5.5,Crítico
2016,9,2016-09-01,Sudeste,ES,Vila Velha,BRT,1900277,57.0,42.8,24.7,14313.98,7.2,Baixo
2016,9,2016-09-01,Sudeste,ES,Serra,Metrô,1545871,32.9,71.7,40.8,5491.86,3.78,Médio
2016,9,2016-09-01,Sul,PR,Curitiba,Ônibus,1692592,25.2,83.0,17.5,10578.41,3.59,Baixo
2016,9,2016-09-01,Sul,PR,Londrina,BRT,507068,16.3,86.5,38.2,3767.88,7.59,Alto
2016,9,2016-09-01,Sul,SC,Florianópolis,Bicicleta,1285439,59.2,66.3,25.5,5208.1,6.19,Alto
2016,9,2016-09-01,Sul,SC,Joinville,BRT,1433837,70.8,114.6,37.4,4675.23,7.81,Alto
2016,9,2016-09-01,Sul,RS,Porto Alegre,Trem,403321,40.9,62.0,44.3,17899.2,4.32,Médio
2016,9,2016-09-01,Sul,RS,Caxias do Sul,VLT,76342,87.2,87.5,35.1,4457.72,6.03,Crítico
2016,10,2016-10-01,Norte,AM,Manaus,BRT,149921,48.3,33.0,34.4,22278.71,4.36,Crítico
2016,10,2016-10-01,Norte,PA,Belém,Trem,1564182,72.7,63.4,12.6,35609.06,6.35,Baixo
2016,10,2016-10-01,Norte,PA,Santarém,VLT,316068,22.1,76.1,10.9,45985.74,7.11,Baixo
2016,10,2016-10-01,Norte,RO,Porto Velho,BRT,389321,17.6,60.1,39.5,39107.85,7.91,Médio
2016,10,2016-10-01,Norte,TO,Palmas,Ônibus,622250,81.9,23.6,13.9,46261.31,6.64,Médio
2016,10,2016-10-01,Nordeste,BA,Salvador,Metrô,1150800,35.3,24.8,27.8,23970.2,5.55,Médio
2016,10,2016-10-01,Nordeste,BA,Feira de Santana,Trem,538311,93.9,111.7,14.3,24760.15,6.83,Baixo
2016,10,2016-10-01,Nordeste,PE,Recife,Bicicleta,1646472,74.3,21.3,24.3,8067.54,7.28,Médio
2016,10,2016-10-01,Nordeste,PE,Jaboatão dos Guararapes,Metrô,1926294,91.7,96.3,40.0,16899.28,5.45,Crítico
2016,10,2016-10-01,Nordeste,CE,Fortaleza,Metrô,977203,83.8,99.1,37.0,20205.75,5.95,Baixo
2016,10,2016-10-01,Nordeste,CE,Juazeiro do Norte,Metrô,1467702,40.0,81.1,40.7,21197.9,5.46,Médio
2016,10,2016-10-01,Nordeste,MA,São Luís,BRT,25679,34.0,41.5,45.8,38294.73,6.85,Crítico
2016,10,2016-10-01,Nordeste,PB,João Pessoa,Metrô,543835,31.1,76.0,47.2,28163.56,4.25,Baixo
2016,10,2016-10-01,Centro-Oeste,DF,Brasília,VLT,1874036,87.8,117.0,26.7,16352.92,5.67,Alto
2016,10,2016-10-01,Centro-Oeste,GO,Goiânia,Trem,1215574,78.3,44.4,38.2,22141.71,5.76,Alto
2016,10,2016-10-01,Centro-Oeste,GO,Aparecida de Goiânia,Ônibus,100843,41.2,80.1,16.4,2741.66,3.63,Crítico
2016,10,2016-10-01,Centro-Oeste,MT,Cuiabá,Ônibus,1431979,48.9,103.3,53.1,9840.09,6.92,Médio
2016,10,2016-10-01,Centro-Oeste,MS,Campo Grande,Bicicleta,796731,51.5,88.1,53.9,47118.9,4.18,Alto
2016,10,2016-10-01,Sudeste,SP,São Paulo,BRT,82991,60.9,24.4,31.8,35237.41,4.24,Baixo
2016,10,2016-10-01,Sudeste,SP,Campinas,Trem,930628,60.0,81.9,46.3,10410.32,6.48,Alto
2016,10,2016-10-01,Sudeste,SP,Ribeirão Preto,Metrô,569421,69.9,27.6,29.8,32577.83,7.25,Alto
2016,10,2016-10-01,Sudeste,RJ,Rio de Janeiro,Metrô,1612916,39.1,92.6,39.8,44265.87,6.19,Baixo
2016,10,2016-10-01,Sudeste,RJ,Niterói,Metrô,706470,88.1,31.3,34.2,49212.72,4.42,Médio
2016,10,2016-10-01,Sudeste,RJ,Nova Iguaçu,Ônibus,1007752,76.0,63.7,16.8,3654.36,6.57,Baixo
2016,10,2016-10-01,Sudeste,RJ,Petrópolis,Bicicleta,246790,43.7,62.6,19.0,12098.26,6.01,Baixo
2016,10,2016-10-01,Sudeste,MG,Belo Horizonte,Trem,1655098,37.9,93.8,44.7,38922.14,5.18,Alto
2016,10,2016-10-01,Sudeste,MG,Uberlândia,Bicicleta,1549231,57.5,73.8,19.0,44577.44,7.59,Baixo
2016,10,2016-10-01,Sudeste,MG,Juiz de Fora,Metrô,1570401,28.5,106.7,31.8,24383.29,4.11,Crítico
2016,10,2016-10-01,Sudeste,ES,Vitória,Metrô,1984413,47.0,89.6,23.6,32716.66,5.52,Baixo
2016,10,2016-10-01,Sudeste,ES,Vila Velha,Ônibus,1802656,26.1,84.0,13.7,48760.01,4.97,Crítico
2016,10,2016-10-01,Sudeste,ES,Serra,BRT,1270232,38.7,73.6,25.9,10934.27,6.01,Alto
2016,10,2016-10-01,Sul,PR,Curitiba,Bicicleta,422527,73.9,84.1,34.1,5911.06,5.24,Crítico
2016,10,2016-10-01,Sul,PR,Londrina,Ônibus,919197,44.0,103.0,21.1,47800.92,6.77,Alto
2016,10,2016-10-01,Sul,SC,Florianópolis,BRT,785816,34.8,113.1,25.1,17278.61,4.14,Baixo
2016,10,2016-10-01,Sul,SC,Joinville,VLT,1709640,45.8,87.3,24.9,23695.6,6.62,Alto
2016,10,2016-10-01,Sul,RS,Porto Alegre,Ônibus,1357229,38.2,79.2,38.1,9527.31,7.73,Crítico
2016,10,2016-10-01,Sul,RS,Caxias do Sul,BRT,1088366,43.5,42.2,25.0,33311.46,6.23,Alto
2016,11,2016-11-01,Norte,AM,Manaus,BRT,1626497,85.0,119.2,47.4,41074.11,7.85,Médio
2016,11,2016-11-01,Norte,PA,Belém,VLT,1385286,18.0,117.1,24.8,10223.16,4.66,Baixo
2016,11,2016-11-01,Norte,PA,Santarém,Bicicleta,458852,77.1,78.0,29.5,12201.11,7.94,Baixo
2016,11,2016-11-01,Norte,RO,Porto Velho,VLT,1768601,74.8,73.3,31.5,28786.88,4.86,Baixo
2016,11,2016-11-01,Norte,TO,Palmas,VLT,17483,15.4,78.7,27.4,31770.61,6.98,Médio
2016,11,2016-11-01,Nordeste,BA,Salvador,BRT,1783812,51.2,116.2,19.7,15156.89,5.12,Crítico
2016,11,2016-11-01,Nordeste,BA,Feira de Santana,Trem,1947236,71.4,102.8,38.9,1618.65,6.92,Médio
2016,11,2016-11-01,Nordeste,PE,Recife,Trem,1138211,35.2,44.0,25.0,31190.4,7.13,Crítico
2016,11,2016-11-01,Nordeste,PE,Jaboatão dos Guararapes,Bicicleta,232630,45.8,32.7,30.0,14032.29,6.48,Baixo
2016,11,2016-11-01,Nordeste,CE,Fortaleza,BRT,234397,35.3,71.4,30.5,12687.05,7.74,Médio
2016,11,2016-11-01,Nordeste,CE,Juazeiro do Norte,BRT,988800,63.4,118.0,37.6,14325.27,6.5,Baixo
2016,11,2016-11-01,Nordeste,MA,São Luís,Bicicleta,1757564,91.0,72.5,38.5,8128.51,3.79,Baixo
2016,11,2016-11-01,Nordeste,PB,João Pessoa,Trem,127226,88.2,102.7,50.9,43219.8,3.82,Crítico
2016,11,2016-11-01,Centro-Oeste,DF,Brasília,VLT,1385081,79.6,87.8,37.7,26994.55,5.19,Crítico
2016,11,2016-11-01,Centro-Oeste,GO,Goiânia,Trem,994486,21.1,39.9,21.7,15389.99,4.19,Baixo
2016,11,2016-11-01,Centro-Oeste,GO,Aparecida de Goiânia,VLT,1187771,39.1,99.7,51.3,31893.52,4.23,Alto
2016,11,2016-11-01,Centro-Oeste,MT,Cuiabá,BRT,479579,67.7,59.1,41.5,26792.14,6.29,Baixo
2016,11,2016-11-01,Centro-Oeste,MS,Campo Grande,Trem,185398,81.7,25.1,27.5,22549.65,3.63,Médio
2016,11,2016-11-01,Sudeste,SP,São Paulo,Metrô,572883,66.9,30.0,23.1,44615.72,6.84,Médio
2016,11,2016-11-01,Sudeste,SP,Campinas,Bicicleta,931595,48.1,85.1,49.4,9431.95,6.51,Médio
2016,11,2016-11-01,Sudeste,SP,Ribeirão Preto,Metrô,1873603,59.9,114.1,10.6,34802.79,3.91,Baixo
2016,11,2016-11-01,Sudeste,RJ,Rio de Janeiro,Ônibus,1391554,39.2,72.2,10.1,32384.08,6.74,Crítico
2016,11,2016-11-01,Sudeste,RJ,Niterói,Metrô,93812,24.2,118.9,17.3,48217.15,3.98,Baixo
2016,11,2016-11-01,Sudeste,RJ,Nova Iguaçu,Bicicleta,518101,43.0,102.0,34.9,48293.53,5.53,Crítico
2016,11,2016-11-01,Sudeste,RJ,Petrópolis,VLT,1393178,79.5,89.9,40.7,16379.25,6.13,Crítico
2016,11,2016-11-01,Sudeste,MG,Belo Horizonte,VLT,678292,71.1,35.8,54.1,29442.94,7.1,Médio
2016,11,2016-11-01,Sudeste,MG,Uberlândia,Metrô,1484595,71.1,81.4,48.2,5628.64,5.94,Alto
2016,11,2016-11-01,Sudeste,MG,Juiz de Fora,Ônibus,1823451,17.8,65.5,8.4,688.58,6.6,Baixo
2016,11,2016-11-01,Sudeste,ES,Vitória,BRT,648487,85.0,41.6,35.8,11623.19,6.52,Alto
2016,11,2016-11-01,Sudeste,ES,Vila Velha,Bicicleta,1199704,50.6,58.9,10.0,5825.41,4.03,Médio
2016,11,2016-11-01,Sudeste,ES,Serra,Ônibus,1418213,68.3,56.5,15.1,33056.23,5.78,Crítico
2016,11,2016-11-01,Sul,PR,Curitiba,Ônibus,1665689,43.9,30.1,37.8,26928.4,7.01,Crítico
2016,11,2016-11-01,Sul,PR,Londrina,Metrô,1567070,89.2,87.5,53.6,10640.43,6.05,Baixo
2016,11,2016-11-01,Sul,SC,Florianópolis,VLT,122594,75.1,30.3,51.5,30494.83,7.37,Baixo
2016,11,2016-11-01,Sul,SC,Joinville,Bicicleta,312049,31.9,98.8,26.5,36744.24,4.18,Médio
2016,11,2016-11-01,Sul,RS,Porto Alegre,BRT,1487841,44.7,75.8,25.9,19988.5,6.65,Médio
2016,11,2016-11-01,Sul,RS,Caxias do Sul,BRT,452362,57.0,75.2,9.9,9673.21,5.85,Crítico
2016,12,2016-12-01,Norte,AM,Manaus,Metrô,744314,64.1,74.1,9.8,14405.57,5.22,Alto
2016,12,2016-12-01,Norte,PA,Belém,Metrô,1315465,38.0,92.5,31.9,33681.6,6.87,Baixo
2016,12,2016-12-01,Norte,PA,Santarém,Bicicleta,1778057,90.6,96.0,33.5,26895.19,6.68,Crítico
2016,12,2016-12-01,Norte,RO,Porto Velho,Metrô,1298507,78.8,27.2,21.3,32944.26,5.27,Baixo
2016,12,2016-12-01,Norte,TO,Palmas,Metrô,1525972,64.9,112.2,11.1,49999.26,6.35,Baixo
2016,12,2016-12-01,Nordeste,BA,Salvador,BRT,172382,61.7,52.2,30.2,28716.61,3.96,Crítico
2016,12,2016-12-01,Nordeste,BA,Feira de Santana,BRT,1788277,83.1,113.3,33.8,8079.24,7.75,Alto
2016,12,2016-12-01,Nordeste,PE,Recife,VLT,427507,53.0,82.6,36.7,41626.16,3.58,Alto
2016,12,2016-12-01,Nordeste,PE,Jaboatão dos Guararapes,BRT,675659,44.5,84.0,28.6,14424.25,5.02,Baixo
2016,12,2016-12-01,Nordeste,CE,Fortaleza,Bicicleta,664001,19.1,22.2,36.6,15625.03,4.72,Alto
2016,12,2016-12-01,Nordeste,CE,Juazeiro do Norte,Trem,1367706,24.9,104.9,36.8,44390.65,7.93,Médio
2016,12,2016-12-01,Nordeste,MA,São Luís,BRT,299484,39.8,32.9,51.9,23794.21,3.66,Médio
2016,12,2016-12-01,Nordeste,PB,João Pessoa,Bicicleta,1574854,45.7,61.8,53.4,44788.42,4.33,Médio
2016,12,2016-12-01,Centro-Oeste,DF,Brasília,VLT,756659,29.4,82.8,34.4,29957.73,7.19,Médio
2016,12,2016-12-01,Centro-Oeste,GO,Goiânia,Trem,520454,70.4,38.3,24.7,29797.09,7.9,Crítico
2016,12,2016-12-01,Centro-Oeste,GO,Aparecida de Goiânia,Bicicleta,1062638,28.1,103.8,45.0,18820.4,7.56,Crítico
2016,12,2016-12-01,Centro-Oeste,MT,Cuiabá,Bicicleta,553271,26.3,70.6,34.6,42427.05,5.65,Alto
2016,12,2016-12-01,Centro-Oeste,MS,Campo Grande,VLT,262811,59.9,107.0,49.2,30105.04,3.51,Baixo
2016,12,2016-12-01,Sudeste,SP,São Paulo,Ônibus,428231,92.6,23.2,23.1,10672.61,5.03,Alto
2016,12,2016-12-01,Sudeste,SP,Campinas,VLT,665001,60.1,38.3,47.3,44887.64,7.41,Alto
2016,12,2016-12-01,Sudeste,SP,Ribeirão Preto,Ônibus,55939,85.6,67.3,9.2,31070.66,3.59,Médio
2016,12,2016-12-01,Sudeste,RJ,Rio de Janeiro,Metrô,1234890,78.9,115.7,20.5,20798.86,5.76,Alto
2016,12,2016-12-01,Sudeste,RJ,Niterói,Bicicleta,497655,43.8,66.0,37.3,39398.55,5.76,Crítico
2016,12,2016-12-01,Sudeste,RJ,Nova Iguaçu,BRT,103834,55.6,100.7,53.0,8354.5,7.24,Baixo
2016,12,2016-12-01,Sudeste,RJ,Petrópolis,Ônibus,557189,16.8,79.7,30.5,22178.55,5.02,Baixo
2016,12,2016-12-01,Sudeste,MG,Belo Horizonte,BRT,1666294,26.4,48.4,38.4,3199.04,5.29,Médio
2016,12,2016-12-01,Sudeste,MG,Uberlândia,Ônibus,194840,45.1,55.6,24.0,43333.83,6.12,Crítico
2016,12,2016-12-01,Sudeste,MG,Juiz de Fora,Trem,391059,22.5,56.3,46.7,46104.8,7.94,Alto
2016,12,2016-12-01,Sudeste,ES,Vitória,VLT,1538182,94.1,109.7,15.7,7822.09,5.88,Baixo
2016,12,2016-12-01,Sudeste,ES,Vila Velha,VLT,1144340,66.9,33.1,54.5,6148.53,6.84,Médio
2016,12,2016-12-01,Sudeste,ES,Serra,Ônibus,490974,33.2,100.6,54.3,12401.17,4.25,Crítico
2016,12,2016-12-01,Sul,PR,Curitiba,Bicicleta,1579470,76.5,45.1,32.2,49356.01,4.46,Alto
2016,12,2016-12-01,Sul,PR,Londrina,Trem,534301,42.1,78.7,10.7,4846.08,7.94,Baixo
2016,12,2016-12-01,Sul,SC,Florianópolis,VLT,496662,28.6,25.6,34.9,19408.81,7.48,Crítico
2016,12,2016-12-01,Sul,SC,Joinville,Metrô,1882083,78.2,71.9,37.3,47770.59,4.5,Médio
2016,12,2016-12-01,Sul,RS,Porto Alegre,Trem,1144941,43.2,94.2,23.6,1402.16,4.52,Médio
2016,12,2016-12-01,Sul,RS,Caxias do Sul,Trem,796875,93.1,109.7,21.7,27224.78,3.92,Crítico
2017,1,2017-01-01,Norte,AM,Manaus,VLT,1091645,41.7,114.8,14.1,13047.57,6.62,Crítico
2017,1,2017-01-01,Norte,PA,Belém,Metrô,683226,56.2,111.8,51.0,2468.28,7.58,Alto
2017,1,2017-01-01,Norte,PA,Santarém,VLT,299945,28.0,54.7,27.8,7322.33,6.48,Médio
2017,1,2017-01-01,Norte,RO,Porto Velho,Bicicleta,843176,59.5,51.3,45.8,42342.25,5.95,Alto
2017,1,2017-01-01,Norte,TO,Palmas,Bicicleta,403419,90.0,95.0,18.3,1920.94,5.0,Alto
2017,1,2017-01-01,Nordeste,BA,Salvador,Trem,521798,77.5,109.3,38.4,7199.29,5.34,Crítico
2017,1,2017-01-01,Nordeste,BA,Feira de Santana,Bicicleta,1087477,15.3,116.9,46.5,45166.22,7.78,Médio
2017,1,2017-01-01,Nordeste,PE,Recife,VLT,1391695,76.3,50.5,48.4,29274.69,3.57,Crítico
2017,1,2017-01-01,Nordeste,PE,Jaboatão dos Guararapes,VLT,1309725,41.7,70.2,53.8,13607.37,4.04,Crítico
2017,1,2017-01-01,Nordeste,CE,Fortaleza,Trem,219809,56.6,69.3,14.0,34153.38,4.1,Alto
2017,1,2017-01-01,Nordeste,CE,Juazeiro do Norte,BRT,1841290,36.9,72.0,48.6,34416.18,5.52,Crítico
2017,1,2017-01-01,Nordeste,MA,São Luís,Ônibus,974351,44.8,107.3,25.7,38312.23,5.63,Alto
2017,1,2017-01-01,Nordeste,PB,João Pessoa,VLT,383939,19.7,66.3,14.7,46383.8,7.37,Alto
2017,1,2017-01-01,Centro-Oeste,DF,Brasília,Trem,969199,55.7,101.5,8.5,2573.03,4.21,Médio
2017,1,2017-01-01,Centro-Oeste,GO,Goiânia,VLT,59299,43.8,50.0,54.5,10311.36,4.57,Médio
2017,1,2017-01-01,Centro-Oeste,GO,Aparecida de Goiânia,VLT,1351233,17.7,45.6,43.3,14769.72,7.12,Crítico
2017,1,2017-01-01,Centro-Oeste,MT,Cuiabá,Ônibus,1624170,44.3,111.4,39.0,14023.24,4.21,Baixo
2017,1,2017-01-01,Centro-Oeste,MS,Campo Grande,Bicicleta,1286572,69.2,29.2,11.6,46467.79,6.03,Crítico
2017,1,2017-01-01,Sudeste,SP,São Paulo,BRT,1905836,94.7,114.3,52.0,26304.02,3.78,Médio
2017,1,2017-01-01,Sudeste,SP,Campinas,Ônibus,1669706,28.6,109.6,35.5,43267.5,7.27,Médio
2017,1,2017-01-01,Sudeste,SP,Ribeirão Preto,BRT,1995188,62.5,30.2,45.6,31177.63,6.73,Crítico
2017,1,2017-01-01,Sudeste,RJ,Rio de Janeiro,VLT,1068476,76.0,70.6,25.8,3921.05,6.15,Alto
2017,1,2017-01-01,Sudeste,RJ,Niterói,Bicicleta,1922315,72.2,34.3,13.7,34777.47,6.77,Alto
2017,1,2017-01-01,Sudeste,RJ,Nova Iguaçu,BRT,1260648,55.9,54.5,38.1,48326.86,6.61,Crítico
2017,1,2017-01-01,Sudeste,RJ,Petrópolis,Ônibus,257233,22.9,45.0,34.6,1016.14,5.47,Baixo
2017,1,2017-01-01,Sudeste,MG,Belo Horizonte,Ônibus,1928028,84.4,20.8,22.8,12158.89,4.75,Crítico
2017,1,2017-01-01,Sudeste,MG,Uberlândia,Trem,1152810,45.9,49.1,51.7,36533.33,6.69,Alto
2017,1,2017-01-01,Sudeste,MG,Juiz de Fora,Metrô,1191152,28.3,95.5,45.8,26065.63,4.16,Alto
2017,1,2017-01-01,Sudeste,ES,Vitória,BRT,1549452,68.8,22.9,29.4,9747.65,4.86,Crítico
2017,1,2017-01-01,Sudeste,ES,Vila Velha,BRT,195492,32.2,70.8,27.3,12336.67,4.29,Crítico
2017,1,2017-01-01,Sudeste,ES,Serra,Metrô,27186,58.2,38.6,9.3,40991.21,4.7,Médio
2017,1,2017-01-01,Sul,PR,Curitiba,Ônibus,1322588,15.9,37.6,25.9,28829.24,3.91,Médio
2017,1,2017-01-01,Sul,PR,Londrina,Ônibus,318815,66.9,42.6,43.5,17507.53,6.83,Crítico
2017,1,2017-01-01,Sul,SC,Florianópolis,BRT,1905543,36.0,94.4,25.0,47784.51,6.63,Crítico
2017,1,2017-01-01,Sul,SC,Joinville,VLT,141064,50.5,101.6,29.1,27411.17,6.76,Crítico
2017,1,2017-01-01,Sul,RS,Porto Alegre,Ônibus,1633271,49.7,20.7,27.2,11618.7,7.58,Crítico
2017,1,2017-01-01,Sul,RS,Caxias do Sul,Ônibus,765418,39.1,53.0,16.0,16053.02,4.1,Médio
2017,2,2017-02-01,Norte,AM,Manaus,Ônibus,975806,22.1,22.7,53.6,34838.48,6.98,Alto
2017,2,2017-02-01,Norte,PA,Belém,Bicicleta,155285,90.0,46.8,40.1,3693.3,4.36,Crítico
2017,2,2017-02-01,Norte,PA,Santarém,Metrô,1420176,72.4,74.0,35.3,7178.84,7.09,Crítico
2017,2,2017-02-01,Norte,RO,Porto Velho,Metrô,1543114,89.6,86.3,51.0,26781.85,7.35,Alto
2017,2,2017-02-01,Norte,TO,Palmas,Metrô,1894489,78.2,37.9,25.6,17973.95,7.76,Crítico
2017,2,2017-02-01,Nordeste,BA,Salvador,VLT,1923306,53.8,49.8,48.2,41926.89,4.75,Médio
2017,2,2017-02-01,Nordeste,BA,Feira de Santana,VLT,106179,70.0,21.4,35.4,27698.49,4.87,Médio
2017,2,2017-02-01,Nordeste,PE,Recife,Bicicleta,988395,36.8,35.7,31.0,36141.29,5.71,Baixo
2017,2,2017-02-01,Nordeste,PE,Jaboatão dos Guararapes,VLT,1822364,43.7,78.7,28.4,17028.35,5.69,Médio
2017,2,2017-02-01,Nordeste,CE,Fortaleza,Trem,1860721,19.0,56.9,51.3,8973.7,5.26,Baixo
2017,2,2017-02-01,Nordeste,CE,Juazeiro do Norte,VLT,330352,53.5,64.8,25.7,48271.64,6.16,Baixo
2017,2,2017-02-01,Nordeste,MA,São Luís,Metrô,1723079,83.1,45.2,13.8,39866.32,4.68,Baixo
2017,2,2017-02-01,Nordeste,PB,João Pessoa,Trem,1859697,17.1,103.7,45.6,47781.72,4.97,Médio
2017,2,2017-02-01,Centro-Oeste,DF,Brasília,Bicicleta,413523,42.2,101.9,51.3,39124.02,4.42,Baixo
2017,2,2017-02-01,Centro-Oeste,GO,Goiânia,VLT,732334,72.3,79.6,23.2,10190.55,4.45,Alto
2017,2,2017-02-01,Centro-Oeste,GO,Aparecida de Goiânia,Trem,260505,75.4,79.6,25.7,5704.37,7.07,Baixo
2017,2,2017-02-01,Centro-Oeste,MT,Cuiabá,Metrô,150422,69.1,118.9,35.8,43284.77,7.92,Baixo
2017,2,2017-02-01,Centro-Oeste,MS,Campo Grande,Trem,1389762,52.5,36.3,13.8,18649.45,5.04,Alto
2017,2,2017-02-01,Sudeste,SP,São Paulo,Bicicleta,725520,48.7,20.6,29.8,8764.79,4.78,Crítico
2017,2,2017-02-01,Sudeste,SP,Campinas,BRT,1260439,70.4,28.6,22.5,12825.78,6.89,Alto
2017,2,2017-02-01,Sudeste,SP,Ribeirão Preto,BRT,821973,59.4,59.8,39.3,7493.21,4.22,Crítico
2017,2,2017-02-01,Sudeste,RJ,Rio de Janeiro,Bicicleta,1144795,68.7,117.7,23.5,47987.52,6.26,Crítico
2017,2,2017-02-01,Sudeste,RJ,Niterói,Trem,965764,70.6,24.3,17.2,31149.45,4.21,Baixo
2017,2,2017-02-01,Sudeste,RJ,Nova Iguaçu,BRT,56059,66.5,24.6,29.5,44727.38,7.25,Baixo
2017,2,2017-02-01,Sudeste,RJ,Petrópolis,BRT,719089,15.4,117.9,17.4,34363.81,4.03,Crítico
2017,2,2017-02-01,Sudeste,MG,Belo Horizonte,Ônibus,925173,71.0,94.7,30.4,13066.34,5.15,Baixo
2017,2,2017-02-01,Sudeste,MG,Uberlândia,Ônibus,1403652,31.7,58.8,19.4,45530.86,4.21,Crítico
2017,2,2017-02-01,Sudeste,MG,Juiz de Fora,Ônibus,1161894,83.2,37.1,14.4,22739.15,5.18,Baixo
2017,2,2017-02-01,Sudeste,ES,Vitória,Trem,1991011,35.8,80.2,36.3,17805.16,7.67,Crítico
2017,2,2017-02-01,Sudeste,ES,Vila Velha,VLT,961489,68.4,29.1,42.1,34681.48,8.0,Médio
2017,2,2017-02-01,Sudeste,ES,Serra,BRT,1433276,75.5,37.4,17.6,26361.4,4.41,Médio
2017,2,2017-02-01,Sul,PR,Curitiba,Ônibus,1921172,42.8,75.7,18.3,15993.56,6.71,Baixo
2017,2,2017-02-01,Sul,PR,Londrina,Metrô,850921,64.2,58.0,38.1,8892.94,6.02,Alto
2017,2,2017-02-01,Sul,SC,Florianópolis,Metrô,205372,55.7,96.1,9.4,36267.94,5.14,Alto
2017,2,2017-02-01,Sul,SC,Joinville,VLT,1772825,64.0,41.6,38.4,28559.5,5.44,Crítico
2017,2,2017-02-01,Sul,RS,Porto Alegre,Ônibus,201586,30.1,104.0,17.3,35559.15,4.13,Baixo
2017,2,2017-02-01,Sul,RS,Caxias do Sul,Trem,1927284,56.3,79.1,16.6,15397.24,7.66,Médio
2017,3,2017-03-01,Norte,AM,Manaus,Bicicleta,622199,69.8,68.6,9.6,36446.32,4.12,Alto
2017,3,2017-03-01,Norte,PA,Belém,VLT,1099301,25.5,40.7,32.0,49768.8,4.95,Crítico
2017,3,2017-03-01,Norte,PA,Santarém,VLT,1164542,49.4,27.5,20.1,10341.22,5.85,Alto
2017,3,2017-03-01,Norte,RO,Porto Velho,VLT,1120402,73.1,60.9,44.2,7720.65,7.41,Médio
2017,3,2017-03-01,Norte,TO,Palmas,Bicicleta,679377,23.5,95.4,14.5,19574.05,5.1,Baixo
2017,3,2017-03-01,Nordeste,BA,Salvador,VLT,1783898,82.8,56.3,9.1,49782.08,6.37,Baixo
2017,3,2017-03-01,Nordeste,BA,Feira de Santana,Metrô,656369,71.9,79.4,44.9,33189.53,6.65,Baixo
2017,3,2017-03-01,Nordeste,PE,Recife,Metrô,594384,50.2,46.4,13.7,9833.1,7.31,Baixo
2017,3,2017-03-01,Nordeste,PE,Jaboatão dos Guararapes,Metrô,900123,53.0,91.7,25.1,33566.54,6.02,Crítico
2017,3,2017-03-01,Nordeste,CE,Fortaleza,Trem,1835905,51.8,105.3,28.8,22218.66,3.67,Médio
2017,3,2017-03-01,Nordeste,CE,Juazeiro do Norte,Ônibus,1355765,55.5,98.1,40.4,41760.11,7.77,Médio
2017,3,2017-03-01,Nordeste,MA,São Luís,Trem,1901467,60.4,109.8,29.5,17796.94,6.04,Médio
2017,3,2017-03-01,Nordeste,PB,João Pessoa,Metrô,1003067,56.8,77.4,44.0,4347.52,5.84,Médio
2017,3,2017-03-01,Centro-Oeste,DF,Brasília,Metrô,1755365,45.7,92.0,23.0,6844.87,5.66,Crítico
2017,3,2017-03-01,Centro-Oeste,GO,Goiânia,BRT,1196788,57.2,74.5,43.4,46508.62,5.78,Médio
2017,3,2017-03-01,Centro-Oeste,GO,Aparecida de Goiânia,BRT,1261184,78.1,71.1,21.1,43435.28,4.97,Baixo
2017,3,2017-03-01,Centro-Oeste,MT,Cuiabá,Ônibus,1462240,90.1,49.2,12.7,35864.8,7.05,Médio
2017,3,2017-03-01,Centro-Oeste,MS,Campo Grande,BRT,395999,57.9,91.4,10.5,10558.36,3.66,Alto
2017,3,2017-03-01,Sudeste,SP,São Paulo,Ônibus,677172,46.1,43.8,40.1,45911.77,6.5,Alto
2017,3,2017-03-01,Sudeste,SP,Campinas,Ônibus,1301766,49.1,88.4,26.7,1837.99,5.15,Baixo
2017,3,2017-03-01,Sudeste,SP,Ribeirão Preto,BRT,349497,17.9,45.1,39.2,34336.4,4.41,Baixo
2017,3,2017-03-01,Sudeste,RJ,Rio de Janeiro,BRT,55624,91.6,111.6,13.2,45322.99,7.41,Baixo
2017,3,2017-03-01,Sudeste,RJ,Niterói,VLT,1109904,54.5,33.0,25.7,6292.01,7.24,Baixo
2017,3,2017-03-01,Sudeste,RJ,Nova Iguaçu,Metrô,1151101,89.0,60.2,34.4,2648.77,6.19,Médio
2017,3,2017-03-01,Sudeste,RJ,Petrópolis,Ônibus,500067,39.1,103.0,12.2,44458.8,6.42,Médio
2017,3,2017-03-01,Sudeste,MG,Belo Horizonte,VLT,1323328,31.6,107.1,30.3,14727.78,6.69,Alto
2017,3,2017-03-01,Sudeste,MG,Uberlândia,Bicicleta,501533,25.6,40.3,41.7,43921.96,6.91,Médio
2017,3,2017-03-01,Sudeste,MG,Juiz de Fora,VLT,1798885,26.1,66.2,8.2,24408.67,5.67,Baixo
2017,3,2017-03-01,Sudeste,ES,Vitória,Metrô,1979428,81.8,113.3,50.3,878.67,6.56,Alto
2017,3,2017-03-01,Sudeste,ES,Vila Velha,Metrô,1924904,80.6,33.1,48.7,34460.67,6.3,Crítico
2017,3,2017-03-01,Sudeste,ES,Serra,VLT,1415216,44.4,89.4,38.2,44801.31,7.92,Médio
2017,3,2017-03-01,Sul,PR,Curitiba,Trem,1895848,75.6,78.6,29.1,1686.12,6.37,Alto
2017,3,2017-03-01,Sul,PR,Londrina,Bicicleta,1011398,35.2,35.3,19.8,16970.05,7.76,Baixo
2017,3,2017-03-01,Sul,SC,Florianópolis,BRT,1065937,64.3,43.6,29.5,34642.28,5.42,Médio
2017,3,2017-03-01,Sul,SC,Joinville,Ônibus,1451220,71.3,61.2,20.5,19776.24,3.61,Alto
2017,3,2017-03-01,Sul,RS,Porto Alegre,Bicicleta,802399,78.1,91.2,44.7,24425.41,4.11,Crítico
2017,3,2017-03-01,Sul,RS,Caxias do Sul,Trem,505505,51.8,20.1,52.3,20445.47,5.55,Alto
2017,4,2017-04-01,Norte,AM,Manaus,Trem,892037,54.5,30.5,46.2,9539.9,5.79,Médio
2017,4,2017-04-01,Norte,PA,Belém,BRT,852535,69.3,33.5,25.3,9873.73,6.33,Médio
2017,4,2017-04-01,Norte,PA,Santarém,VLT,1469806,91.5,105.6,48.2,19003.79,3.59,Médio
2017,4,2017-04-01,Norte,RO,Porto Velho,Trem,197561,90.8,44.2,36.2,45611.01,7.72,Médio
2017,4,2017-04-01,Norte,TO,Palmas,Ônibus,1468218,28.7,108.9,24.0,861.68,5.06,Crítico
2017,4,2017-04-01,Nordeste,BA,Salvador,Trem,257156,60.4,38.2,13.9,22960.31,4.5,Crítico
2017,4,2017-04-01,Nordeste,BA,Feira de Santana,Trem,210160,69.0,104.4,18.9,2969.53,4.34,Alto
2017,4,2017-04-01,Nordeste,PE,Recife,Ônibus,69820,92.6,79.9,44.9,11223.2,3.65,Crítico
2017,4,2017-04-01,Nordeste,PE,Jaboatão dos Guararapes,Ônibus,483830,65.2,109.6,51.3,24170.17,3.64,Médio
2017,4,2017-04-01,Nordeste,CE,Fortaleza,Metrô,1924563,54.7,51.5,9.5,15029.79,5.41,Crítico
2017,4,2017-04-01,Nordeste,CE,Juazeiro do Norte,BRT,605853,43.2,22.0,38.3,30740.69,4.63,Baixo
2017,4,2017-04-01,Nordeste,MA,São Luís,Trem,1434090,17.6,52.2,24.0,46870.93,7.35,Alto
2017,4,2017-04-01,Nordeste,PB,João Pessoa,Trem,179190,43.0,107.2,13.5,8071.09,4.8,Baixo
2017,4,2017-04-01,Centro-Oeste,DF,Brasília,Trem,543012,57.3,42.6,46.6,25768.63,5.57,Baixo
2017,4,2017-04-01,Centro-Oeste,GO,Goiânia,Trem,1306498,47.3,113.1,44.7,39009.37,7.88,Baixo
2017,4,2017-04-01,Centro-Oeste,GO,Aparecida de Goiânia,BRT,551260,70.2,32.6,41.3,37644.66,6.7,Médio
2017,4,2017-04-01,Centro-Oeste,MT,Cuiabá,VLT,1372774,51.7,71.0,44.4,9168.39,6.29,Médio
2017,4,2017-04-01,Centro-Oeste,MS,Campo Grande,VLT,1015410,76.0,91.3,48.7,28721.11,4.95,Médio
2017,4,2017-04-01,Sudeste,SP,São Paulo,Metrô,86094,32.9,84.3,19.6,11802.64,7.1,Alto
2017,4,2017-04-01,Sudeste,SP,Campinas,Ônibus,940055,67.6,88.1,38.1,49289.8,3.85,Baixo
2017,4,2017-04-01,Sudeste,SP,Ribeirão Preto,BRT,885103,15.6,38.3,31.0,8541.55,5.57,Baixo
2017,4,2017-04-01,Sudeste,RJ,Rio de Janeiro,Bicicleta,375305,59.7,40.9,38.8,20756.57,7.5,Baixo
2017,4,2017-04-01,Sudeste,RJ,Niterói,Metrô,1964919,68.3,74.2,29.3,21256.21,4.92,Baixo
2017,4,2017-04-01,Sudeste,RJ,Nova Iguaçu,Metrô,1882451,81.6,119.6,23.6,34670.88,6.15,Crítico
2017,4,2017-04-01,Sudeste,RJ,Petrópolis,Metrô,1715288,27.6,86.2,25.7,31428.87,6.8,Crítico
2017,4,2017-04-01,Sudeste,MG,Belo Horizonte,Ônibus,226933,56.4,25.6,40.7,27044.56,4.96,Crítico
2017,4,2017-04-01,Sudeste,MG,Uberlândia,Bicicleta,189334,23.6,119.4,14.6,33796.11,5.76,Médio
2017,4,2017-04-01,Sudeste,MG,Juiz de Fora,BRT,1381346,42.3,25.5,53.9,6755.87,4.08,Alto
2017,4,2017-04-01,Sudeste,ES,Vitória,VLT,618102,40.7,117.8,31.3,18928.47,7.63,Crítico
2017,4,2017-04-01,Sudeste,ES,Vila Velha,Ônibus,1431404,18.4,40.7,52.5,48719.4,4.71,Médio
2017,4,2017-04-01,Sudeste,ES,Serra,Ônibus,1566388,73.3,55.5,9.0,48742.52,7.53,Baixo
2017,4,2017-04-01,Sul,PR,Curitiba,Metrô,424908,33.9,96.6,50.9,19595.24,4.51,Alto
2017,4,2017-04-01,Sul,PR,Londrina,Ônibus,826420,27.6,35.0,44.7,28650.4,7.64,Baixo
2017,4,2017-04-01,Sul,SC,Florianópolis,VLT,119986,61.0,102.5,45.1,25269.63,4.32,Alto
2017,4,2017-04-01,Sul,SC,Joinville,Metrô,1570167,85.4,40.3,38.5,1337.95,7.75,Médio
2017,4,2017-04-01,Sul,RS,Porto Alegre,Metrô,1431799,39.8,112.2,34.2,46625.92,6.43,Crítico
2017,4,2017-04-01,Sul,RS,Caxias do Sul,VLT,530272,43.4,65.8,35.4,17608.89,4.34,Alto
2017,5,2017-05-01,Norte,AM,Manaus,Metrô,775167,35.8,20.4,36.5,35217.17,3.61,Crítico
2017,5,2017-05-01,Norte,PA,Belém,Metrô,396379,72.5,25.2,54.2,11580.33,7.56,Baixo
2017,5,2017-05-01,Norte,PA,Santarém,BRT,277130,84.1,40.0,18.9,39289.5,3.9,Crítico
2017,5,2017-05-01,Norte,RO,Porto Velho,BRT,1536012,94.2,79.2,50.8,4407.59,7.84,Alto
2017,5,2017-05-01,Norte,TO,Palmas,Trem,610267,89.5,84.7,40.4,42666.68,6.13,Baixo
2017,5,2017-05-01,Nordeste,BA,Salvador,BRT,646256,74.3,35.4,46.9,5793.32,4.54,Médio
2017,5,2017-05-01,Nordeste,BA,Feira de Santana,BRT,915804,56.2,87.1,29.8,2284.03,4.1,Alto
2017,5,2017-05-01,Nordeste,PE,Recife,Trem,452701,86.4,116.2,26.4,46850.56,6.2,Baixo
2017,5,2017-05-01,Nordeste,PE,Jaboatão dos Guararapes,Bicicleta,1992894,33.5,110.2,11.2,32957.04,7.08,Alto
2017,5,2017-05-01,Nordeste,CE,Fortaleza,Metrô,456339,57.0,82.9,47.0,41293.85,3.84,Crítico
2017,5,2017-05-01,Nordeste,CE,Juazeiro do Norte,Trem,1403184,84.0,64.8,41.3,25465.03,7.93,Baixo
2017,5,2017-05-01,Nordeste,MA,São Luís,Trem,765114,16.5,87.1,27.8,9937.35,7.51,Alto
2017,5,2017-05-01,Nordeste,PB,João Pessoa,BRT,185428,38.2,55.4,38.5,2831.52,7.57,Médio
2017,5,2017-05-01,Centro-Oeste,DF,Brasília,Bicicleta,334842,36.3,56.0,37.4,49784.74,8.0,Alto
2017,5,2017-05-01,Centro-Oeste,GO,Goiânia,Metrô,1544721,20.5,63.7,27.1,17071.92,5.81,Alto
2017,5,2017-05-01,Centro-Oeste,GO,Aparecida de Goiânia,VLT,1954973,44.0,71.4,24.7,42318.75,4.83,Baixo
2017,5,2017-05-01,Centro-Oeste,MT,Cuiabá,Ônibus,91051,72.9,62.6,22.3,453.06,5.85,Médio
2017,5,2017-05-01,Centro-Oeste,MS,Campo Grande,Ônibus,761132,17.5,81.0,35.8,26462.3,4.11,Médio
2017,5,2017-05-01,Sudeste,SP,São Paulo,Trem,184994,75.6,110.3,17.9,32483.28,7.32,Médio
2017,5,2017-05-01,Sudeste,SP,Campinas,Trem,872850,30.6,82.8,43.8,11772.26,5.22,Médio
2017,5,2017-05-01,Sudeste,SP,Ribeirão Preto,Ônibus,1915692,65.8,44.8,51.0,43122.41,6.99,Crítico
2017,5,2017-05-01,Sudeste,RJ,Rio de Janeiro,Metrô,1756324,49.1,76.6,21.7,44631.71,6.08,Crítico
2017,5,2017-05-01,Sudeste,RJ,Niterói,BRT,1825440,25.7,101.5,22.2,6068.33,4.86,Baixo
2017,5,2017-05-01,Sudeste,RJ,Nova Iguaçu,BRT,1970318,85.8,103.2,45.9,12762.13,6.01,Médio
2017,5,2017-05-01,Sudeste,RJ,Petrópolis,VLT,1701058,26.5,47.3,39.8,21945.98,5.26,Alto
2017,5,2017-05-01,Sudeste,MG,Belo Horizonte,Metrô,1694285,59.9,53.4,50.1,47812.98,5.73,Crítico
2017,5,2017-05-01,Sudeste,MG,Uberlândia,Trem,1494834,49.8,43.0,32.7,31166.54,5.52,Crítico
2017,5,2017-05-01,Sudeste,MG,Juiz de Fora,BRT,1542990,64.9,33.0,23.3,26797.22,7.09,Alto
2017,5,2017-05-01,Sudeste,ES,Vitória,Trem,1797251,28.0,28.6,48.3,1275.79,3.59,Alto
2017,5,2017-05-01,Sudeste,ES,Vila Velha,Ônibus,575128,53.9,43.8,8.2,22415.27,6.57,Alto
2017,5,2017-05-01,Sudeste,ES,Serra,Metrô,789131,19.3,114.6,18.1,48364.21,3.97,Médio
2017,5,2017-05-01,Sul,PR,Curitiba,BRT,524324,76.0,74.7,37.3,47512.24,3.69,Baixo
2017,5,2017-05-01,Sul,PR,Londrina,Bicicleta,1742242,75.2,88.5,42.5,2143.62,6.33,Alto
2017,5,2017-05-01,Sul,SC,Florianópolis,VLT,498363,51.7,72.6,17.2,46267.93,7.06,Alto
2017,5,2017-05-01,Sul,SC,Joinville,Bicicleta,510471,79.7,28.5,16.2,42378.25,6.62,Crítico
2017,5,2017-05-01,Sul,RS,Porto Alegre,BRT,452823,77.0,93.2,53.5,5883.57,4.34,Alto
2017,5,2017-05-01,Sul,RS,Caxias do Sul,Bicicleta,860696,63.6,103.6,49.7,6685.78,3.53,Baixo
2017,6,2017-06-01,Norte,AM,Manaus,Bicicleta,1696254,86.7,41.2,14.6,30219.17,7.4,Crítico
2017,6,2017-06-01,Norte,PA,Belém,BRT,204220,45.0,105.4,47.3,42623.59,5.1,Crítico
2017,6,2017-06-01,Norte,PA,Santarém,Ônibus,259870,61.3,103.8,15.4,2232.41,6.48,Baixo
2017,6,2017-06-01,Norte,RO,Porto Velho,BRT,269003,44.6,65.1,50.9,38582.79,3.66,Crítico
2017,6,2017-06-01,Norte,TO,Palmas,Trem,1554172,35.9,61.9,45.3,37037.65,4.25,Alto
2017,6,2017-06-01,Nordeste,BA,Salvador,Metrô,45195,41.7,98.4,23.0,35506.58,6.81,Médio
2017,6,2017-06-01,Nordeste,BA,Feira de Santana,Trem,228624,17.6,50.1,34.3,29074.8,3.82,Baixo
2017,6,2017-06-01,Nordeste,PE,Recife,Ônibus,902730,38.7,35.5,27.1,31891.16,3.86,Baixo
2017,6,2017-06-01,Nordeste,PE,Jaboatão dos Guararapes,VLT,1346439,25.9,50.2,24.8,45880.13,6.71,Alto
2017,6,2017-06-01,Nordeste,CE,Fortaleza,Ônibus,1215832,66.9,56.4,27.6,22596.66,4.1,Alto
2017,6,2017-06-01,Nordeste,CE,Juazeiro do Norte,VLT,747538,69.8,37.9,41.0,14042.91,6.01,Crítico
2017,6,2017-06-01,Nordeste,MA,São Luís,Bicicleta,1674408,44.2,71.3,40.7,2687.63,7.6,Alto
2017,6,2017-06-01,Nordeste,PB,João Pessoa,Bicicleta,855243,18.0,23.8,8.7,47909.22,3.66,Médio
2017,6,2017-06-01,Centro-Oeste,DF,Brasília,Ônibus,53971,51.9,110.3,13.7,18017.0,4.27,Médio
2017,6,2017-06-01,Centro-Oeste,GO,Goiânia,VLT,1810334,28.4,45.2,38.7,42868.52,3.68,Médio
2017,6,2017-06-01,Centro-Oeste,GO,Aparecida de Goiânia,Trem,376751,26.6,47.3,32.3,34999.28,5.13,Crítico
2017,6,2017-06-01,Centro-Oeste,MT,Cuiabá,Metrô,66829,80.7,110.4,11.5,45664.18,5.75,Baixo
2017,6,2017-06-01,Centro-Oeste,MS,Campo Grande,BRT,579047,33.0,74.6,16.6,26656.62,6.41,Baixo
2017,6,2017-06-01,Sudeste,SP,São Paulo,Ônibus,913045,31.0,67.4,19.2,41202.85,5.57,Crítico
2017,6,2017-06-01,Sudeste,SP,Campinas,VLT,1051850,78.1,29.6,32.5,37914.18,6.26,Crítico
2017,6,2017-06-01,Sudeste,SP,Ribeirão Preto,Metrô,1512064,19.7,79.6,35.1,42011.39,6.68,Médio
2017,6,2017-06-01,Sudeste,RJ,Rio de Janeiro,Bicicleta,351547,90.6,64.5,52.4,674.63,5.51,Médio
2017,6,2017-06-01,Sudeste,RJ,Niterói,Bicicleta,1201570,28.0,70.4,23.6,33520.35,7.07,Baixo
2017,6,2017-06-01,Sudeste,RJ,Nova Iguaçu,VLT,1811904,73.6,96.5,20.0,35722.63,3.68,Alto
2017,6,2017-06-01,Sudeste,RJ,Petrópolis,BRT,919695,36.0,65.4,13.0,34987.91,4.96,Baixo
2017,6,2017-06-01,Sudeste,MG,Belo Horizonte,Trem,1014662,25.5,103.1,19.4,39922.35,7.72,Alto
2017,6,2017-06-01,Sudeste,MG,Uberlândia,Ônibus,1228272,84.8,48.1,8.7,42632.45,4.6,Alto
2017,6,2017-06-01,Sudeste,MG,Juiz de Fora,VLT,189105,32.7,91.9,31.7,31378.93,4.03,Crítico
2017,6,2017-06-01,Sudeste,ES,Vitória,Trem,156741,83.3,83.8,37.0,36786.45,5.42,Baixo
2017,6,2017-06-01,Sudeste,ES,Vila Velha,Ônibus,1259493,57.9,73.3,45.7,13016.05,5.07,Alto
2017,6,2017-06-01,Sudeste,ES,Serra,BRT,64786,70.2,80.8,40.9,30458.72,4.71,Crítico
2017,6,2017-06-01,Sul,PR,Curitiba,VLT,606780,29.5,107.4,45.7,30745.47,4.2,Crítico
2017,6,2017-06-01,Sul,PR,Londrina,Metrô,172602,34.6,104.4,20.8,33222.24,7.66,Alto
2017,6,2017-06-01,Sul,SC,Florianópolis,Metrô,1884015,67.2,62.7,41.4,25993.31,4.84,Médio
2017,6,2017-06-01,Sul,SC,Joinville,BRT,67258,53.5,112.3,9.6,20814.93,7.96,Médio
2017,6,2017-06-01,Sul,RS,Porto Alegre,Bicicleta,1251695,65.7,106.9,32.4,21727.01,7.35,Baixo
2017,6,2017-06-01,Sul,RS,Caxias do Sul,BRT,1887733,29.0,97.6,16.1,17202.74,3.68,Médio
2017,7,2017-07-01,Norte,AM,Manaus,Metrô,168435,21.9,107.2,43.2,13962.21,7.11,Crítico
2017,7,2017-07-01,Norte,PA,Belém,Trem,511723,60.1,39.3,39.5,17525.41,7.63,Crítico
2017,7,2017-07-01,Norte,PA,Santarém,VLT,582185,56.1,62.7,54.4,25890.24,3.59,Baixo
2017,7,2017-07-01,Norte,RO,Porto Velho,Bicicleta,977089,29.5,66.2,19.8,42181.35,5.5,Crítico
2017,7,2017-07-01,Norte,TO,Palmas,BRT,545395,36.4,59.4,18.3,40195.3,6.52,Baixo
2017,7,2017-07-01,Nordeste,BA,Salvador,Metrô,1676189,16.4,58.6,28.4,44249.84,4.77,Médio
2017,7,2017-07-01,Nordeste,BA,Feira de Santana,Ônibus,976410,30.6,47.9,35.4,47336.36,3.73,Alto
2017,7,2017-07-01,Nordeste,PE,Recife,Trem,1829089,23.0,56.8,18.2,44081.99,4.74,Médio
2017,7,2017-07-01,Nordeste,PE,Jaboatão dos Guararapes,Metrô,132294,22.0,76.2,21.8,16569.86,6.54,Crítico
2017,7,2017-07-01,Nordeste,CE,Fortaleza,Metrô,767061,63.0,43.8,45.7,26961.28,4.71,Crítico
2017,7,2017-07-01,Nordeste,CE,Juazeiro do Norte,Trem,187182,78.3,40.3,21.6,31447.82,7.59,Médio
2017,7,2017-07-01,Nordeste,MA,São Luís,Bicicleta,738430,29.2,58.2,14.6,47351.86,6.24,Crítico
2017,7,2017-07-01,Nordeste,PB,João Pessoa,Metrô,1028890,62.0,40.6,33.2,11845.32,4.31,Baixo
2017,7,2017-07-01,Centro-Oeste,DF,Brasília,Ônibus,570538,28.5,67.4,11.8,19122.49,5.22,Crítico
2017,7,2017-07-01,Centro-Oeste,GO,Goiânia,Metrô,1588771,93.5,41.5,29.4,14420.89,6.54,Baixo
2017,7,2017-07-01,Centro-Oeste,GO,Aparecida de Goiânia,Bicicleta,904229,40.0,27.1,35.9,46745.95,5.62,Baixo
2017,7,2017-07-01,Centro-Oeste,MT,Cuiabá,Metrô,405668,17.3,84.8,17.3,31908.4,5.76,Alto
2017,7,2017-07-01,Centro-Oeste,MS,Campo Grande,Trem,435572,54.1,73.1,25.7,7872.07,7.37,Médio
2017,7,2017-07-01,Sudeste,SP,São Paulo,VLT,1050553,30.7,34.8,24.1,16040.39,5.44,Baixo
2017,7,2017-07-01,Sudeste,SP,Campinas,BRT,566847,79.0,22.0,46.0,10974.94,5.19,Crítico
2017,7,2017-07-01,Sudeste,SP,Ribeirão Preto,Trem,1324330,84.2,111.4,50.5,16221.57,4.82,Baixo
2017,7,2017-07-01,Sudeste,RJ,Rio de Janeiro,Ônibus,1538530,57.9,48.8,51.7,27937.3,7.73,Crítico
2017,7,2017-07-01,Sudeste,RJ,Niterói,Bicicleta,895690,53.0,92.3,21.4,39098.04,5.31,Baixo
2017,7,2017-07-01,Sudeste,RJ,Nova Iguaçu,Bicicleta,458309,21.7,63.9,18.5,30661.83,6.22,Alto
2017,7,2017-07-01,Sudeste,RJ,Petrópolis,Metrô,1833003,40.0,62.4,52.8,26265.38,6.34,Crítico
2017,7,2017-07-01,Sudeste,MG,Belo Horizonte,Bicicleta,1303582,80.9,93.4,41.5,13110.87,5.07,Crítico
2017,7,2017-07-01,Sudeste,MG,Uberlândia,VLT,1779863,93.8,92.4,10.6,40171.39,5.84,Baixo
2017,7,2017-07-01,Sudeste,MG,Juiz de Fora,Ônibus,1089653,72.2,105.1,8.5,5579.33,7.71,Alto
2017,7,2017-07-01,Sudeste,ES,Vitória,Metrô,649285,79.7,68.5,30.3,8544.76,4.27,Baixo
2017,7,2017-07-01,Sudeste,ES,Vila Velha,VLT,1415473,73.8,40.7,16.2,16740.58,5.99,Baixo
2017,7,2017-07-01,Sudeste,ES,Serra,Ônibus,414773,41.5,65.2,27.6,606.77,5.75,Médio
2017,7,2017-07-01,Sul,PR,Curitiba,VLT,830527,30.8,48.3,17.5,17574.02,4.71,Baixo
2017,7,2017-07-01,Sul,PR,Londrina,VLT,48580,40.1,42.0,42.4,37917.65,7.03,Crítico
2017,7,2017-07-01,Sul,SC,Florianópolis,Trem,998534,57.9,80.7,50.0,38149.34,7.15,Alto
2017,7,2017-07-01,Sul,SC,Joinville,Trem,1756226,74.4,99.2,15.1,20382.39,4.0,Crítico
2017,7,2017-07-01,Sul,RS,Porto Alegre,Metrô,965195,80.8,90.5,31.6,27905.09,7.34,Crítico
2017,7,2017-07-01,Sul,RS,Caxias do Sul,Ônibus,180088,57.3,22.5,28.2,23682.06,4.46,Alto
2017,8,2017-08-01,Norte,AM,Manaus,VLT,795770,31.7,29.3,41.5,2309.9,5.64,Médio
2017,8,2017-08-01,Norte,PA,Belém,BRT,701670,58.9,114.3,34.0,47702.11,5.97,Baixo
2017,8,2017-08-01,Norte,PA,Santarém,Trem,929384,84.9,37.9,28.2,32139.19,5.33,Crítico
2017,8,2017-08-01,Norte,RO,Porto Velho,Ônibus,1477243,52.7,27.0,24.0,22613.67,6.42,Médio
2017,8,2017-08-01,Norte,TO,Palmas,Trem,1391121,25.9,65.2,15.1,43980.81,3.96,Baixo
2017,8,2017-08-01,Nordeste,BA,Salvador,Metrô,405574,84.8,118.7,14.2,11959.72,6.3,Baixo
2017,8,2017-08-01,Nordeste,BA,Feira de Santana,Bicicleta,1599096,32.5,117.1,42.6,49738.43,5.69,Crítico
2017,8,2017-08-01,Nordeste,PE,Recife,BRT,179463,61.1,116.0,46.7,11900.97,5.52,Baixo
2017,8,2017-08-01,Nordeste,PE,Jaboatão dos Guararapes,VLT,1792318,69.2,23.6,34.3,21671.38,6.37,Crítico
2017,8,2017-08-01,Nordeste,CE,Fortaleza,Trem,1576094,64.8,93.7,21.4,49021.11,6.94,Médio
2017,8,2017-08-01,Nordeste,CE,Juazeiro do Norte,Metrô,1708166,44.3,40.8,31.3,12347.9,7.44,Médio
2017,8,2017-08-01,Nordeste,MA,São Luís,Bicicleta,226771,91.2,110.2,36.7,5903.33,4.26,Crítico
2017,8,2017-08-01,Nordeste,PB,João Pessoa,Metrô,1883047,69.9,26.5,10.4,38078.55,6.06,Alto
2017,8,2017-08-01,Centro-Oeste,DF,Brasília,Trem,1112596,71.7,52.2,38.4,46119.34,5.59,Crítico
2017,8,2017-08-01,Centro-Oeste,GO,Goiânia,Ônibus,736521,90.0,30.4,53.3,5724.59,7.17,Alto
2017,8,2017-08-01,Centro-Oeste,GO,Aparecida de Goiânia,Metrô,149480,70.0,42.6,30.8,39855.75,6.29,Médio
2017,8,2017-08-01,Centro-Oeste,MT,Cuiabá,Trem,1671378,63.5,52.6,52.2,40563.27,5.54,Alto
2017,8,2017-08-01,Centro-Oeste,MS,Campo Grande,VLT,1747451,39.9,116.7,46.6,7899.33,7.74,Médio
2017,8,2017-08-01,Sudeste,SP,São Paulo,VLT,1154350,50.9,44.7,39.8,18835.98,3.72,Baixo
2017,8,2017-08-01,Sudeste,SP,Campinas,Metrô,1619700,75.6,49.0,15.7,20354.69,4.67,Alto
2017,8,2017-08-01,Sudeste,SP,Ribeirão Preto,Bicicleta,36961,74.8,99.3,29.7,49918.89,4.06,Baixo
2017,8,2017-08-01,Sudeste,RJ,Rio de Janeiro,BRT,728430,32.9,65.7,31.9,18332.96,6.69,Baixo
2017,8,2017-08-01,Sudeste,RJ,Niterói,BRT,1513070,70.9,83.7,44.3,49357.69,5.44,Alto
2017,8,2017-08-01,Sudeste,RJ,Nova Iguaçu,BRT,283123,36.9,69.1,54.1,30010.79,7.04,Crítico
2017,8,2017-08-01,Sudeste,RJ,Petrópolis,BRT,1076712,80.7,30.3,18.0,20534.73,7.19,Crítico
2017,8,2017-08-01,Sudeste,MG,Belo Horizonte,Bicicleta,313218,78.6,87.6,21.4,38207.58,6.99,Alto
2017,8,2017-08-01,Sudeste,MG,Uberlândia,VLT,546543,70.8,56.5,42.7,9105.3,6.57,Crítico
2017,8,2017-08-01,Sudeste,MG,Juiz de Fora,VLT,1887918,67.9,105.7,47.3,16401.35,6.32,Médio
2017,8,2017-08-01,Sudeste,ES,Vitória,Bicicleta,1936129,24.6,45.2,28.9,46409.49,6.67,Médio
2017,8,2017-08-01,Sudeste,ES,Vila Velha,Metrô,325996,85.6,56.6,50.1,42499.41,4.47,Baixo
2017,8,2017-08-01,Sudeste,ES,Serra,Metrô,1034472,94.7,23.7,31.1,35329.45,3.69,Crítico
2017,8,2017-08-01,Sul,PR,Curitiba,Ônibus,385206,76.9,94.6,26.0,22569.42,5.74,Médio
2017,8,2017-08-01,Sul,PR,Londrina,Metrô,1335653,73.5,21.7,53.0,40485.11,7.72,Alto
2017,8,2017-08-01,Sul,SC,Florianópolis,Trem,1447663,74.5,51.5,51.5,3209.25,3.59,Crítico
2017,8,2017-08-01,Sul,SC,Joinville,Trem,1011455,17.2,116.8,35.2,37776.96,7.77,Crítico
2017,8,2017-08-01,Sul,RS,Porto Alegre,Metrô,119048,53.1,65.0,32.6,40222.01,7.3,Crítico
2017,8,2017-08-01,Sul,RS,Caxias do Sul,Metrô,28739,50.4,90.9,15.4,40574.12,5.72,Médio
2017,9,2017-09-01,Norte,AM,Manaus,Ônibus,255538,77.7,42.8,10.2,47509.5,7.81,Alto
2017,9,2017-09-01,Norte,PA,Belém,Bicicleta,1890854,24.9,53.0,50.0,8223.51,4.68,Médio
2017,9,2017-09-01,Norte,PA,Santarém,VLT,429627,47.6,49.3,8.7,47643.03,5.59,Alto
2017,9,2017-09-01,Norte,RO,Porto Velho,Ônibus,1917104,54.9,36.4,8.2,3338.02,4.68,Crítico
2017,9,2017-09-01,Norte,TO,Palmas,BRT,1947805,35.0,94.4,34.1,44950.15,4.3,Médio
2017,9,2017-09-01,Nordeste,BA,Salvador,Metrô,1692928,57.2,28.9,47.4,24617.76,5.56,Médio
2017,9,2017-09-01,Nordeste,BA,Feira de Santana,VLT,367717,31.0,46.8,11.4,129.82,7.98,Baixo
2017,9,2017-09-01,Nordeste,PE,Recife,VLT,1091299,37.8,99.8,38.7,994.98,6.49,Alto
2017,9,2017-09-01,Nordeste,PE,Jaboatão dos Guararapes,Metrô,66667,42.7,92.2,44.0,20892.23,6.15,Baixo
2017,9,2017-09-01,Nordeste,CE,Fortaleza,Metrô,274930,68.2,87.1,23.2,4271.67,6.43,Médio
2017,9,2017-09-01,Nordeste,CE,Juazeiro do Norte,VLT,958886,45.0,74.2,53.2,6759.2,3.96,Médio
2017,9,2017-09-01,Nordeste,MA,São Luís,Ônibus,368570,19.3,39.6,24.6,41273.94,5.2,Médio
2017,9,2017-09-01,Nordeste,PB,João Pessoa,Metrô,437781,62.7,53.6,42.3,29897.1,5.15,Alto
2017,9,2017-09-01,Centro-Oeste,DF,Brasília,VLT,850587,45.9,113.4,21.6,7042.77,6.6,Alto
2017,9,2017-09-01,Centro-Oeste,GO,Goiânia,Metrô,1307527,87.6,39.7,35.8,45278.53,5.37,Baixo
2017,9,2017-09-01,Centro-Oeste,GO,Aparecida de Goiânia,Bicicleta,138155,56.7,24.0,30.8,3718.33,3.97,Baixo
2017,9,2017-09-01,Centro-Oeste,MT,Cuiabá,Metrô,322308,22.8,61.8,29.6,36904.1,3.54,Médio
2017,9,2017-09-01,Centro-Oeste,MS,Campo Grande,BRT,1647336,41.6,26.2,30.7,3190.08,4.97,Alto
2017,9,2017-09-01,Sudeste,SP,São Paulo,Bicicleta,1500340,55.7,27.6,10.9,33045.83,5.06,Baixo
2017,9,2017-09-01,Sudeste,SP,Campinas,Ônibus,243772,94.2,24.8,27.5,10599.4,6.3,Baixo
2017,9,2017-09-01,Sudeste,SP,Ribeirão Preto,BRT,1979080,69.8,47.1,20.3,34734.67,6.85,Crítico
2017,9,2017-09-01,Sudeste,RJ,Rio de Janeiro,BRT,1551631,29.1,39.2,12.7,20901.33,5.56,Alto
2017,9,2017-09-01,Sudeste,RJ,Niterói,VLT,778857,34.8,63.0,8.6,19465.13,4.56,Alto
2017,9,2017-09-01,Sudeste,RJ,Nova Iguaçu,Trem,672297,87.2,116.4,25.3,22548.07,7.82,Baixo
2017,9,2017-09-01,Sudeste,RJ,Petrópolis,BRT,273994,55.3,30.7,30.8,15886.42,4.73,Médio
2017,9,2017-09-01,Sudeste,MG,Belo Horizonte,Trem,1451979,74.6,56.6,9.9,17272.33,7.08,Baixo
2017,9,2017-09-01,Sudeste,MG,Uberlândia,Metrô,24308,46.8,20.7,36.9,2739.35,5.79,Médio
2017,9,2017-09-01,Sudeste,MG,Juiz de Fora,Bicicleta,767849,93.1,95.1,29.3,28708.11,6.86,Baixo
2017,9,2017-09-01,Sudeste,ES,Vitória,Metrô,1305500,82.7,45.3,38.7,34670.73,7.66,Médio
2017,9,2017-09-01,Sudeste,ES,Vila Velha,Bicicleta,348304,85.1,47.1,19.1,14498.27,7.98,Médio
2017,9,2017-09-01,Sudeste,ES,Serra,Bicicleta,183589,73.7,48.4,41.2,2353.89,7.58,Alto
2017,9,2017-09-01,Sul,PR,Curitiba,Trem,1639982,93.5,86.9,24.7,2716.81,5.22,Médio
2017,9,2017-09-01,Sul,PR,Londrina,Metrô,71402,27.4,25.5,13.7,3522.74,3.56,Crítico
2017,9,2017-09-01,Sul,SC,Florianópolis,Ônibus,1743467,37.8,106.2,43.0,21687.34,4.48,Alto
2017,9,2017-09-01,Sul,SC,Joinville,Bicicleta,1666923,69.9,95.6,34.0,48429.51,7.84,Baixo
2017,9,2017-09-01,Sul,RS,Porto Alegre,VLT,1203880,91.6,60.5,47.7,34923.54,5.06,Alto
2017,9,2017-09-01,Sul,RS,Caxias do Sul,Ônibus,209056,21.8,37.3,20.3,18030.84,4.15,Médio
2017,10,2017-10-01,Norte,AM,Manaus,BRT,1325727,50.4,25.9,51.0,7645.62,4.37,Médio
2017,10,2017-10-01,Norte,PA,Belém,VLT,879836,92.4,95.0,25.1,47343.88,7.08,Médio
2017,10,2017-10-01,Norte,PA,Santarém,VLT,195789,51.3,79.1,48.7,13484.93,7.06,Médio
2017,10,2017-10-01,Norte,RO,Porto Velho,Metrô,835218,22.0,41.1,20.1,43042.79,6.68,Crítico
2017,10,2017-10-01,Norte,TO,Palmas,Ônibus,351710,61.8,109.6,40.9,12204.09,5.49,Crítico
2017,10,2017-10-01,Nordeste,BA,Salvador,Metrô,427998,94.7,27.1,39.9,31826.58,6.39,Alto
2017,10,2017-10-01,Nordeste,BA,Feira de Santana,Ônibus,1311428,40.1,52.9,8.9,24922.42,4.03,Alto
2017,10,2017-10-01,Nordeste,PE,Recife,Trem,1620006,87.9,66.1,31.7,29318.18,5.2,Baixo
2017,10,2017-10-01,Nordeste,PE,Jaboatão dos Guararapes,BRT,1253961,42.8,37.0,10.1,32347.4,5.99,Alto
2017,10,2017-10-01,Nordeste,CE,Fortaleza,BRT,1840152,43.2,84.6,49.1,27354.64,6.97,Crítico
2017,10,2017-10-01,Nordeste,CE,Juazeiro do Norte,VLT,712817,65.1,70.4,29.7,43697.9,5.8,Baixo
2017,10,2017-10-01,Nordeste,MA,São Luís,BRT,535292,17.0,64.6,36.0,8225.07,4.73,Alto
2017,10,2017-10-01,Nordeste,PB,João Pessoa,Bicicleta,330245,72.1,75.1,43.1,8696.55,4.76,Alto
2017,10,2017-10-01,Centro-Oeste,DF,Brasília,Ônibus,1985627,87.6,80.0,24.3,78.95,4.36,Médio
2017,10,2017-10-01,Centro-Oeste,GO,Goiânia,Trem,284294,82.6,20.2,54.3,41168.44,5.35,Alto
2017,10,2017-10-01,Centro-Oeste,GO,Aparecida de Goiânia,Bicicleta,1032302,88.3,87.9,39.9,33337.95,6.63,Crítico
2017,10,2017-10-01,Centro-Oeste,MT,Cuiabá,Ônibus,1504082,35.7,85.4,18.3,11966.69,5.42,Baixo
2017,10,2017-10-01,Centro-Oeste,MS,Campo Grande,BRT,571855,34.4,89.6,53.2,48767.7,7.23,Baixo
2017,10,2017-10-01,Sudeste,SP,São Paulo,Ônibus,1379664,61.6,37.6,16.1,45901.29,6.76,Alto
2017,10,2017-10-01,Sudeste,SP,Campinas,BRT,677387,43.4,24.2,28.8,26838.74,5.18,Médio
2017,10,2017-10-01,Sudeste,SP,Ribeirão Preto,BRT,731019,82.3,72.4,46.2,9131.16,7.33,Baixo
2017,10,2017-10-01,Sudeste,RJ,Rio de Janeiro,Bicicleta,1728049,31.8,43.4,18.4,4132.05,4.19,Médio
2017,10,2017-10-01,Sudeste,RJ,Niterói,BRT,689896,32.1,90.8,54.9,13799.66,4.3,Baixo
2017,10,2017-10-01,Sudeste,RJ,Nova Iguaçu,Ônibus,1576943,65.3,31.9,21.8,23321.24,4.43,Baixo
2017,10,2017-10-01,Sudeste,RJ,Petrópolis,Ônibus,696314,34.4,33.1,17.9,13319.34,6.56,Crítico
2017,10,2017-10-01,Sudeste,MG,Belo Horizonte,Ônibus,1492640,67.2,83.6,33.5,1425.16,6.54,Baixo
2017,10,2017-10-01,Sudeste,MG,Uberlândia,Metrô,1702706,41.2,39.1,33.7,19863.14,4.09,Alto
2017,10,2017-10-01,Sudeste,MG,Juiz de Fora,Ônibus,1728584,70.6,42.1,34.5,34732.28,4.49,Crítico
2017,10,2017-10-01,Sudeste,ES,Vitória,Bicicleta,1980857,49.6,95.2,21.6,34224.96,4.83,Baixo
2017,10,2017-10-01,Sudeste,ES,Vila Velha,Bicicleta,1498500,58.2,61.2,52.8,18825.4,5.93,Baixo
2017,10,2017-10-01,Sudeste,ES,Serra,VLT,1808895,47.4,65.2,17.3,40887.68,5.06,Alto
2017,10,2017-10-01,Sul,PR,Curitiba,Trem,1201700,92.9,28.6,38.5,26796.69,4.86,Alto
2017,10,2017-10-01,Sul,PR,Londrina,Ônibus,242379,27.1,87.9,40.4,41991.23,5.8,Crítico
2017,10,2017-10-01,Sul,SC,Florianópolis,Ônibus,1994655,23.3,51.2,29.6,11855.27,3.7,Crítico
2017,10,2017-10-01,Sul,SC,Joinville,VLT,821688,36.8,69.4,15.1,26892.54,6.57,Médio
2017,10,2017-10-01,Sul,RS,Porto Alegre,Trem,741153,26.5,84.2,44.5,40352.37,4.47,Crítico
2017,10,2017-10-01,Sul,RS,Caxias do Sul,Bicicleta,1957263,60.3,78.2,51.6,40776.72,4.37,Baixo
2017,11,2017-11-01,Norte,AM,Manaus,BRT,1433622,53.5,36.0,32.9,48410.98,4.25,Baixo
2017,11,2017-11-01,Norte,PA,Belém,Bicicleta,959705,80.7,64.7,12.3,16038.6,5.82,Crítico
2017,11,2017-11-01,Norte,PA,Santarém,Trem,486522,36.6,26.6,20.6,48678.33,4.46,Alto
2017,11,2017-11-01,Norte,RO,Porto Velho,Bicicleta,731374,72.0,30.4,18.7,357.71,4.36,Alto
2017,11,2017-11-01,Norte,TO,Palmas,Trem,1512975,17.8,49.7,20.0,40032.16,4.88,Crítico
2017,11,2017-11-01,Nordeste,BA,Salvador,Ônibus,483279,31.4,29.2,9.8,30677.15,7.92,Médio
2017,11,2017-11-01,Nordeste,BA,Feira de Santana,VLT,1983720,37.1,98.7,35.2,35484.98,4.43,Médio
2017,11,2017-11-01,Nordeste,PE,Recife,Bicicleta,1344316,64.4,70.2,48.6,11336.42,6.07,Médio
2017,11,2017-11-01,Nordeste,PE,Jaboatão dos Guararapes,Bicicleta,965253,27.4,71.2,11.6,11765.04,6.47,Baixo
2017,11,2017-11-01,Nordeste,CE,Fortaleza,VLT,1333869,21.2,31.6,54.2,45981.99,4.65,Baixo
2017,11,2017-11-01,Nordeste,CE,Juazeiro do Norte,BRT,1449447,85.4,55.3,47.3,19757.01,7.81,Baixo
2017,11,2017-11-01,Nordeste,MA,São Luís,Metrô,216683,28.3,31.0,37.1,13676.99,5.15,Baixo
2017,11,2017-11-01,Nordeste,PB,João Pessoa,Bicicleta,1492620,21.2,64.7,29.6,11270.41,4.83,Crítico
2017,11,2017-11-01,Centro-Oeste,DF,Brasília,Bicicleta,1005170,16.9,63.8,23.5,3567.14,7.15,Crítico
2017,11,2017-11-01,Centro-Oeste,GO,Goiânia,Trem,1760199,82.7,115.9,40.0,41129.84,5.43,Alto
2017,11,2017-11-01,Centro-Oeste,GO,Aparecida de Goiânia,Bicicleta,537032,41.1,84.8,18.7,37301.65,3.7,Baixo
2017,11,2017-11-01,Centro-Oeste,MT,Cuiabá,VLT,1229688,65.9,30.1,31.3,22386.0,3.6,Crítico
2017,11,2017-11-01,Centro-Oeste,MS,Campo Grande,Trem,659303,81.8,102.9,32.5,15125.53,5.59,Médio
2017,11,2017-11-01,Sudeste,SP,São Paulo,Trem,919414,58.5,50.3,29.4,6778.09,5.13,Médio
2017,11,2017-11-01,Sudeste,SP,Campinas,Metrô,1171717,31.8,104.5,40.6,3841.66,5.7,Médio
2017,11,2017-11-01,Sudeste,SP,Ribeirão Preto,Bicicleta,1841815,28.1,117.4,47.5,40341.53,4.99,Médio
2017,11,2017-11-01,Sudeste,RJ,Rio de Janeiro,Metrô,1811412,86.3,110.1,30.2,5050.79,7.61,Baixo
2017,11,2017-11-01,Sudeste,RJ,Niterói,Bicicleta,715818,32.5,52.6,42.2,17556.85,3.77,Alto
2017,11,2017-11-01,Sudeste,RJ,Nova Iguaçu,VLT,1748715,61.6,67.1,45.4,6416.6,4.19,Alto
2017,11,2017-11-01,Sudeste,RJ,Petrópolis,Bicicleta,317790,67.7,79.2,15.5,17159.97,3.75,Crítico
2017,11,2017-11-01,Sudeste,MG,Belo Horizonte,VLT,1276728,30.6,68.6,8.4,22160.54,4.3,Médio
2017,11,2017-11-01,Sudeste,MG,Uberlândia,Ônibus,905239,53.5,77.7,44.5,36876.8,6.3,Baixo
2017,11,2017-11-01,Sudeste,MG,Juiz de Fora,Ônibus,1457246,30.3,20.3,11.8,46899.33,5.68,Médio
2017,11,2017-11-01,Sudeste,ES,Vitória,Metrô,794306,86.0,99.4,33.1,1304.47,7.0,Alto
2017,11,2017-11-01,Sudeste,ES,Vila Velha,VLT,1697200,40.8,59.2,44.9,22466.92,6.78,Alto
2017,11,2017-11-01,Sudeste,ES,Serra,BRT,838294,59.5,27.8,45.6,19841.84,4.3,Médio
2017,11,2017-11-01,Sul,PR,Curitiba,Bicicleta,1577190,69.5,108.7,9.5,32846.59,6.07,Médio
2017,11,2017-11-01,Sul,PR,Londrina,VLT,1052278,43.8,34.7,30.0,25647.41,4.56,Médio
2017,11,2017-11-01,Sul,SC,Florianópolis,Bicicleta,726260,36.6,79.0,8.8,18224.5,6.01,Alto
2017,11,2017-11-01,Sul,SC,Joinville,Bicicleta,1368882,55.4,39.0,19.4,19526.01,4.76,Baixo
2017,11,2017-11-01,Sul,RS,Porto Alegre,Bicicleta,1540413,51.0,23.7,29.6,12548.51,7.9,Baixo
2017,11,2017-11-01,Sul,RS,Caxias do Sul,Trem,535363,33.6,84.6,26.5,26411.95,6.07,Crítico
2017,12,2017-12-01,Norte,AM,Manaus,Metrô,1059723,36.0,33.7,41.6,617.13,3.67,Baixo
2017,12,2017-12-01,Norte,PA,Belém,Bicicleta,1464043,23.9,84.4,37.4,17812.14,4.89,Baixo
2017,12,2017-12-01,Norte,PA,Santarém,Trem,1296234,82.9,45.8,49.8,27969.26,6.28,Alto
2017,12,2017-12-01,Norte,RO,Porto Velho,BRT,1535909,49.5,97.3,43.6,11810.72,6.56,Médio
2017,12,2017-12-01,Norte,TO,Palmas,Ônibus,1584052,32.8,115.8,45.1,18884.03,7.16,Crítico
2017,12,2017-12-01,Nordeste,BA,Salvador,VLT,54460,90.1,117.3,14.3,39252.91,3.55,Médio
2017,12,2017-12-01,Nordeste,BA,Feira de Santana,BRT,792061,86.5,93.6,13.6,45511.88,4.53,Crítico
2017,12,2017-12-01,Nordeste,PE,Recife,Bicicleta,449455,16.5,94.9,51.2,17616.27,4.63,Crítico
2017,12,2017-12-01,Nordeste,PE,Jaboatão dos Guararapes,BRT,328614,56.0,32.4,51.7,45856.8,7.38,Crítico
2017,12,2017-12-01,Nordeste,CE,Fortaleza,Metrô,814497,35.4,100.4,16.0,45467.9,6.26,Médio
2017,12,2017-12-01,Nordeste,CE,Juazeiro do Norte,Trem,434259,70.2,79.4,32.2,6280.07,3.82,Médio
2017,12,2017-12-01,Nordeste,MA,São Luís,BRT,1801125,71.5,45.9,26.3,22710.7,6.08,Crítico
2017,12,2017-12-01,Nordeste,PB,João Pessoa,Trem,739673,22.8,35.7,40.6,11189.45,6.59,Baixo
2017,12,2017-12-01,Centro-Oeste,DF,Brasília,VLT,359970,62.8,61.8,40.1,5345.33,7.82,Médio
2017,12,2017-12-01,Centro-Oeste,GO,Goiânia,Metrô,1993880,38.5,74.5,52.7,30184.94,7.24,Alto
2017,12,2017-12-01,Centro-Oeste,GO,Aparecida de Goiânia,Metrô,1789436,82.6,115.3,13.3,47683.09,5.91,Alto
2017,12,2017-12-01,Centro-Oeste,MT,Cuiabá,VLT,963236,66.2,41.6,54.7,48989.52,3.66,Alto
2017,12,2017-12-01,Centro-Oeste,MS,Campo Grande,Ônibus,226864,83.2,47.6,26.1,19914.75,6.85,Alto
2017,12,2017-12-01,Sudeste,SP,São Paulo,Metrô,1282762,77.5,54.5,28.5,17818.28,6.34,Médio
2017,12,2017-12-01,Sudeste,SP,Campinas,Trem,1381049,25.6,68.7,18.3,2130.23,6.7,Baixo
2017,12,2017-12-01,Sudeste,SP,Ribeirão Preto,BRT,1306559,52.6,54.3,27.0,31837.12,3.84,Baixo
2017,12,2017-12-01,Sudeste,RJ,Rio de Janeiro,Ônibus,788126,23.6,35.1,50.0,42377.29,5.24,Crítico
2017,12,2017-12-01,Sudeste,RJ,Niterói,BRT,494205,88.1,70.9,19.4,9868.06,7.81,Crítico
2017,12,2017-12-01,Sudeste,RJ,Nova Iguaçu,BRT,970931,33.7,102.9,21.1,8530.96,4.83,Médio
2017,12,2017-12-01,Sudeste,RJ,Petrópolis,BRT,693562,27.9,89.2,12.3,25826.97,7.59,Médio
2017,12,2017-12-01,Sudeste,MG,Belo Horizonte,Bicicleta,404951,49.9,44.7,25.8,45485.27,5.63,Crítico
2017,12,2017-12-01,Sudeste,MG,Uberlândia,Trem,644411,28.9,52.7,17.7,7101.52,6.16,Baixo
2017,12,2017-12-01,Sudeste,MG,Juiz de Fora,Trem,1844397,38.0,41.1,34.8,2118.19,4.55,Alto
2017,12,2017-12-01,Sudeste,ES,Vitória,VLT,189297,46.3,78.7,49.2,26623.72,7.01,Crítico
2017,12,2017-12-01,Sudeste,ES,Vila Velha,BRT,1007585,22.0,25.4,17.0,14780.75,7.1,Alto
2017,12,2017-12-01,Sudeste,ES,Serra,VLT,76011,16.5,67.1,54.0,1723.5,3.76,Médio
2017,12,2017-12-01,Sul,PR,Curitiba,Ônibus,479022,87.7,99.9,51.3,39155.57,6.62,Médio
2017,12,2017-12-01,Sul,PR,Londrina,VLT,1756595,92.4,22.5,10.4,47263.9,7.99,Alto
2017,12,2017-12-01,Sul,SC,Florianópolis,Bicicleta,1938381,41.2,98.7,15.7,14504.05,4.46,Médio
2017,12,2017-12-01,Sul,SC,Joinville,BRT,692325,17.5,102.0,15.9,49186.42,4.47,Alto
2017,12,2017-12-01,Sul,RS,Porto Alegre,Ônibus,1426649,75.7,118.9,48.7,18332.74,5.4,Baixo
2017,12,2017-12-01,Sul,RS,Caxias do Sul,Bicicleta,1360018,83.5,50.7,9.0,16879.8,5.93,Crítico
2018,1,2018-01-01,Norte,AM,Manaus,BRT,164304,21.2,99.5,31.9,28411.65,7.65,Médio
2018,1,2018-01-01,Norte,PA,Belém,Ônibus,1034385,72.0,62.5,22.0,26123.51,7.97,Alto
2018,1,2018-01-01,Norte,PA,Santarém,BRT,771449,20.6,50.7,9.5,10678.79,3.93,Baixo
2018,1,2018-01-01,Norte,RO,Porto Velho,Ônibus,749158,91.7,79.4,11.4,3217.87,4.91,Baixo
2018,1,2018-01-01,Norte,TO,Palmas,Bicicleta,64115,33.6,95.2,16.5,6948.35,5.73,Médio
2018,1,2018-01-01,Nordeste,BA,Salvador,Trem,389767,59.6,88.2,28.8,41487.05,6.59,Alto
2018,1,2018-01-01,Nordeste,BA,Feira de Santana,Trem,884270,78.5,33.4,32.5,26547.39,5.21,Baixo
2018,1,2018-01-01,Nordeste,PE,Recife,BRT,1381834,62.7,26.2,39.3,24927.38,3.53,Crítico
2018,1,2018-01-01,Nordeste,PE,Jaboatão dos Guararapes,BRT,214291,39.0,38.8,35.5,1346.81,7.57,Baixo
2018,1,2018-01-01,Nordeste,CE,Fortaleza,Trem,453399,27.1,67.9,16.8,31722.26,4.31,Baixo
2018,1,2018-01-01,Nordeste,CE,Juazeiro do Norte,Bicicleta,105298,48.8,74.7,13.8,41070.09,3.77,Alto
2018,1,2018-01-01,Nordeste,MA,São Luís,VLT,169064,58.7,45.0,35.5,19022.11,4.32,Médio
2018,1,2018-01-01,Nordeste,PB,João Pessoa,Metrô,1101082,83.0,64.8,37.1,3210.06,7.96,Crítico
2018,1,2018-01-01,Centro-Oeste,DF,Brasília,VLT,1506671,61.4,43.9,32.3,18715.08,7.25,Alto
2018,1,2018-01-01,Centro-Oeste,GO,Goiânia,BRT,825775,70.2,29.1,12.0,49405.47,7.96,Médio
2018,1,2018-01-01,Centro-Oeste,GO,Aparecida de Goiânia,Ônibus,1543944,24.3,59.6,41.6,38893.48,6.37,Alto
2018,1,2018-01-01,Centro-Oeste,MT,Cuiabá,BRT,1779397,80.1,46.7,30.1,13119.77,3.86,Baixo
2018,1,2018-01-01,Centro-Oeste,MS,Campo Grande,Bicicleta,1741268,49.2,63.1,15.1,42937.48,5.87,Alto
2018,1,2018-01-01,Sudeste,SP,São Paulo,Ônibus,982964,15.3,38.7,30.8,20727.49,3.91,Médio
2018,1,2018-01-01,Sudeste,SP,Campinas,Trem,253264,94.9,60.6,19.5,41537.7,3.88,Crítico
2018,1,2018-01-01,Sudeste,SP,Ribeirão Preto,VLT,255025,25.2,46.3,49.8,26072.42,5.06,Médio
2018,1,2018-01-01,Sudeste,RJ,Rio de Janeiro,Ônibus,582174,60.9,101.5,35.4,49197.64,5.0,Médio
2018,1,2018-01-01,Sudeste,RJ,Niterói,BRT,656747,82.7,52.1,42.0,16579.47,4.64,Alto
2018,1,2018-01-01,Sudeste,RJ,Nova Iguaçu,Bicicleta,1665920,33.8,95.7,20.1,23947.31,5.46,Alto
2018,1,2018-01-01,Sudeste,RJ,Petrópolis,Trem,1054379,38.8,48.3,14.1,13550.1,4.85,Crítico
2018,1,2018-01-01,Sudeste,MG,Belo Horizonte,Ônibus,321946,86.1,79.3,53.6,18492.29,5.57,Médio
2018,1,2018-01-01,Sudeste,MG,Uberlândia,Trem,941244,75.4,91.3,22.6,35183.13,7.74,Médio
2018,1,2018-01-01,Sudeste,MG,Juiz de Fora,BRT,990300,70.3,56.2,16.9,11693.99,4.22,Alto
2018,1,2018-01-01,Sudeste,ES,Vitória,BRT,1345195,17.4,111.7,54.7,44602.85,5.5,Alto
2018,1,2018-01-01,Sudeste,ES,Vila Velha,VLT,1381220,23.5,62.0,42.1,48027.03,6.77,Médio
2018,1,2018-01-01,Sudeste,ES,Serra,Bicicleta,1928038,51.5,72.8,37.6,32468.37,4.89,Baixo
2018,1,2018-01-01,Sul,PR,Curitiba,BRT,364330,91.3,69.7,29.6,18224.88,6.3,Alto
2018,1,2018-01-01,Sul,PR,Londrina,VLT,952073,71.4,81.1,41.7,36654.19,7.87,Crítico
2018,1,2018-01-01,Sul,SC,Florianópolis,Ônibus,560414,45.6,110.1,22.2,37906.88,7.11,Alto
2018,1,2018-01-01,Sul,SC,Joinville,Bicicleta,1593763,53.9,49.9,14.4,35259.88,4.15,Baixo
2018,1,2018-01-01,Sul,RS,Porto Alegre,VLT,1624119,50.5,51.5,39.6,36074.37,5.19,Crítico
2018,1,2018-01-01,Sul,RS,Caxias do Sul,Bicicleta,115900,49.8,61.9,33.4,24168.71,3.54,Crítico
2018,2,2018-02-01,Norte,AM,Manaus,Bicicleta,1157281,89.4,86.6,20.4,37027.27,4.03,Crítico
2018,2,2018-02-01,Norte,PA,Belém,BRT,1402593,69.0,97.0,19.1,38691.93,5.14,Médio
2018,2,2018-02-01,Norte,PA,Santarém,BRT,811295,50.2,83.0,19.3,7140.4,4.4,Médio
2018,2,2018-02-01,Norte,RO,Porto Velho,Trem,702784,27.1,31.7,16.3,40813.01,8.0,Médio
2018,2,2018-02-01,Norte,TO,Palmas,BRT,1407772,35.6,104.7,29.8,20704.9,6.62,Alto
2018,2,2018-02-01,Nordeste,BA,Salvador,Metrô,306611,51.9,97.1,28.8,46513.68,5.23,Crítico
2018,2,2018-02-01,Nordeste,BA,Feira de Santana,BRT,896832,50.7,110.8,42.8,44628.82,7.95,Médio
2018,2,2018-02-01,Nordeste,PE,Recife,BRT,1000160,64.8,90.6,31.8,21371.29,6.33,Crítico
2018,2,2018-02-01,Nordeste,PE,Jaboatão dos Guararapes,Metrô,121858,39.6,61.8,11.6,1161.59,7.49,Baixo
2018,2,2018-02-01,Nordeste,CE,Fortaleza,Trem,1569128,82.0,57.0,9.9,23740.0,4.71,Crítico
2018,2,2018-02-01,Nordeste,CE,Juazeiro do Norte,Trem,1664029,51.2,95.1,54.6,49921.36,3.93,Baixo
2018,2,2018-02-01,Nordeste,MA,São Luís,VLT,1569231,62.1,43.9,35.0,4777.61,4.86,Médio
2018,2,2018-02-01,Nordeste,PB,João Pessoa,VLT,1102910,57.5,111.1,48.6,37115.07,4.12,Alto
2018,2,2018-02-01,Centro-Oeste,DF,Brasília,Bicicleta,1128581,24.7,87.1,45.3,10925.28,3.94,Baixo
2018,2,2018-02-01,Centro-Oeste,GO,Goiânia,Bicicleta,818721,18.3,116.7,11.8,32244.2,4.65,Crítico
2018,2,2018-02-01,Centro-Oeste,GO,Aparecida de Goiânia,BRT,1479648,75.6,85.0,34.4,46223.89,6.79,Médio
2018,2,2018-02-01,Centro-Oeste,MT,Cuiabá,VLT,407834,40.9,79.3,37.0,48755.91,6.58,Médio
2018,2,2018-02-01,Centro-Oeste,MS,Campo Grande,BRT,941220,23.3,105.8,28.4,29030.09,6.16,Alto
2018,2,2018-02-01,Sudeste,SP,São Paulo,Trem,935241,53.3,80.8,40.2,38411.2,5.54,Baixo
2018,2,2018-02-01,Sudeste,SP,Campinas,Trem,937190,90.2,90.2,16.2,34242.54,4.23,Médio
2018,2,2018-02-01,Sudeste,SP,Ribeirão Preto,Trem,993568,45.0,88.6,15.0,27707.22,4.36,Crítico
2018,2,2018-02-01,Sudeste,RJ,Rio de Janeiro,Bicicleta,799355,93.1,86.0,52.6,4205.71,5.12,Alto
2018,2,2018-02-01,Sudeste,RJ,Niterói,Bicicleta,1774410,31.2,73.0,23.9,16775.15,5.82,Alto
2018,2,2018-02-01,Sudeste,RJ,Nova Iguaçu,Metrô,548305,69.1,85.2,32.6,17487.95,6.61,Baixo
2018,2,2018-02-01,Sudeste,RJ,Petrópolis,Trem,1492092,26.8,39.0,36.7,37690.86,4.84,Baixo
2018,2,2018-02-01,Sudeste,MG,Belo Horizonte,Bicicleta,1912219,74.4,117.0,34.1,24971.11,4.18,Crítico
2018,2,2018-02-01,Sudeste,MG,Uberlândia,Ônibus,474885,19.0,96.2,26.9,8783.54,6.55,Baixo
2018,2,2018-02-01,Sudeste,MG,Juiz de Fora,Bicicleta,1367483,94.0,75.6,35.7,11121.34,5.53,Alto
2018,2,2018-02-01,Sudeste,ES,Vitória,VLT,1963763,83.7,34.6,15.9,17629.24,4.78,Baixo
2018,2,2018-02-01,Sudeste,ES,Vila Velha,Metrô,1512315,82.1,24.9,9.1,19330.36,4.58,Médio
2018,2,2018-02-01,Sudeste,ES,Serra,VLT,420082,17.0,57.2,13.7,28782.72,6.77,Alto
2018,2,2018-02-01,Sul,PR,Curitiba,Ônibus,1973809,51.7,91.5,52.2,46825.06,7.68,Médio
2018,2,2018-02-01,Sul,PR,Londrina,Ônibus,1336262,55.6,20.4,25.7,48974.04,3.69,Alto
2018,2,2018-02-01,Sul,SC,Florianópolis,Bicicleta,530536,52.5,85.5,50.1,8448.62,6.21,Médio
2018,2,2018-02-01,Sul,SC,Joinville,BRT,876602,73.6,90.7,40.5,18535.66,4.37,Alto
2018,2,2018-02-01,Sul,RS,Porto Alegre,Metrô,591336,66.1,37.5,31.7,28775.79,7.67,Alto
2018,2,2018-02-01,Sul,RS,Caxias do Sul,BRT,1612138,78.5,98.0,28.9,31898.57,5.24,Crítico
2018,3,2018-03-01,Norte,AM,Manaus,Trem,1158140,23.8,109.3,22.0,3842.84,7.79,Médio
2018,3,2018-03-01,Norte,PA,Belém,VLT,448924,41.3,31.5,53.3,21229.08,6.22,Alto
2018,3,2018-03-01,Norte,PA,Santarém,Metrô,953397,66.4,82.3,16.9,2776.89,4.09,Crítico
2018,3,2018-03-01,Norte,RO,Porto Velho,Metrô,1770074,36.8,104.5,24.0,48148.87,3.82,Baixo
2018,3,2018-03-01,Norte,TO,Palmas,Bicicleta,960735,48.8,37.1,42.2,1596.07,4.58,Alto
2018,3,2018-03-01,Nordeste,BA,Salvador,Bicicleta,809094,65.1,82.1,22.5,42738.58,6.06,Crítico
2018,3,2018-03-01,Nordeste,BA,Feira de Santana,Bicicleta,1121009,52.8,43.0,18.4,6240.03,6.43,Baixo
2018,3,2018-03-01,Nordeste,PE,Recife,BRT,85979,52.9,47.1,49.2,42189.74,4.7,Crítico
2018,3,2018-03-01,Nordeste,PE,Jaboatão dos Guararapes,Bicicleta,34829,45.9,31.0,51.2,19201.59,7.03,Baixo
2018,3,2018-03-01,Nordeste,CE,Fortaleza,Metrô,936722,53.3,102.1,9.6,12745.28,5.05,Alto
2018,3,2018-03-01,Nordeste,CE,Juazeiro do Norte,Bicicleta,377622,89.7,86.5,32.7,8155.85,5.6,Alto
2018,3,2018-03-01,Nordeste,MA,São Luís,VLT,1360413,19.4,115.7,24.5,24345.11,5.11,Médio
2018,3,2018-03-01,Nordeste,PB,João Pessoa,Ônibus,721090,64.9,61.0,53.8,44511.8,6.14,Médio
2018,3,2018-03-01,Centro-Oeste,DF,Brasília,BRT,1403864,68.5,86.9,41.8,45676.58,4.72,Médio
2018,3,2018-03-01,Centro-Oeste,GO,Goiânia,Ônibus,770483,40.7,53.9,11.2,15755.43,6.17,Médio
2018,3,2018-03-01,Centro-Oeste,GO,Aparecida de Goiânia,VLT,1592380,40.8,112.9,39.5,16577.25,5.47,Crítico
2018,3,2018-03-01,Centro-Oeste,MT,Cuiabá,Metrô,1737221,38.9,87.5,23.2,44720.46,4.96,Alto
2018,3,2018-03-01,Centro-Oeste,MS,Campo Grande,BRT,1200169,73.9,86.2,15.9,30536.97,4.43,Médio
2018,3,2018-03-01,Sudeste,SP,São Paulo,Trem,470416,65.2,79.3,37.5,5583.09,5.1,Alto
2018,3,2018-03-01,Sudeste,SP,Campinas,BRT,1328007,80.1,48.1,38.0,27600.63,5.22,Baixo
2018,3,2018-03-01,Sudeste,SP,Ribeirão Preto,BRT,81128,80.6,62.5,39.3,11034.58,4.74,Baixo
2018,3,2018-03-01,Sudeste,RJ,Rio de Janeiro,Ônibus,159645,76.1,104.2,36.6,7929.46,5.68,Baixo
2018,3,2018-03-01,Sudeste,RJ,Niterói,VLT,851420,31.1,35.6,14.9,12626.6,4.27,Baixo
2018,3,2018-03-01,Sudeste,RJ,Nova Iguaçu,Bicicleta,439625,39.6,80.1,35.2,33641.1,7.6,Baixo
2018,3,2018-03-01,Sudeste,RJ,Petrópolis,BRT,1301555,83.8,30.6,46.7,16025.42,4.48,Baixo
2018,3,2018-03-01,Sudeste,MG,Belo Horizonte,Ônibus,1557031,61.8,73.0,15.8,4018.54,7.4,Alto
2018,3,2018-03-01,Sudeste,MG,Uberlândia,VLT,240236,39.8,94.8,28.4,10781.27,4.37,Crítico
2018,3,2018-03-01,Sudeste,MG,Juiz de Fora,BRT,66899,24.8,47.0,47.0,16902.78,7.41,Médio
2018,3,2018-03-01,Sudeste,ES,Vitória,Trem,117966,72.0,99.0,9.5,35040.93,4.54,Alto
2018,3,2018-03-01,Sudeste,ES,Vila Velha,Metrô,613589,18.0,76.1,27.5,35100.09,7.6,Alto
2018,3,2018-03-01,Sudeste,ES,Serra,Bicicleta,1823379,60.1,97.2,35.6,1335.36,6.36,Alto
2018,3,2018-03-01,Sul,PR,Curitiba,Bicicleta,46973,42.8,31.1,19.7,8331.19,5.27,Crítico
2018,3,2018-03-01,Sul,PR,Londrina,VLT,1266654,93.4,76.3,19.5,4022.22,5.67,Médio
2018,3,2018-03-01,Sul,SC,Florianópolis,BRT,935426,78.3,46.5,20.4,15421.42,4.1,Alto
2018,3,2018-03-01,Sul,SC,Joinville,Trem,1612808,51.7,116.2,17.6,46713.12,5.47,Alto
2018,3,2018-03-01,Sul,RS,Porto Alegre,VLT,657477,24.7,102.3,33.1,49567.3,5.0,Médio
2018,3,2018-03-01,Sul,RS,Caxias do Sul,Metrô,1248843,84.4,87.1,11.5,40785.84,7.75,Alto
2018,4,2018-04-01,Norte,AM,Manaus,VLT,797878,61.2,69.5,53.2,9069.87,5.93,Médio
2018,4,2018-04-01,Norte,PA,Belém,Bicicleta,1821117,38.7,68.7,26.3,33897.52,6.08,Baixo
2018,4,2018-04-01,Norte,PA,Santarém,Bicicleta,961234,23.1,109.8,35.5,29664.79,5.98,Crítico
2018,4,2018-04-01,Norte,RO,Porto Velho,Trem,1070384,18.3,51.7,13.8,13892.21,5.16,Médio
2018,4,2018-04-01,Norte,TO,Palmas,Metrô,1867275,62.6,89.6,29.5,33555.75,7.76,Crítico
2018,4,2018-04-01,Nordeste,BA,Salvador,Trem,714456,42.2,37.5,42.5,42769.08,7.23,Baixo
2018,4,2018-04-01,Nordeste,BA,Feira de Santana,Ônibus,1546890,25.9,55.5,34.3,26441.24,3.63,Médio
2018,4,2018-04-01,Nordeste,PE,Recife,VLT,1736565,83.2,58.9,18.5,28094.75,6.54,Alto
2018,4,2018-04-01,Nordeste,PE,Jaboatão dos Guararapes,Trem,1595424,30.1,54.5,14.2,17438.88,6.85,Alto
2018,4,2018-04-01,Nordeste,CE,Fortaleza,VLT,1401322,16.6,21.8,50.8,18714.28,4.66,Crítico
2018,4,2018-04-01,Nordeste,CE,Juazeiro do Norte,Ônibus,1817663,70.2,54.1,9.1,48064.07,7.79,Baixo
2018,4,2018-04-01,Nordeste,MA,São Luís,Ônibus,752439,61.4,67.7,8.1,23341.88,6.94,Crítico
2018,4,2018-04-01,Nordeste,PB,João Pessoa,Metrô,1435783,93.1,105.8,14.2,37548.25,4.79,Alto
2018,4,2018-04-01,Centro-Oeste,DF,Brasília,Bicicleta,1904768,74.3,119.1,48.6,11783.18,5.61,Crítico
2018,4,2018-04-01,Centro-Oeste,GO,Goiânia,Metrô,1156883,82.6,69.2,51.4,35501.67,4.69,Crítico
2018,4,2018-04-01,Centro-Oeste,GO,Aparecida de Goiânia,Bicicleta,1697820,85.6,91.9,47.9,42386.02,4.14,Baixo
2018,4,2018-04-01,Centro-Oeste,MT,Cuiabá,BRT,960037,53.0,73.3,39.1,10038.29,7.73,Médio
2018,4,2018-04-01,Centro-Oeste,MS,Campo Grande,Trem,1718519,80.0,52.1,13.0,15108.96,4.37,Médio
2018,4,2018-04-01,Sudeste,SP,São Paulo,Trem,959611,80.7,34.9,53.6,37684.44,6.59,Baixo
2018,4,2018-04-01,Sudeste,SP,Campinas,Metrô,481466,22.3,52.6,53.9,18264.78,7.32,Médio
2018,4,2018-04-01,Sudeste,SP,Ribeirão Preto,BRT,1190656,93.1,114.8,48.8,17371.32,7.7,Alto
2018,4,2018-04-01,Sudeste,RJ,Rio de Janeiro,Metrô,1811184,27.1,37.2,17.1,2756.12,3.68,Médio
2018,4,2018-04-01,Sudeste,RJ,Niterói,VLT,278104,65.2,116.2,43.2,13900.36,6.16,Médio
2018,4,2018-04-01,Sudeste,RJ,Nova Iguaçu,BRT,14040,81.2,88.7,49.0,46128.4,4.22,Alto
2018,4,2018-04-01,Sudeste,RJ,Petrópolis,Ônibus,1794433,50.0,43.3,39.0,42964.81,3.8,Baixo
2018,4,2018-04-01,Sudeste,MG,Belo Horizonte,Trem,1143430,66.6,53.7,35.6,12750.22,5.16,Baixo
2018,4,2018-04-01,Sudeste,MG,Uberlândia,Metrô,1194756,18.1,67.5,31.3,25451.54,3.93,Médio
2018,4,2018-04-01,Sudeste,MG,Juiz de Fora,Ônibus,472842,63.7,83.3,9.5,13645.97,6.83,Crítico
2018,4,2018-04-01,Sudeste,ES,Vitória,VLT,514496,51.4,61.0,34.9,43693.66,6.48,Alto
2018,4,2018-04-01,Sudeste,ES,Vila Velha,Trem,707687,94.6,63.1,38.5,40321.74,7.93,Baixo
2018,4,2018-04-01,Sudeste,ES,Serra,Metrô,1921263,27.8,71.8,9.9,48872.6,6.09,Crítico
2018,4,2018-04-01,Sul,PR,Curitiba,Trem,1810557,83.0,96.3,32.0,21547.12,5.51,Alto
2018,4,2018-04-01,Sul,PR,Londrina,Ônibus,74603,38.6,100.3,40.4,12386.9,4.34,Baixo
2018,4,2018-04-01,Sul,SC,Florianópolis,VLT,1093428,46.9,35.0,11.7,44799.78,6.19,Baixo
2018,4,2018-04-01,Sul,SC,Joinville,Ônibus,1246930,79.9,73.0,38.1,40343.21,3.78,Médio
2018,4,2018-04-01,Sul,RS,Porto Alegre,VLT,1471057,36.5,65.1,34.6,44766.68,6.0,Baixo
2018,4,2018-04-01,Sul,RS,Caxias do Sul,BRT,39038,61.6,78.0,28.2,15946.43,7.67,Crítico
2018,5,2018-05-01,Norte,AM,Manaus,Ônibus,514644,29.7,101.1,9.4,47254.02,4.39,Crítico
2018,5,2018-05-01,Norte,PA,Belém,VLT,1639584,17.4,110.2,12.0,34241.09,5.02,Alto
2018,5,2018-05-01,Norte,PA,Santarém,VLT,1958454,19.6,104.2,30.2,39619.8,4.93,Alto
2018,5,2018-05-01,Norte,RO,Porto Velho,VLT,37154,74.0,44.9,13.5,15486.5,3.91,Crítico
2018,5,2018-05-01,Norte,TO,Palmas,BRT,1388438,65.2,70.2,23.3,15541.79,6.91,Médio
2018,5,2018-05-01,Nordeste,BA,Salvador,VLT,1179291,65.4,49.2,19.8,5188.44,3.88,Médio
2018,5,2018-05-01,Nordeste,BA,Feira de Santana,Ônibus,592128,83.0,65.5,29.8,47792.55,6.33,Baixo
2018,5,2018-05-01,Nordeste,PE,Recife,VLT,298799,30.2,51.2,53.5,723.04,7.07,Médio
2018,5,2018-05-01,Nordeste,PE,Jaboatão dos Guararapes,Bicicleta,566917,57.2,116.7,28.5,8191.62,5.1,Baixo
2018,5,2018-05-01,Nordeste,CE,Fortaleza,Trem,154878,66.6,99.0,26.8,22733.27,6.45,Crítico
2018,5,2018-05-01,Nordeste,CE,Juazeiro do Norte,VLT,1618891,69.8,62.5,53.0,46560.21,7.58,Médio
2018,5,2018-05-01,Nordeste,MA,São Luís,Ônibus,1209471,60.1,115.2,38.2,28231.73,7.51,Alto
2018,5,2018-05-01,Nordeste,PB,João Pessoa,Bicicleta,208576,24.0,56.8,39.9,43386.85,7.86,Alto
2018,5,2018-05-01,Centro-Oeste,DF,Brasília,Metrô,365554,46.4,46.3,27.6,36738.53,4.93,Baixo
2018,5,2018-05-01,Centro-Oeste,GO,Goiânia,Bicicleta,764501,37.9,58.9,33.8,10000.0,6.73,Crítico
2018,5,2018-05-01,Centro-Oeste,GO,Aparecida de Goiânia,Bicicleta,1450684,21.4,57.9,9.3,35687.23,6.48,Crítico
2018,5,2018-05-01,Centro-Oeste,MT,Cuiabá,Ônibus,220158,16.3,117.8,14.5,5870.97,6.81,Crítico
2018,5,2018-05-01,Centro-Oeste,MS,Campo Grande,BRT,1167911,47.9,27.7,10.6,9372.45,4.25,Crítico
2018,5,2018-05-01,Sudeste,SP,São Paulo,VLT,1514933,37.3,75.3,25.4,3128.17,4.42,Crítico
2018,5,2018-05-01,Sudeste,SP,Campinas,Metrô,1132414,52.5,116.7,30.1,26081.54,4.41,Médio
2018,5,2018-05-01,Sudeste,SP,Ribeirão Preto,BRT,785229,86.3,105.8,26.9,38384.44,5.86,Médio
2018,5,2018-05-01,Sudeste,RJ,Rio de Janeiro,VLT,1366287,41.6,68.7,26.9,7607.91,6.8,Crítico
2018,5,2018-05-01,Sudeste,RJ,Niterói,BRT,667814,86.1,99.4,12.3,36353.74,6.15,Alto
2018,5,2018-05-01,Sudeste,RJ,Nova Iguaçu,Ônibus,1873151,59.4,96.7,37.1,45438.99,7.19,Crítico
2018,5,2018-05-01,Sudeste,RJ,Petrópolis,Ônibus,1965056,68.0,22.4,51.4,10668.8,7.39,Médio
2018,5,2018-05-01,Sudeste,MG,Belo Horizonte,BRT,1699235,15.4,84.1,34.2,32179.01,6.57,Médio
2018,5,2018-05-01,Sudeste,MG,Uberlândia,Trem,1343147,45.1,24.9,36.4,14636.98,4.01,Crítico
2018,5,2018-05-01,Sudeste,MG,Juiz de Fora,Bicicleta,1617236,75.7,27.0,22.2,2159.88,5.82,Médio
2018,5,2018-05-01,Sudeste,ES,Vitória,Trem,1844095,78.6,109.0,17.5,38773.53,4.62,Crítico
2018,5,2018-05-01,Sudeste,ES,Vila Velha,BRT,332228,45.6,99.5,32.6,18617.34,6.85,Baixo
2018,5,2018-05-01,Sudeste,ES,Serra,Ônibus,553929,33.7,65.3,17.0,20748.02,5.99,Alto
2018,5,2018-05-01,Sul,PR,Curitiba,VLT,1057675,81.1,86.1,53.1,5542.58,4.7,Crítico
2018,5,2018-05-01,Sul,PR,Londrina,Ônibus,331692,38.2,52.1,18.8,18290.98,4.06,Alto
2018,5,2018-05-01,Sul,SC,Florianópolis,VLT,404715,74.2,24.2,9.6,30013.46,4.13,Médio
2018,5,2018-05-01,Sul,SC,Joinville,Metrô,1283721,90.8,21.0,18.1,31659.84,4.61,Baixo
2018,5,2018-05-01,Sul,RS,Porto Alegre,VLT,975471,77.3,31.6,29.9,31264.56,7.87,Crítico
2018,5,2018-05-01,Sul,RS,Caxias do Sul,Metrô,1645231,52.6,42.2,10.4,40612.7,4.25,Médio
2018,6,2018-06-01,Norte,AM,Manaus,Ônibus,1889964,34.9,87.7,13.4,48783.79,3.7,Baixo
2018,6,2018-06-01,Norte,PA,Belém,Trem,1913941,33.6,58.6,40.4,7545.25,4.12,Alto
2018,6,2018-06-01,Norte,PA,Santarém,Ônibus,1575873,76.0,75.4,26.6,10578.04,4.85,Alto
2018,6,2018-06-01,Norte,RO,Porto Velho,Trem,816357,73.5,78.5,46.3,4350.32,6.71,Crítico
2018,6,2018-06-01,Norte,TO,Palmas,Ônibus,1350732,82.6,21.1,29.9,14850.55,5.15,Crítico
2018,6,2018-06-01,Nordeste,BA,Salvador,BRT,1973675,17.7,27.7,48.4,42864.34,6.59,Médio
2018,6,2018-06-01,Nordeste,BA,Feira de Santana,Metrô,1675798,44.4,99.9,53.8,10916.89,5.17,Alto
2018,6,2018-06-01,Nordeste,PE,Recife,Trem,1181990,91.1,65.5,44.3,21424.01,6.27,Médio
2018,6,2018-06-01,Nordeste,PE,Jaboatão dos Guararapes,Bicicleta,1104729,45.3,95.0,43.3,19988.92,6.93,Crítico
2018,6,2018-06-01,Nordeste,CE,Fortaleza,VLT,1764711,61.9,55.0,36.2,19095.16,3.92,Crítico
2018,6,2018-06-01,Nordeste,CE,Juazeiro do Norte,BRT,190757,91.8,61.6,46.9,22978.86,7.03,Alto
2018,6,2018-06-01,Nordeste,MA,São Luís,VLT,445179,22.1,110.9,13.2,30851.43,4.15,Alto
2018,6,2018-06-01,Nordeste,PB,João Pessoa,VLT,1990632,92.4,40.2,19.5,23729.72,7.08,Alto
2018,6,2018-06-01,Centro-Oeste,DF,Brasília,Ônibus,1333125,25.5,55.9,46.3,5436.34,7.02,Baixo
2018,6,2018-06-01,Centro-Oeste,GO,Goiânia,Bicicleta,421089,83.8,53.0,40.0,29066.25,4.87,Alto
2018,6,2018-06-01,Centro-Oeste,GO,Aparecida de Goiânia,Trem,1320444,34.1,61.0,51.5,5228.46,7.01,Baixo
2018,6,2018-06-01,Centro-Oeste,MT,Cuiabá,Bicicleta,338598,64.5,25.1,9.2,16774.33,3.68,Médio
2018,6,2018-06-01,Centro-Oeste,MS,Campo Grande,Trem,1567562,61.9,32.1,28.4,9513.51,6.21,Alto
2018,6,2018-06-01,Sudeste,SP,São Paulo,BRT,1452150,73.9,64.6,43.2,36359.43,4.02,Baixo
2018,6,2018-06-01,Sudeste,SP,Campinas,BRT,1583427,21.1,110.9,34.4,33205.41,6.67,Baixo
2018,6,2018-06-01,Sudeste,SP,Ribeirão Preto,Ônibus,335935,46.5,91.7,10.3,43411.96,5.45,Crítico
2018,6,2018-06-01,Sudeste,RJ,Rio de Janeiro,Bicicleta,625287,29.0,88.3,44.2,4045.74,4.18,Crítico
2018,6,2018-06-01,Sudeste,RJ,Niterói,VLT,1488629,69.1,22.0,30.4,10447.79,7.01,Baixo
2018,6,2018-06-01,Sudeste,RJ,Nova Iguaçu,Bicicleta,344741,76.1,86.3,22.2,31955.5,6.95,Médio
2018,6,2018-06-01,Sudeste,RJ,Petrópolis,Trem,1959571,23.3,77.2,18.8,33246.12,4.69,Alto
2018,6,2018-06-01,Sudeste,MG,Belo Horizonte,BRT,1930544,58.4,100.3,9.7,26703.86,5.23,Crítico
2018,6,2018-06-01,Sudeste,MG,Uberlândia,Metrô,668063,40.9,61.8,53.5,15528.0,7.81,Baixo
2018,6,2018-06-01,Sudeste,MG,Juiz de Fora,Bicicleta,1122185,63.9,77.4,43.0,4683.32,3.96,Crítico
2018,6,2018-06-01,Sudeste,ES,Vitória,VLT,716312,64.4,113.2,28.7,20781.19,3.92,Crítico
2018,6,2018-06-01,Sudeste,ES,Vila Velha,BRT,1131221,89.4,79.1,50.6,24605.66,6.12,Médio
2018,6,2018-06-01,Sudeste,ES,Serra,Ônibus,1798969,82.7,106.6,25.7,1898.75,4.03,Alto
2018,6,2018-06-01,Sul,PR,Curitiba,BRT,622190,22.8,81.6,8.6,21823.12,4.11,Crítico
2018,6,2018-06-01,Sul,PR,Londrina,Ônibus,947764,21.1,87.9,13.4,13812.08,6.1,Crítico
2018,6,2018-06-01,Sul,SC,Florianópolis,Metrô,1799167,55.9,79.3,28.3,39261.88,7.38,Alto
2018,6,2018-06-01,Sul,SC,Joinville,Metrô,708243,75.0,66.6,9.7,30147.32,6.37,Alto
2018,6,2018-06-01,Sul,RS,Porto Alegre,Ônibus,1393117,46.5,61.4,41.0,49030.28,4.75,Médio
2018,6,2018-06-01,Sul,RS,Caxias do Sul,Trem,786813,83.8,97.9,47.0,48747.25,7.18,Baixo
2018,7,2018-07-01,Norte,AM,Manaus,VLT,1641096,77.4,80.0,28.4,20959.2,7.65,Baixo
2018,7,2018-07-01,Norte,PA,Belém,Trem,1384611,67.0,84.8,41.9,21591.52,5.23,Alto
2018,7,2018-07-01,Norte,PA,Santarém,Ônibus,1800948,30.0,26.4,26.0,17631.09,4.27,Baixo
2018,7,2018-07-01,Norte,RO,Porto Velho,Ônibus,1912442,56.9,57.1,44.7,33983.85,6.05,Médio
2018,7,2018-07-01,Norte,TO,Palmas,BRT,834640,16.3,57.9,16.2,4719.05,7.54,Médio
2018,7,2018-07-01,Nordeste,BA,Salvador,Ônibus,441463,55.3,58.5,40.2,19779.59,5.33,Médio
2018,7,2018-07-01,Nordeste,BA,Feira de Santana,Bicicleta,795344,90.8,30.0,30.7,34835.14,7.68,Baixo
2018,7,2018-07-01,Nordeste,PE,Recife,Metrô,1015386,50.0,22.1,20.9,10359.73,4.37,Alto
2018,7,2018-07-01,Nordeste,PE,Jaboatão dos Guararapes,Trem,1115811,90.9,44.4,43.8,46618.12,6.44,Baixo
2018,7,2018-07-01,Nordeste,CE,Fortaleza,Bicicleta,802222,88.6,101.5,26.1,49168.31,3.8,Médio
2018,7,2018-07-01,Nordeste,CE,Juazeiro do Norte,Ônibus,1317344,47.8,97.3,48.7,13326.37,3.84,Alto
2018,7,2018-07-01,Nordeste,MA,São Luís,Metrô,1459584,18.7,72.9,34.7,36354.83,6.54,Crítico
2018,7,2018-07-01,Nordeste,PB,João Pessoa,Bicicleta,1215212,75.1,67.6,21.2,29522.6,7.93,Alto
2018,7,2018-07-01,Centro-Oeste,DF,Brasília,Metrô,215655,64.5,90.6,37.0,13788.48,5.23,Alto
2018,7,2018-07-01,Centro-Oeste,GO,Goiânia,Ônibus,1876945,55.5,29.2,20.1,40970.11,4.44,Médio
2018,7,2018-07-01,Centro-Oeste,GO,Aparecida de Goiânia,Trem,1483772,22.1,45.9,17.4,31877.8,4.55,Baixo
2018,7,2018-07-01,Centro-Oeste,MT,Cuiabá,VLT,210604,25.3,109.2,29.7,47213.74,6.97,Médio
2018,7,2018-07-01,Centro-Oeste,MS,Campo Grande,Metrô,885742,48.8,101.7,45.9,49302.35,6.1,Alto
2018,7,2018-07-01,Sudeste,SP,São Paulo,Metrô,1067986,60.5,94.8,39.8,41046.79,4.03,Crítico
2018,7,2018-07-01,Sudeste,SP,Campinas,Trem,1335286,24.8,109.3,13.6,40718.74,6.81,Médio
2018,7,2018-07-01,Sudeste,SP,Ribeirão Preto,Trem,553641,66.7,91.4,26.9,36445.9,5.75,Baixo
2018,7,2018-07-01,Sudeste,RJ,Rio de Janeiro,Bicicleta,955114,91.9,103.5,35.4,5503.94,3.95,Alto
2018,7,2018-07-01,Sudeste,RJ,Niterói,Bicicleta,406827,59.1,48.5,51.9,20740.37,3.84,Médio
2018,7,2018-07-01,Sudeste,RJ,Nova Iguaçu,Ônibus,604776,20.6,83.0,23.9,1989.67,6.47,Alto
2018,7,2018-07-01,Sudeste,RJ,Petrópolis,VLT,1573310,85.5,40.5,33.3,37319.72,5.19,Baixo
2018,7,2018-07-01,Sudeste,MG,Belo Horizonte,BRT,1281980,22.1,91.6,29.8,33323.87,5.2,Alto
2018,7,2018-07-01,Sudeste,MG,Uberlândia,Ônibus,24792,32.9,88.6,49.0,9061.37,5.61,Alto
2018,7,2018-07-01,Sudeste,MG,Juiz de Fora,VLT,1099818,83.9,28.8,11.2,26952.45,6.87,Baixo
2018,7,2018-07-01,Sudeste,ES,Vitória,Metrô,679470,88.5,41.0,36.5,7005.47,7.36,Baixo
2018,7,2018-07-01,Sudeste,ES,Vila Velha,BRT,18232,90.3,21.5,15.5,3948.87,4.0,Baixo
2018,7,2018-07-01,Sudeste,ES,Serra,Bicicleta,865498,56.1,83.9,27.8,23167.64,7.53,Médio
2018,7,2018-07-01,Sul,PR,Curitiba,Metrô,445857,64.3,119.9,21.3,39937.55,7.06,Baixo
2018,7,2018-07-01,Sul,PR,Londrina,VLT,858967,61.8,48.8,39.7,9769.22,5.5,Baixo
2018,7,2018-07-01,Sul,SC,Florianópolis,BRT,1298355,77.4,85.1,11.2,22336.22,6.13,Baixo
2018,7,2018-07-01,Sul,SC,Joinville,Bicicleta,13505,23.1,44.6,44.9,35871.64,5.8,Alto
2018,7,2018-07-01,Sul,RS,Porto Alegre,VLT,606084,60.3,93.1,54.6,34345.76,7.84,Alto
2018,7,2018-07-01,Sul,RS,Caxias do Sul,Metrô,822940,35.5,29.4,24.8,46451.05,7.85,Crítico
2018,8,2018-08-01,Norte,AM,Manaus,Bicicleta,1324111,35.1,84.2,52.9,20287.76,6.58,Crítico
2018,8,2018-08-01,Norte,PA,Belém,VLT,348737,77.8,104.2,15.8,36434.3,5.01,Alto
2018,8,2018-08-01,Norte,PA,Santarém,BRT,748200,61.7,77.7,28.2,38522.14,3.8,Baixo
2018,8,2018-08-01,Norte,RO,Porto Velho,Trem,1126926,40.8,90.6,22.1,13323.55,3.71,Baixo
2018,8,2018-08-01,Norte,TO,Palmas,Metrô,1890506,19.7,113.5,33.1,3486.27,5.11,Alto
2018,8,2018-08-01,Nordeste,BA,Salvador,VLT,1355943,19.0,53.9,45.0,28320.17,3.96,Crítico
2018,8,2018-08-01,Nordeste,BA,Feira de Santana,BRT,533247,66.3,89.6,22.8,37319.29,7.74,Baixo
2018,8,2018-08-01,Nordeste,PE,Recife,Metrô,1625033,91.8,70.6,11.8,39146.65,4.34,Baixo
2018,8,2018-08-01,Nordeste,PE,Jaboatão dos Guararapes,Ônibus,511081,17.1,43.5,34.7,23258.14,5.18,Alto
2018,8,2018-08-01,Nordeste,CE,Fortaleza,Bicicleta,737574,55.4,63.4,35.7,21792.59,4.16,Médio
2018,8,2018-08-01,Nordeste,CE,Juazeiro do Norte,Bicicleta,10952,60.2,67.4,16.1,48763.49,3.95,Médio
2018,8,2018-08-01,Nordeste,MA,São Luís,VLT,573035,53.2,107.3,30.6,41620.29,5.48,Baixo
2018,8,2018-08-01,Nordeste,PB,João Pessoa,VLT,243596,77.7,102.4,12.7,37327.69,4.24,Crítico
2018,8,2018-08-01,Centro-Oeste,DF,Brasília,BRT,357902,28.1,107.1,18.5,22249.66,4.94,Crítico
2018,8,2018-08-01,Centro-Oeste,GO,Goiânia,VLT,841551,79.7,77.9,48.7,34487.78,4.68,Alto
2018,8,2018-08-01,Centro-Oeste,GO,Aparecida de Goiânia,Ônibus,182568,42.4,109.9,38.0,34900.13,5.91,Baixo
2018,8,2018-08-01,Centro-Oeste,MT,Cuiabá,Metrô,1393134,83.5,98.2,30.2,39259.52,6.45,Médio
2018,8,2018-08-01,Centro-Oeste,MS,Campo Grande,Ônibus,192418,57.7,21.6,23.0,5165.25,5.81,Alto
2018,8,2018-08-01,Sudeste,SP,São Paulo,Bicicleta,1324472,44.4,115.1,21.8,2969.26,7.84,Crítico
2018,8,2018-08-01,Sudeste,SP,Campinas,Bicicleta,270196,81.0,35.7,34.6,29257.56,7.77,Baixo
2018,8,2018-08-01,Sudeste,SP,Ribeirão Preto,Trem,147233,77.8,78.2,24.4,28209.34,7.29,Crítico
2018,8,2018-08-01,Sudeste,RJ,Rio de Janeiro,Ônibus,621294,43.1,65.8,42.0,27721.39,6.67,Alto
2018,8,2018-08-01,Sudeste,RJ,Niterói,Metrô,1408179,40.0,72.0,15.2,44523.97,4.45,Alto
2018,8,2018-08-01,Sudeste,RJ,Nova Iguaçu,Metrô,848295,71.5,56.3,54.2,9202.28,3.7,Médio
2018,8,2018-08-01,Sudeste,RJ,Petrópolis,VLT,774008,63.6,84.6,34.8,4832.19,7.85,Baixo
2018,8,2018-08-01,Sudeste,MG,Belo Horizonte,Bicicleta,1083224,75.2,43.7,18.1,20838.96,4.51,Baixo
2018,8,2018-08-01,Sudeste,MG,Uberlândia,Metrô,1642455,37.3,87.5,28.1,4646.38,8.0,Baixo
2018,8,2018-08-01,Sudeste,MG,Juiz de Fora,Trem,815109,20.8,44.8,47.7,30605.75,4.4,Médio
2018,8,2018-08-01,Sudeste,ES,Vitória,Trem,158750,67.6,57.5,11.8,31174.34,3.61,Alto
2018,8,2018-08-01,Sudeste,ES,Vila Velha,Trem,1852485,18.7,53.1,39.1,45764.55,5.64,Crítico
2018,8,2018-08-01,Sudeste,ES,Serra,Bicicleta,18521,27.3,89.6,10.1,45909.66,6.86,Alto
2018,8,2018-08-01,Sul,PR,Curitiba,VLT,1980494,67.3,35.7,33.0,11347.28,4.85,Crítico
2018,8,2018-08-01,Sul,PR,Londrina,Metrô,1404983,81.3,48.3,20.7,17346.7,6.48,Baixo
2018,8,2018-08-01,Sul,SC,Florianópolis,Ônibus,148409,57.6,73.4,11.5,34636.86,6.62,Crítico
2018,8,2018-08-01,Sul,SC,Joinville,Bicicleta,1714667,53.7,59.4,10.1,21812.85,5.92,Médio
2018,8,2018-08-01,Sul,RS,Porto Alegre,VLT,647864,70.8,107.8,31.8,8762.89,7.93,Médio
2018,8,2018-08-01,Sul,RS,Caxias do Sul,Trem,687800,42.5,41.4,19.8,18360.12,6.71,Alto
2018,9,2018-09-01,Norte,AM,Manaus,Metrô,1216283,55.9,115.1,21.2,27398.68,7.76,Baixo
2018,9,2018-09-01,Norte,PA,Belém,Bicicleta,1394963,91.3,93.5,54.2,5756.08,6.55,Crítico
2018,9,2018-09-01,Norte,PA,Santarém,Ônibus,1791056,22.8,115.8,24.5,40439.7,4.07,Alto
2018,9,2018-09-01,Norte,RO,Porto Velho,Metrô,1693705,55.1,66.3,43.9,45008.19,6.14,Baixo
2018,9,2018-09-01,Norte,TO,Palmas,Bicicleta,525406,90.1,87.8,43.9,19515.71,7.67,Crítico
2018,9,2018-09-01,Nordeste,BA,Salvador,Bicicleta,1174977,91.8,25.5,42.4,27614.98,3.56,Crítico
2018,9,2018-09-01,Nordeste,BA,Feira de Santana,BRT,466230,92.7,95.0,40.4,10587.86,6.72,Alto
2018,9,2018-09-01,Nordeste,PE,Recife,Bicicleta,760821,36.5,88.6,50.1,4305.97,7.88,Médio
2018,9,2018-09-01,Nordeste,PE,Jaboatão dos Guararapes,Trem,1174674,74.6,57.6,40.0,19188.44,7.31,Baixo
2018,9,2018-09-01,Nordeste,CE,Fortaleza,Trem,145388,66.3,23.0,42.9,37477.81,7.41,Médio
2018,9,2018-09-01,Nordeste,CE,Juazeiro do Norte,Bicicleta,388087,79.1,111.4,23.1,4749.89,6.3,Alto
2018,9,2018-09-01,Nordeste,MA,São Luís,VLT,1440593,67.8,87.9,30.7,4789.85,4.83,Alto
2018,9,2018-09-01,Nordeste,PB,João Pessoa,Bicicleta,439742,69.9,88.4,36.8,28575.02,5.44,Baixo
2018,9,2018-09-01,Centro-Oeste,DF,Brasília,Metrô,1782948,76.0,52.0,18.1,49942.82,3.97,Alto
2018,9,2018-09-01,Centro-Oeste,GO,Goiânia,VLT,449281,45.1,20.3,29.1,13313.14,4.82,Crítico
2018,9,2018-09-01,Centro-Oeste,GO,Aparecida de Goiânia,Trem,1620709,21.0,60.2,30.1,39108.79,7.7,Médio
2018,9,2018-09-01,Centro-Oeste,MT,Cuiabá,Bicicleta,481192,63.9,62.2,22.7,32843.48,5.58,Médio
2018,9,2018-09-01,Centro-Oeste,MS,Campo Grande,BRT,994461,70.6,72.6,54.8,11405.15,5.17,Baixo
2018,9,2018-09-01,Sudeste,SP,São Paulo,Trem,466553,74.8,86.0,38.4,35607.95,4.32,Crítico
2018,9,2018-09-01,Sudeste,SP,Campinas,Metrô,1311729,27.5,110.1,30.4,47263.69,7.91,Crítico
2018,9,2018-09-01,Sudeste,SP,Ribeirão Preto,Trem,338513,48.1,36.1,23.9,45829.68,4.02,Alto
2018,9,2018-09-01,Sudeste,RJ,Rio de Janeiro,Trem,170823,19.9,64.1,19.2,850.42,5.02,Crítico
2018,9,2018-09-01,Sudeste,RJ,Niterói,Trem,1069446,74.2,96.8,24.7,21271.09,6.69,Alto
2018,9,2018-09-01,Sudeste,RJ,Nova Iguaçu,Ônibus,587630,22.0,81.7,52.6,43146.4,5.45,Alto
2018,9,2018-09-01,Sudeste,RJ,Petrópolis,BRT,986281,31.4,66.6,17.7,29746.25,6.8,Alto
2018,9,2018-09-01,Sudeste,MG,Belo Horizonte,VLT,1082312,87.3,84.2,35.4,45768.42,7.26,Alto
2018,9,2018-09-01,Sudeste,MG,Uberlândia,VLT,1848141,37.6,118.0,28.2,35831.93,6.85,Baixo
2018,9,2018-09-01,Sudeste,MG,Juiz de Fora,Ônibus,685395,83.5,35.3,19.7,36774.28,4.8,Baixo
2018,9,2018-09-01,Sudeste,ES,Vitória,Trem,1457849,91.1,111.2,53.6,19943.81,6.72,Crítico
2018,9,2018-09-01,Sudeste,ES,Vila Velha,Trem,670829,92.1,72.8,49.1,7524.94,6.93,Crítico
2018,9,2018-09-01,Sudeste,ES,Serra,Bicicleta,14212,29.9,110.2,51.3,30577.16,6.26,Baixo
2018,9,2018-09-01,Sul,PR,Curitiba,BRT,1658363,43.9,104.1,24.4,36174.51,6.93,Crítico
2018,9,2018-09-01,Sul,PR,Londrina,Metrô,1430379,41.2,59.5,21.6,12256.51,5.53,Crítico
2018,9,2018-09-01,Sul,SC,Florianópolis,Bicicleta,1331991,84.5,97.4,37.0,23709.21,7.9,Crítico
2018,9,2018-09-01,Sul,SC,Joinville,BRT,1939179,37.5,80.7,13.7,4230.79,4.65,Crítico
2018,9,2018-09-01,Sul,RS,Porto Alegre,Metrô,1936529,39.3,64.8,15.2,34074.99,4.37,Médio
2018,9,2018-09-01,Sul,RS,Caxias do Sul,BRT,598886,50.3,51.3,45.7,2940.04,5.51,Crítico
2018,10,2018-10-01,Norte,AM,Manaus,BRT,1923500,84.3,60.1,21.6,3054.29,6.38,Crítico
2018,10,2018-10-01,Norte,PA,Belém,Bicicleta,341289,28.1,24.6,38.2,2659.94,7.71,Médio
2018,10,2018-10-01,Norte,PA,Santarém,Bicicleta,1396263,87.2,115.6,23.9,44959.85,4.79,Alto
2018,10,2018-10-01,Norte,RO,Porto Velho,Ônibus,865799,54.5,83.4,41.2,30471.54,6.92,Alto
2018,10,2018-10-01,Norte,TO,Palmas,Metrô,875350,94.2,29.7,13.2,32687.12,7.6,Médio
2018,10,2018-10-01,Nordeste,BA,Salvador,Trem,1570328,63.7,74.6,14.9,27183.64,6.16,Alto
2018,10,2018-10-01,Nordeste,BA,Feira de Santana,Metrô,204834,26.7,72.8,51.5,33557.26,7.68,Médio
2018,10,2018-10-01,Nordeste,PE,Recife,Bicicleta,888166,90.7,77.3,39.5,17334.93,4.47,Crítico
2018,10,2018-10-01,Nordeste,PE,Jaboatão dos Guararapes,Ônibus,375457,91.7,109.3,11.8,14873.34,6.35,Crítico
2018,10,2018-10-01,Nordeste,CE,Fortaleza,VLT,1723406,28.9,23.5,31.1,11562.4,5.49,Baixo
2018,10,2018-10-01,Nordeste,CE,Juazeiro do Norte,Bicicleta,641376,21.9,52.5,36.5,8678.66,7.3,Baixo
2018,10,2018-10-01,Nordeste,MA,São Luís,VLT,990225,67.6,92.4,47.7,30599.2,7.55,Crítico
2018,10,2018-10-01,Nordeste,PB,João Pessoa,BRT,1173737,72.7,40.8,15.4,27283.05,5.92,Médio
2018,10,2018-10-01,Centro-Oeste,DF,Brasília,VLT,1467190,85.3,21.5,22.1,39240.42,3.68,Alto
2018,10,2018-10-01,Centro-Oeste,GO,Goiânia,Bicicleta,662940,41.6,72.2,22.1,9287.48,4.94,Médio
2018,10,2018-10-01,Centro-Oeste,GO,Aparecida de Goiânia,Trem,1222290,75.9,75.0,54.0,36949.5,5.2,Alto
2018,10,2018-10-01,Centro-Oeste,MT,Cuiabá,Ônibus,1449873,66.2,41.5,43.2,22534.03,5.89,Alto
2018,10,2018-10-01,Centro-Oeste,MS,Campo Grande,Bicicleta,1500543,36.7,66.8,29.5,9311.8,6.6,Baixo
2018,10,2018-10-01,Sudeste,SP,São Paulo,Metrô,1265863,39.9,100.5,44.5,15550.33,4.52,Médio
2018,10,2018-10-01,Sudeste,SP,Campinas,Trem,26117,58.3,62.1,51.0,41387.98,5.88,Alto
2018,10,2018-10-01,Sudeste,SP,Ribeirão Preto,Ônibus,1060308,21.1,21.3,16.9,20213.23,7.32,Alto
2018,10,2018-10-01,Sudeste,RJ,Rio de Janeiro,VLT,1107318,37.5,20.9,10.8,24981.8,4.38,Médio
2018,10,2018-10-01,Sudeste,RJ,Niterói,Ônibus,751728,84.0,24.0,34.0,47818.25,5.26,Baixo
2018,10,2018-10-01,Sudeste,RJ,Nova Iguaçu,Bicicleta,311123,74.0,58.7,40.9,47449.8,3.6,Baixo
2018,10,2018-10-01,Sudeste,RJ,Petrópolis,VLT,1678338,88.4,118.5,35.7,22980.62,6.15,Alto
2018,10,2018-10-01,Sudeste,MG,Belo Horizonte,Trem,390614,38.2,39.0,29.7,29175.61,6.79,Crítico
2018,10,2018-10-01,Sudeste,MG,Uberlândia,BRT,141437,55.3,41.4,18.8,29733.55,7.36,Crítico
2018,10,2018-10-01,Sudeste,MG,Juiz de Fora,Metrô,856546,77.6,106.4,44.1,30391.82,4.01,Baixo
2018,10,2018-10-01,Sudeste,ES,Vitória,BRT,494538,24.0,34.3,11.3,42291.62,5.33,Baixo
2018,10,2018-10-01,Sudeste,ES,Vila Velha,Metrô,572013,43.3,29.1,14.8,19853.66,6.19,Alto
2018,10,2018-10-01,Sudeste,ES,Serra,Metrô,150942,67.1,54.2,46.7,4618.49,6.77,Alto
2018,10,2018-10-01,Sul,PR,Curitiba,VLT,504120,91.4,47.6,53.5,46661.11,6.52,Baixo
2018,10,2018-10-01,Sul,PR,Londrina,BRT,1600152,71.4,28.2,39.4,22997.93,4.95,Crítico
2018,10,2018-10-01,Sul,SC,Florianópolis,Trem,1509788,16.9,104.2,32.3,45970.09,5.52,Médio
2018,10,2018-10-01,Sul,SC,Joinville,Metrô,1274567,20.8,95.1,27.7,5591.48,5.0,Crítico
2018,10,2018-10-01,Sul,RS,Porto Alegre,BRT,407493,73.7,108.8,36.2,10935.25,4.15,Médio
2018,10,2018-10-01,Sul,RS,Caxias do Sul,BRT,1468574,62.7,82.9,46.0,21329.27,6.16,Baixo
2018,11,2018-11-01,Norte,AM,Manaus,Bicicleta,1116897,52.5,101.0,52.9,21678.61,6.31,Médio
2018,11,2018-11-01,Norte,PA,Belém,BRT,1692941,57.9,88.7,35.9,38764.22,7.67,Baixo
2018,11,2018-11-01,Norte,PA,Santarém,Ônibus,1792149,82.3,80.2,42.4,5308.12,5.77,Alto
2018,11,2018-11-01,Norte,RO,Porto Velho,VLT,1016325,76.2,111.7,22.5,6846.47,4.21,Alto
2018,11,2018-11-01,Norte,TO,Palmas,VLT,1464570,62.8,80.2,24.2,3542.47,6.57,Baixo
2018,11,2018-11-01,Nordeste,BA,Salvador,VLT,1262158,50.3,118.9,32.9,29978.35,4.47,Baixo
2018,11,2018-11-01,Nordeste,BA,Feira de Santana,Metrô,642212,50.8,69.5,11.6,48675.35,4.63,Baixo
2018,11,2018-11-01,Nordeste,PE,Recife,Metrô,1906427,45.6,90.5,40.7,26173.3,5.14,Crítico
2018,11,2018-11-01,Nordeste,PE,Jaboatão dos Guararapes,Trem,77346,57.4,29.3,28.1,36528.52,6.81,Baixo
2018,11,2018-11-01,Nordeste,CE,Fortaleza,BRT,242601,51.6,79.0,48.1,17108.51,4.35,Alto
2018,11,2018-11-01,Nordeste,CE,Juazeiro do Norte,Bicicleta,117830,20.5,46.1,21.9,18713.74,5.9,Alto
2018,11,2018-11-01,Nordeste,MA,São Luís,Bicicleta,433334,65.7,75.7,27.0,16933.74,7.95,Médio
2018,11,2018-11-01,Nordeste,PB,João Pessoa,VLT,736624,22.9,80.4,44.1,15861.64,6.17,Médio
2018,11,2018-11-01,Centro-Oeste,DF,Brasília,Bicicleta,1104379,28.8,70.8,12.1,23196.05,3.64,Médio
2018,11,2018-11-01,Centro-Oeste,GO,Goiânia,BRT,999903,66.0,38.9,13.4,40278.59,7.33,Baixo
2018,11,2018-11-01,Centro-Oeste,GO,Aparecida de Goiânia,Trem,1989407,29.2,105.6,13.6,19480.9,4.07,Crítico
2018,11,2018-11-01,Centro-Oeste,MT,Cuiabá,BRT,719495,77.8,54.9,34.1,49569.53,5.82,Alto
2018,11,2018-11-01,Centro-Oeste,MS,Campo Grande,Trem,201234,19.7,106.1,24.0,24808.43,3.76,Baixo
2018,11,2018-11-01,Sudeste,SP,São Paulo,Bicicleta,538935,72.1,26.6,25.1,9795.72,4.28,Alto
2018,11,2018-11-01,Sudeste,SP,Campinas,VLT,832949,28.0,26.7,45.1,17415.8,7.99,Baixo
2018,11,2018-11-01,Sudeste,SP,Ribeirão Preto,Bicicleta,801472,44.2,48.3,36.4,106.03,6.58,Alto
2018,11,2018-11-01,Sudeste,RJ,Rio de Janeiro,Bicicleta,1676396,19.4,45.2,26.6,12602.96,3.94,Médio
2018,11,2018-11-01,Sudeste,RJ,Niterói,VLT,381694,19.0,43.1,17.2,1727.5,6.04,Baixo
2018,11,2018-11-01,Sudeste,RJ,Nova Iguaçu,Metrô,1041789,55.1,118.4,21.7,33812.44,7.78,Alto
2018,11,2018-11-01,Sudeste,RJ,Petrópolis,VLT,1236213,73.3,108.8,13.4,18589.09,6.98,Alto
2018,11,2018-11-01,Sudeste,MG,Belo Horizonte,Metrô,1142738,16.7,107.6,14.4,32841.54,7.7,Baixo
2018,11,2018-11-01,Sudeste,MG,Uberlândia,VLT,1498762,55.4,113.6,26.9,12823.95,7.22,Médio
2018,11,2018-11-01,Sudeste,MG,Juiz de Fora,Bicicleta,1360071,26.5,107.4,27.0,32028.66,4.75,Baixo
2018,11,2018-11-01,Sudeste,ES,Vitória,Bicicleta,889706,71.5,51.9,8.4,26580.21,5.42,Alto
2018,11,2018-11-01,Sudeste,ES,Vila Velha,VLT,1151548,78.1,81.8,21.7,6389.45,6.52,Crítico
2018,11,2018-11-01,Sudeste,ES,Serra,VLT,164537,76.1,98.9,33.5,31865.04,4.86,Alto
2018,11,2018-11-01,Sul,PR,Curitiba,Ônibus,1423734,81.9,80.8,29.0,47865.87,5.89,Médio
2018,11,2018-11-01,Sul,PR,Londrina,Ônibus,360512,77.0,73.0,42.4,31066.13,5.13,Baixo
2018,11,2018-11-01,Sul,SC,Florianópolis,Metrô,355582,85.1,79.0,24.2,15016.33,4.38,Crítico
2018,11,2018-11-01,Sul,SC,Joinville,Bicicleta,531222,57.2,81.3,42.0,42945.89,6.08,Médio
2018,11,2018-11-01,Sul,RS,Porto Alegre,Trem,1918207,82.8,68.3,48.7,42746.96,7.96,Crítico
2018,11,2018-11-01,Sul,RS,Caxias do Sul,VLT,1088713,72.4,26.2,37.6,18922.59,6.96,Alto
2018,12,2018-12-01,Norte,AM,Manaus,Metrô,254740,40.8,71.7,39.6,16579.67,4.94,Crítico
2018,12,2018-12-01,Norte,PA,Belém,Bicicleta,725787,81.1,111.4,42.9,4657.34,5.27,Baixo
2018,12,2018-12-01,Norte,PA,Santarém,Bicicleta,500384,54.5,109.7,30.1,10660.83,6.18,Crítico
2018,12,2018-12-01,Norte,RO,Porto Velho,Ônibus,1903423,72.5,43.1,16.1,22110.63,3.98,Médio
2018,12,2018-12-01,Norte,TO,Palmas,VLT,726574,30.4,65.0,35.1,4492.65,3.6,Crítico
2018,12,2018-12-01,Nordeste,BA,Salvador,BRT,632880,85.8,66.4,10.9,29472.74,3.7,Alto
2018,12,2018-12-01,Nordeste,BA,Feira de Santana,VLT,924588,75.4,105.2,10.7,1808.43,7.56,Crítico
2018,12,2018-12-01,Nordeste,PE,Recife,VLT,780674,51.1,102.3,23.1,29422.29,4.12,Alto
2018,12,2018-12-01,Nordeste,PE,Jaboatão dos Guararapes,Trem,614153,73.9,85.0,45.1,44394.43,7.15,Crítico
2018,12,2018-12-01,Nordeste,CE,Fortaleza,Ônibus,1113796,23.2,51.8,41.0,42341.22,4.85,Médio
2018,12,2018-12-01,Nordeste,CE,Juazeiro do Norte,BRT,1718421,52.6,44.0,22.5,34779.16,3.51,Alto
2018,12,2018-12-01,Nordeste,MA,São Luís,VLT,865819,44.7,63.8,39.9,40848.49,3.79,Crítico
2018,12,2018-12-01,Nordeste,PB,João Pessoa,Ônibus,327440,48.4,26.0,26.5,21229.33,6.82,Crítico
2018,12,2018-12-01,Centro-Oeste,DF,Brasília,Bicicleta,721404,22.3,100.4,41.7,47145.37,3.77,Médio
2018,12,2018-12-01,Centro-Oeste,GO,Goiânia,Ônibus,671272,35.6,90.7,37.2,42233.44,4.94,Médio
2018,12,2018-12-01,Centro-Oeste,GO,Aparecida de Goiânia,Bicicleta,270604,42.8,44.8,46.4,535.73,6.42,Médio
2018,12,2018-12-01,Centro-Oeste,MT,Cuiabá,Ônibus,1358698,47.8,78.3,9.6,22944.66,5.11,Alto
2018,12,2018-12-01,Centro-Oeste,MS,Campo Grande,BRT,599814,39.5,65.9,54.2,19613.39,3.6,Alto
2018,12,2018-12-01,Sudeste,SP,São Paulo,Trem,1998055,68.1,38.9,39.7,2740.37,7.97,Alto
2018,12,2018-12-01,Sudeste,SP,Campinas,Bicicleta,111528,88.4,36.5,34.0,41769.28,7.86,Crítico
2018,12,2018-12-01,Sudeste,SP,Ribeirão Preto,Trem,720374,40.8,44.7,41.1,37449.53,5.27,Médio
2018,12,2018-12-01,Sudeste,RJ,Rio de Janeiro,Ônibus,1244735,28.3,98.3,16.6,7060.55,7.85,Baixo
2018,12,2018-12-01,Sudeste,RJ,Niterói,BRT,675900,61.4,103.2,34.9,44531.15,4.87,Médio
2018,12,2018-12-01,Sudeste,RJ,Nova Iguaçu,VLT,237580,39.3,105.1,55.0,6036.7,4.69,Médio
2018,12,2018-12-01,Sudeste,RJ,Petrópolis,Bicicleta,223090,18.9,73.7,54.6,25959.84,6.68,Médio
2018,12,2018-12-01,Sudeste,MG,Belo Horizonte,VLT,324818,58.4,78.8,40.0,3686.46,7.27,Crítico
2018,12,2018-12-01,Sudeste,MG,Uberlândia,Ônibus,283173,49.3,97.3,20.7,24271.26,7.4,Crítico
2018,12,2018-12-01,Sudeste,MG,Juiz de Fora,BRT,1464936,89.5,85.3,53.9,48049.15,5.92,Médio
2018,12,2018-12-01,Sudeste,ES,Vitória,VLT,893932,77.4,52.6,31.7,29417.79,6.75,Crítico
2018,12,2018-12-01,Sudeste,ES,Vila Velha,VLT,1307126,53.7,113.7,10.6,33891.38,6.78,Crítico
2018,12,2018-12-01,Sudeste,ES,Serra,VLT,56971,22.9,39.6,13.0,15329.32,5.04,Médio
2018,12,2018-12-01,Sul,PR,Curitiba,Ônibus,1192590,74.0,39.5,44.4,46719.6,3.8,Médio
2018,12,2018-12-01,Sul,PR,Londrina,Ônibus,1606426,76.8,46.8,52.1,13399.92,5.04,Médio
2018,12,2018-12-01,Sul,SC,Florianópolis,Bicicleta,1385305,16.1,110.4,38.9,16900.9,5.49,Baixo
2018,12,2018-12-01,Sul,SC,Joinville,Metrô,1705918,60.0,27.1,34.0,15975.22,5.18,Médio
2018,12,2018-12-01,Sul,RS,Porto Alegre,VLT,1900676,61.1,66.9,29.4,9003.42,4.36,Alto
2018,12,2018-12-01,Sul,RS,Caxias do Sul,Trem,1401709,58.3,57.9,25.9,27634.79,3.76,Médio
2019,1,2019-01-01,Norte,AM,Manaus,BRT,1605635,26.9,37.4,23.8,1876.92,7.27,Alto
2019,1,2019-01-01,Norte,PA,Belém,Metrô,879564,86.1,45.1,26.8,35755.36,6.66,Baixo
2019,1,2019-01-01,Norte,PA,Santarém,Metrô,1753402,76.4,39.2,16.5,28725.74,7.72,Alto
2019,1,2019-01-01,Norte,RO,Porto Velho,BRT,1996209,15.7,37.3,32.1,46625.45,5.81,Baixo
2019,1,2019-01-01,Norte,TO,Palmas,VLT,414194,42.9,73.1,32.5,44219.17,3.69,Alto
2019,1,2019-01-01,Nordeste,BA,Salvador,VLT,99259,81.3,71.0,51.3,39554.48,6.51,Alto
2019,1,2019-01-01,Nordeste,BA,Feira de Santana,BRT,897130,77.9,90.8,24.2,35646.45,6.57,Alto
2019,1,2019-01-01,Nordeste,PE,Recife,VLT,1105819,33.1,37.9,51.0,40179.29,7.04,Baixo
2019,1,2019-01-01,Nordeste,PE,Jaboatão dos Guararapes,Ônibus,424157,77.9,21.3,23.8,40767.6,4.57,Médio
2019,1,2019-01-01,Nordeste,CE,Fortaleza,Bicicleta,877246,76.3,94.4,18.2,20972.91,4.76,Alto
2019,1,2019-01-01,Nordeste,CE,Juazeiro do Norte,Trem,1236443,30.1,89.4,53.4,34826.98,6.05,Médio
2019,1,2019-01-01,Nordeste,MA,São Luís,Metrô,128561,27.6,54.3,27.3,19550.22,7.52,Alto
2019,1,2019-01-01,Nordeste,PB,João Pessoa,Trem,1752548,31.4,93.9,21.9,13307.68,6.53,Médio
2019,1,2019-01-01,Centro-Oeste,DF,Brasília,BRT,1028443,19.9,60.0,45.5,25260.52,6.17,Médio
2019,1,2019-01-01,Centro-Oeste,GO,Goiânia,VLT,1534587,66.1,92.8,29.9,40577.87,7.41,Crítico
2019,1,2019-01-01,Centro-Oeste,GO,Aparecida de Goiânia,Metrô,1120738,45.1,94.4,11.8,48452.03,6.12,Crítico
2019,1,2019-01-01,Centro-Oeste,MT,Cuiabá,Ônibus,1873918,67.4,63.0,14.0,16134.23,4.75,Baixo
2019,1,2019-01-01,Centro-Oeste,MS,Campo Grande,Trem,1638203,42.0,115.9,12.3,6576.9,6.42,Baixo
2019,1,2019-01-01,Sudeste,SP,São Paulo,Metrô,1893949,81.8,62.9,48.9,23142.2,7.64,Médio
2019,1,2019-01-01,Sudeste,SP,Campinas,VLT,1119666,84.9,102.6,41.5,17320.33,4.14,Alto
2019,1,2019-01-01,Sudeste,SP,Ribeirão Preto,Ônibus,1149769,24.9,106.6,48.2,30611.73,6.08,Médio
2019,1,2019-01-01,Sudeste,RJ,Rio de Janeiro,Metrô,1135233,37.1,71.6,47.9,35372.72,7.98,Médio
2019,1,2019-01-01,Sudeste,RJ,Niterói,Metrô,463860,48.7,45.3,39.5,9281.77,5.12,Baixo
2019,1,2019-01-01,Sudeste,RJ,Nova Iguaçu,Ônibus,947187,69.5,93.8,52.2,47964.96,5.99,Alto
2019,1,2019-01-01,Sudeste,RJ,Petrópolis,Ônibus,1108257,21.6,110.2,19.6,21022.06,6.44,Médio
2019,1,2019-01-01,Sudeste,MG,Belo Horizonte,Metrô,1226515,91.4,34.5,52.7,15496.73,5.31,Alto
2019,1,2019-01-01,Sudeste,MG,Uberlândia,Ônibus,1583212,33.1,59.2,10.6,28804.61,4.42,Crítico
2019,1,2019-01-01,Sudeste,MG,Juiz de Fora,BRT,235987,67.0,46.6,51.8,5754.91,5.88,Alto
2019,1,2019-01-01,Sudeste,ES,Vitória,VLT,1260334,65.8,75.8,36.7,18754.89,5.96,Alto
2019,1,2019-01-01,Sudeste,ES,Vila Velha,BRT,512087,19.1,23.9,27.3,26428.13,4.25,Médio
2019,1,2019-01-01,Sudeste,ES,Serra,Bicicleta,1591993,43.0,119.5,11.7,22993.35,4.5,Médio
2019,1,2019-01-01,Sul,PR,Curitiba,VLT,286713,33.6,102.8,33.8,39101.07,6.14,Crítico
2019,1,2019-01-01,Sul,PR,Londrina,Metrô,1974099,82.5,103.8,18.3,17396.77,3.99,Médio
2019,1,2019-01-01,Sul,SC,Florianópolis,Trem,732656,20.1,111.9,15.2,30946.26,3.55,Crítico
2019,1,2019-01-01,Sul,SC,Joinville,Metrô,426459,19.2,48.2,10.7,14025.76,6.59,Crítico
2019,1,2019-01-01,Sul,RS,Porto Alegre,Metrô,840948,18.4,106.4,39.7,42622.54,5.47,Crítico
2019,1,2019-01-01,Sul,RS,Caxias do Sul,Ônibus,1459753,74.9,106.2,49.0,40223.82,4.39,Crítico
2019,2,2019-02-01,Norte,AM,Manaus,Bicicleta,352333,68.8,71.4,15.1,45994.58,5.94,Alto
2019,2,2019-02-01,Norte,PA,Belém,Metrô,1986726,85.4,78.8,24.4,26745.38,7.14,Alto
2019,2,2019-02-01,Norte,PA,Santarém,Trem,594049,55.0,100.3,16.5,40384.12,7.56,Médio
2019,2,2019-02-01,Norte,RO,Porto Velho,VLT,1759650,28.3,116.2,31.4,45044.8,4.41,Crítico
2019,2,2019-02-01,Norte,TO,Palmas,Trem,1668986,37.8,39.1,29.2,45827.4,5.61,Baixo
2019,2,2019-02-01,Nordeste,BA,Salvador,Ônibus,1004069,20.7,50.2,28.0,45938.03,6.05,Crítico
2019,2,2019-02-01,Nordeste,BA,Feira de Santana,Ônibus,1126148,63.6,104.2,14.9,16468.54,7.29,Médio
2019,2,2019-02-01,Nordeste,PE,Recife,BRT,1991636,49.9,46.7,41.0,43723.2,6.6,Médio
2019,2,2019-02-01,Nordeste,PE,Jaboatão dos Guararapes,Metrô,1897530,33.0,91.6,10.8,37636.73,7.29,Crítico
2019,2,2019-02-01,Nordeste,CE,Fortaleza,VLT,442118,42.8,47.1,22.2,22982.8,6.76,Médio
2019,2,2019-02-01,Nordeste,CE,Juazeiro do Norte,Ônibus,997127,26.3,104.5,13.9,38297.96,6.1,Baixo
2019,2,2019-02-01,Nordeste,MA,São Luís,Ônibus,1471031,70.9,78.9,11.0,26786.49,7.35,Alto
2019,2,2019-02-01,Nordeste,PB,João Pessoa,Bicicleta,994854,26.2,29.2,32.4,38350.45,7.66,Médio
2019,2,2019-02-01,Centro-Oeste,DF,Brasília,BRT,1227962,38.3,42.9,31.4,11751.64,7.84,Baixo
2019,2,2019-02-01,Centro-Oeste,GO,Goiânia,Metrô,263637,39.0,38.6,15.7,11474.47,7.78,Alto
2019,2,2019-02-01,Centro-Oeste,GO,Aparecida de Goiânia,Bicicleta,1622759,67.0,114.8,19.5,27783.22,3.6,Baixo
2019,2,2019-02-01,Centro-Oeste,MT,Cuiabá,VLT,1888138,51.0,115.9,39.8,38120.86,7.25,Baixo
2019,2,2019-02-01,Centro-Oeste,MS,Campo Grande,Ônibus,1085903,22.6,74.9,12.1,40275.04,4.1,Baixo
2019,2,2019-02-01,Sudeste,SP,São Paulo,BRT,104205,88.5,90.2,26.6,31903.82,5.53,Crítico
2019,2,2019-02-01,Sudeste,SP,Campinas,Trem,634558,25.4,66.3,16.4,7841.22,7.38,Crítico
2019,2,2019-02-01,Sudeste,SP,Ribeirão Preto,BRT,408190,68.0,40.2,43.6,13367.77,4.73,Médio
2019,2,2019-02-01,Sudeste,RJ,Rio de Janeiro,Ônibus,1890404,86.1,36.4,30.7,7944.68,6.8,Crítico
2019,2,2019-02-01,Sudeste,RJ,Niterói,Ônibus,11104,34.1,29.9,22.0,29869.75,7.33,Crítico
2019,2,2019-02-01,Sudeste,RJ,Nova Iguaçu,Ônibus,1516370,87.6,79.5,30.2,6839.76,7.41,Baixo
2019,2,2019-02-01,Sudeste,RJ,Petrópolis,Trem,1481935,60.2,66.7,14.8,11732.51,5.72,Alto
2019,2,2019-02-01,Sudeste,MG,Belo Horizonte,Metrô,1796853,89.5,93.3,53.4,11673.63,4.23,Alto
2019,2,2019-02-01,Sudeste,MG,Uberlândia,Ônibus,936031,65.8,72.7,10.3,33851.11,3.86,Crítico
2019,2,2019-02-01,Sudeste,MG,Juiz de Fora,BRT,1775952,61.8,89.2,10.0,46572.64,6.32,Baixo
2019,2,2019-02-01,Sudeste,ES,Vitória,VLT,1906712,87.7,99.4,49.6,5356.05,7.91,Crítico
2019,2,2019-02-01,Sudeste,ES,Vila Velha,Ônibus,1401079,51.5,106.5,33.6,30965.05,4.89,Crítico
2019,2,2019-02-01,Sudeste,ES,Serra,VLT,54529,92.1,26.6,48.5,14987.05,6.5,Baixo
2019,2,2019-02-01,Sul,PR,Curitiba,Bicicleta,945352,71.8,88.2,28.5,14781.57,4.97,Crítico
2019,2,2019-02-01,Sul,PR,Londrina,Bicicleta,1311590,56.3,52.2,51.7,13258.28,4.6,Alto
2019,2,2019-02-01,Sul,SC,Florianópolis,Metrô,1540676,46.2,87.4,25.5,3504.32,7.87,Crítico
2019,2,2019-02-01,Sul,SC,Joinville,BRT,1994159,22.3,76.1,40.3,3316.26,6.49,Alto
2019,2,2019-02-01,Sul,RS,Porto Alegre,Bicicleta,1091188,15.2,48.7,17.6,44872.59,5.81,Médio
2019,2,2019-02-01,Sul,RS,Caxias do Sul,VLT,1128361,67.3,102.0,37.0,29261.86,7.13,Médio
2019,3,2019-03-01,Norte,AM,Manaus,VLT,265011,78.5,102.2,23.5,357.0,4.71,Médio
2019,3,2019-03-01,Norte,PA,Belém,BRT,1489843,55.1,21.1,39.7,47773.46,4.63,Alto
2019,3,2019-03-01,Norte,PA,Santarém,VLT,804530,25.1,77.0,46.9,49362.11,7.92,Baixo
2019,3,2019-03-01,Norte,RO,Porto Velho,Ônibus,283461,82.2,106.0,14.1,13658.63,5.52,Alto
2019,3,2019-03-01,Norte,TO,Palmas,Bicicleta,481573,34.3,106.6,46.9,45017.34,6.5,Alto
2019,3,2019-03-01,Nordeste,BA,Salvador,Metrô,19988,50.1,45.6,40.9,44563.08,6.69,Alto
2019,3,2019-03-01,Nordeste,BA,Feira de Santana,VLT,362203,38.6,54.5,49.2,49434.5,5.6,Médio
2019,3,2019-03-01,Nordeste,PE,Recife,BRT,1772366,57.0,40.7,45.0,29391.16,4.02,Alto
2019,3,2019-03-01,Nordeste,PE,Jaboatão dos Guararapes,Trem,272150,63.4,44.9,35.7,45742.65,6.49,Alto
2019,3,2019-03-01,Nordeste,CE,Fortaleza,Metrô,1926071,76.3,65.9,53.6,42485.3,7.45,Baixo
2019,3,2019-03-01,Nordeste,CE,Juazeiro do Norte,VLT,350835,20.8,78.4,25.3,35943.67,4.65,Crítico
2019,3,2019-03-01,Nordeste,MA,São Luís,BRT,1391467,40.6,68.8,23.4,29954.18,3.84,Médio
2019,3,2019-03-01,Nordeste,PB,João Pessoa,BRT,1714845,93.6,40.6,31.2,46796.03,5.36,Médio
2019,3,2019-03-01,Centro-Oeste,DF,Brasília,VLT,420190,41.0,102.2,21.0,7826.84,4.58,Médio
2019,3,2019-03-01,Centro-Oeste,GO,Goiânia,BRT,1182851,72.0,74.1,48.5,8107.06,5.69,Médio
2019,3,2019-03-01,Centro-Oeste,GO,Aparecida de Goiânia,Bicicleta,503553,28.6,75.5,37.1,2069.9,7.84,Médio
2019,3,2019-03-01,Centro-Oeste,MT,Cuiabá,Trem,691635,82.8,64.3,55.0,16625.23,7.4,Alto
2019,3,2019-03-01,Centro-Oeste,MS,Campo Grande,Bicicleta,889179,51.2,28.4,32.9,10683.62,6.53,Médio
2019,3,2019-03-01,Sudeste,SP,São Paulo,Ônibus,653806,42.5,50.0,34.6,7869.04,6.27,Crítico
2019,3,2019-03-01,Sudeste,SP,Campinas,Trem,1016772,85.4,104.6,39.6,45141.01,5.2,Alto
2019,3,2019-03-01,Sudeste,SP,Ribeirão Preto,Metrô,1911184,84.8,103.7,44.1,2030.29,7.32,Baixo
2019,3,2019-03-01,Sudeste,RJ,Rio de Janeiro,Bicicleta,1631674,24.0,54.1,39.3,22050.72,6.23,Baixo
2019,3,2019-03-01,Sudeste,RJ,Niterói,VLT,1713803,42.7,32.2,10.3,48967.12,5.17,Crítico
2019,3,2019-03-01,Sudeste,RJ,Nova Iguaçu,Metrô,273407,43.4,98.7,33.6,42020.66,5.85,Baixo
2019,3,2019-03-01,Sudeste,RJ,Petrópolis,Metrô,285685,51.3,111.9,37.7,35548.73,3.89,Alto
2019,3,2019-03-01,Sudeste,MG,Belo Horizonte,Metrô,1302808,29.3,86.5,34.7,34310.2,6.11,Alto
2019,3,2019-03-01,Sudeste,MG,Uberlândia,BRT,1276125,20.0,109.7,18.1,49328.98,5.23,Crítico
2019,3,2019-03-01,Sudeste,MG,Juiz de Fora,Ônibus,836418,86.7,113.2,43.6,30909.22,6.39,Crítico
2019,3,2019-03-01,Sudeste,ES,Vitória,Ônibus,1858646,20.4,91.2,44.2,35845.97,7.84,Baixo
2019,3,2019-03-01,Sudeste,ES,Vila Velha,Trem,72038,39.2,34.3,37.2,22523.16,5.47,Baixo
2019,3,2019-03-01,Sudeste,ES,Serra,Ônibus,1521539,16.5,47.5,34.8,41100.41,6.93,Alto
2019,3,2019-03-01,Sul,PR,Curitiba,Trem,1938543,58.2,34.1,27.6,42791.3,6.12,Crítico
2019,3,2019-03-01,Sul,PR,Londrina,BRT,1609783,65.9,55.2,45.6,9473.99,3.66,Crítico
2019,3,2019-03-01,Sul,SC,Florianópolis,Metrô,1849411,18.9,31.8,29.6,23165.11,7.31,Crítico
2019,3,2019-03-01,Sul,SC,Joinville,Ônibus,732301,40.2,89.7,42.8,48575.18,6.56,Baixo
2019,3,2019-03-01,Sul,RS,Porto Alegre,Bicicleta,1441072,81.2,50.6,28.5,10071.85,6.16,Médio
2019,3,2019-03-01,Sul,RS,Caxias do Sul,BRT,600652,43.5,54.0,16.5,10410.1,6.98,Alto
2019,4,2019-04-01,Norte,AM,Manaus,Bicicleta,1782918,28.9,71.5,15.7,38496.23,6.54,Médio
2019,4,2019-04-01,Norte,PA,Belém,Ônibus,1842609,17.0,28.1,26.6,27739.39,6.39,Alto
2019,4,2019-04-01,Norte,PA,Santarém,VLT,690183,41.7,21.5,47.8,5869.76,7.12,Alto
2019,4,2019-04-01,Norte,RO,Porto Velho,BRT,1819300,42.2,23.0,21.3,34823.41,4.73,Médio
2019,4,2019-04-01,Norte,TO,Palmas,VLT,183537,50.7,78.7,47.5,3058.71,6.45,Alto
2019,4,2019-04-01,Nordeste,BA,Salvador,Ônibus,282866,85.6,60.6,15.2,17068.17,6.35,Crítico
2019,4,2019-04-01,Nordeste,BA,Feira de Santana,Trem,1621422,78.7,60.3,15.4,22253.05,6.73,Baixo
2019,4,2019-04-01,Nordeste,PE,Recife,Metrô,1516012,86.6,62.5,35.0,11053.44,6.47,Crítico
2019,4,2019-04-01,Nordeste,PE,Jaboatão dos Guararapes,Trem,1246045,91.2,29.9,47.0,12060.1,6.87,Médio
2019,4,2019-04-01,Nordeste,CE,Fortaleza,VLT,1630276,16.0,75.3,11.0,22208.37,6.55,Alto
2019,4,2019-04-01,Nordeste,CE,Juazeiro do Norte,VLT,1374988,44.6,97.1,25.1,30658.88,5.04,Crítico
2019,4,2019-04-01,Nordeste,MA,São Luís,Ônibus,1157416,34.2,47.0,50.9,39965.7,5.33,Alto
2019,4,2019-04-01,Nordeste,PB,João Pessoa,Ônibus,1139726,21.8,111.3,40.9,40517.5,7.54,Baixo
2019,4,2019-04-01,Centro-Oeste,DF,Brasília,VLT,1634217,30.6,51.5,8.7,15440.51,4.14,Baixo
2019,4,2019-04-01,Centro-Oeste,GO,Goiânia,Metrô,1429547,15.9,44.8,54.9,680.97,4.95,Crítico
2019,4,2019-04-01,Centro-Oeste,GO,Aparecida de Goiânia,Metrô,226837,48.1,44.3,31.9,18478.92,5.22,Médio
2019,4,2019-04-01,Centro-Oeste,MT,Cuiabá,VLT,904531,30.5,78.7,41.0,14660.68,6.88,Médio
2019,4,2019-04-01,Centro-Oeste,MS,Campo Grande,BRT,1047971,83.5,93.6,23.8,23942.41,3.9,Crítico
2019,4,2019-04-01,Sudeste,SP,São Paulo,Ônibus,1534441,73.6,101.8,52.7,46896.57,4.8,Alto
2019,4,2019-04-01,Sudeste,SP,Campinas,BRT,1167780,56.3,23.0,24.8,15421.7,3.65,Crítico
2019,4,2019-04-01,Sudeste,SP,Ribeirão Preto,Bicicleta,150933,25.3,54.9,15.3,3239.19,7.77,Crítico
2019,4,2019-04-01,Sudeste,RJ,Rio de Janeiro,Bicicleta,93164,20.2,65.9,17.2,29286.99,5.81,Alto
2019,4,2019-04-01,Sudeste,RJ,Niterói,Trem,967308,94.7,64.7,51.8,5921.44,5.71,Alto
2019,4,2019-04-01,Sudeste,RJ,Nova Iguaçu,BRT,221430,61.4,84.2,15.1,34292.92,4.63,Baixo
2019,4,2019-04-01,Sudeste,RJ,Petrópolis,Metrô,1434166,31.7,104.9,29.7,45933.52,5.42,Crítico
2019,4,2019-04-01,Sudeste,MG,Belo Horizonte,Trem,1614145,79.2,49.9,29.1,30464.79,7.45,Crítico
2019,4,2019-04-01,Sudeste,MG,Uberlândia,Bicicleta,523576,88.4,112.4,46.6,5199.62,7.77,Alto
2019,4,2019-04-01,Sudeste,MG,Juiz de Fora,BRT,1081925,69.4,81.5,29.2,11106.04,4.56,Crítico
2019,4,2019-04-01,Sudeste,ES,Vitória,VLT,407675,33.1,79.5,47.8,34014.42,7.32,Crítico
2019,4,2019-04-01,Sudeste,ES,Vila Velha,BRT,1425363,46.6,74.2,16.1,18267.92,6.59,Baixo
2019,4,2019-04-01,Sudeste,ES,Serra,Bicicleta,871489,74.7,81.5,8.3,28677.66,4.72,Baixo
2019,4,2019-04-01,Sul,PR,Curitiba,VLT,1421848,20.0,82.7,24.2,25833.73,3.66,Alto
2019,4,2019-04-01,Sul,PR,Londrina,Ônibus,941628,70.2,43.9,11.4,17811.35,4.43,Baixo
2019,4,2019-04-01,Sul,SC,Florianópolis,Ônibus,1216588,71.2,83.7,43.4,43260.9,4.12,Baixo
2019,4,2019-04-01,Sul,SC,Joinville,Trem,1627894,53.8,20.6,53.4,43833.97,4.23,Baixo
2019,4,2019-04-01,Sul,RS,Porto Alegre,Ônibus,116494,48.8,28.7,35.9,27395.89,4.62,Médio
2019,4,2019-04-01,Sul,RS,Caxias do Sul,Bicicleta,959440,21.3,104.6,15.1,28051.31,4.2,Médio
2019,5,2019-05-01,Norte,AM,Manaus,Ônibus,690442,49.4,61.0,9.5,46558.0,3.55,Crítico
2019,5,2019-05-01,Norte,PA,Belém,Trem,1020466,49.0,34.4,17.2,32344.51,7.55,Baixo
2019,5,2019-05-01,Norte,PA,Santarém,Ônibus,315110,33.0,83.5,16.2,25181.23,7.16,Alto
2019,5,2019-05-01,Norte,RO,Porto Velho,Bicicleta,1465348,20.1,38.8,41.2,24974.65,6.04,Baixo
2019,5,2019-05-01,Norte,TO,Palmas,Metrô,116220,33.7,79.0,18.8,14051.19,4.24,Crítico
2019,5,2019-05-01,Nordeste,BA,Salvador,Ônibus,1110691,49.7,44.6,51.2,25082.65,6.98,Alto
2019,5,2019-05-01,Nordeste,BA,Feira de Santana,Trem,509933,84.6,105.1,21.1,4219.63,6.07,Crítico
2019,5,2019-05-01,Nordeste,PE,Recife,VLT,1487032,21.2,53.3,45.4,37825.96,4.33,Crítico
2019,5,2019-05-01,Nordeste,PE,Jaboatão dos Guararapes,BRT,286727,73.2,21.4,53.8,28579.25,4.92,Alto
2019,5,2019-05-01,Nordeste,CE,Fortaleza,Ônibus,1864814,15.7,28.6,42.2,10870.85,5.82,Crítico
2019,5,2019-05-01,Nordeste,CE,Juazeiro do Norte,Ônibus,1793151,81.8,53.6,32.7,33544.66,7.96,Crítico
2019,5,2019-05-01,Nordeste,MA,São Luís,Bicicleta,1530463,58.0,65.7,26.6,30266.25,5.52,Baixo
2019,5,2019-05-01,Nordeste,PB,João Pessoa,Metrô,1590289,57.1,104.5,44.5,17447.63,7.32,Baixo
2019,5,2019-05-01,Centro-Oeste,DF,Brasília,Ônibus,1010508,31.3,50.9,31.9,20291.26,7.73,Crítico
2019,5,2019-05-01,Centro-Oeste,GO,Goiânia,VLT,210669,63.5,22.2,17.9,8304.49,4.16,Alto
2019,5,2019-05-01,Centro-Oeste,GO,Aparecida de Goiânia,Ônibus,27132,92.3,109.6,46.3,44482.27,7.47,Baixo
2019,5,2019-05-01,Centro-Oeste,MT,Cuiabá,Ônibus,1324647,52.5,64.6,29.5,39166.34,6.3,Baixo
2019,5,2019-05-01,Centro-Oeste,MS,Campo Grande,Ônibus,1191587,45.9,76.9,17.7,44719.99,4.22,Crítico
2019,5,2019-05-01,Sudeste,SP,São Paulo,BRT,1672023,24.6,62.9,10.3,18618.35,4.06,Médio
2019,5,2019-05-01,Sudeste,SP,Campinas,BRT,656448,43.4,86.0,53.8,26234.8,6.5,Crítico
2019,5,2019-05-01,Sudeste,SP,Ribeirão Preto,BRT,1460534,33.0,45.5,24.5,1068.0,5.75,Médio
2019,5,2019-05-01,Sudeste,RJ,Rio de Janeiro,Ônibus,409374,63.7,52.2,42.0,12833.4,7.52,Baixo
2019,5,2019-05-01,Sudeste,RJ,Niterói,Trem,1457578,80.4,31.6,31.6,5130.85,5.64,Baixo
2019,5,2019-05-01,Sudeste,RJ,Nova Iguaçu,Ônibus,1630170,84.4,39.7,28.3,4171.84,6.09,Alto
2019,5,2019-05-01,Sudeste,RJ,Petrópolis,Bicicleta,123676,67.6,77.5,21.8,48850.52,3.92,Baixo
2019,5,2019-05-01,Sudeste,MG,Belo Horizonte,Metrô,1209755,38.7,39.9,48.8,39047.68,4.69,Crítico
2019,5,2019-05-01,Sudeste,MG,Uberlândia,VLT,1752677,73.9,44.7,19.7,22073.26,7.87,Alto
2019,5,2019-05-01,Sudeste,MG,Juiz de Fora,Trem,1593684,66.3,117.9,28.2,6957.06,7.38,Crítico
2019,5,2019-05-01,Sudeste,ES,Vitória,Bicicleta,1373162,44.1,70.5,39.0,46333.99,6.04,Crítico
2019,5,2019-05-01,Sudeste,ES,Vila Velha,VLT,1254056,23.7,116.4,49.7,21455.34,6.42,Alto
2019,5,2019-05-01,Sudeste,ES,Serra,Trem,1754770,89.2,44.5,39.3,48043.93,5.26,Médio
2019,5,2019-05-01,Sul,PR,Curitiba,BRT,81498,72.3,35.5,53.0,23436.96,6.33,Baixo
2019,5,2019-05-01,Sul,PR,Londrina,Ônibus,299496,38.3,116.8,50.6,48508.74,5.35,Médio
2019,5,2019-05-01,Sul,SC,Florianópolis,Trem,1385865,81.0,109.8,29.9,11886.89,7.09,Baixo
2019,5,2019-05-01,Sul,SC,Joinville,Ônibus,643154,63.1,75.1,15.2,5848.83,4.4,Médio
2019,5,2019-05-01,Sul,RS,Porto Alegre,BRT,692625,68.6,48.0,44.2,18281.23,5.71,Médio
2019,5,2019-05-01,Sul,RS,Caxias do Sul,Ônibus,197338,22.6,29.9,46.7,25701.87,6.76,Crítico
2019,6,2019-06-01,Norte,AM,Manaus,Metrô,633820,87.3,106.5,47.9,21328.38,7.23,Crítico
2019,6,2019-06-01,Norte,PA,Belém,Bicicleta,629908,80.8,44.6,16.5,18327.42,6.93,Alto
2019,6,2019-06-01,Norte,PA,Santarém,VLT,790604,86.8,21.1,46.5,32258.76,6.22,Baixo
2019,6,2019-06-01,Norte,RO,Porto Velho,Metrô,1537811,24.5,84.3,26.8,34578.13,6.82,Baixo
2019,6,2019-06-01,Norte,TO,Palmas,Ônibus,179240,69.0,87.0,19.7,3701.52,4.27,Baixo
2019,6,2019-06-01,Nordeste,BA,Salvador,Trem,1864328,93.2,43.6,50.7,18863.67,5.91,Médio
2019,6,2019-06-01,Nordeste,BA,Feira de Santana,VLT,1063354,52.1,37.0,35.0,27731.02,4.64,Crítico
2019,6,2019-06-01,Nordeste,PE,Recife,Trem,1860076,44.0,88.4,31.0,13782.44,5.71,Médio
2019,6,2019-06-01,Nordeste,PE,Jaboatão dos Guararapes,Bicicleta,517784,70.2,78.4,12.7,11440.6,7.87,Crítico
2019,6,2019-06-01,Nordeste,CE,Fortaleza,Metrô,1326752,64.6,95.2,49.0,45722.56,7.59,Médio
2019,6,2019-06-01,Nordeste,CE,Juazeiro do Norte,BRT,473384,52.9,31.2,44.7,19863.26,4.93,Médio
2019,6,2019-06-01,Nordeste,MA,São Luís,Metrô,684783,37.9,84.3,26.2,29333.91,4.74,Alto
2019,6,2019-06-01,Nordeste,PB,João Pessoa,VLT,1933271,77.4,94.8,32.7,32591.72,3.95,Baixo
2019,6,2019-06-01,Centro-Oeste,DF,Brasília,Bicicleta,217660,23.0,20.5,37.6,29350.3,3.89,Baixo
2019,6,2019-06-01,Centro-Oeste,GO,Goiânia,Bicicleta,1628106,22.2,50.0,9.9,42532.46,4.88,Crítico
2019,6,2019-06-01,Centro-Oeste,GO,Aparecida de Goiânia,Bicicleta,909805,53.2,78.3,33.3,39079.01,5.49,Médio
2019,6,2019-06-01,Centro-Oeste,MT,Cuiabá,Ônibus,1700624,18.0,60.6,19.4,40225.41,3.52,Médio
2019,6,2019-06-01,Centro-Oeste,MS,Campo Grande,VLT,946318,56.5,50.7,43.9,15415.34,7.83,Baixo
2019,6,2019-06-01,Sudeste,SP,São Paulo,Ônibus,142556,72.2,59.9,51.7,48942.73,6.45,Alto
2019,6,2019-06-01,Sudeste,SP,Campinas,Ônibus,414535,50.1,45.5,8.8,18541.69,5.76,Crítico
2019,6,2019-06-01,Sudeste,SP,Ribeirão Preto,VLT,655937,39.9,113.2,18.6,47551.24,4.0,Alto
2019,6,2019-06-01,Sudeste,RJ,Rio de Janeiro,BRT,943959,53.1,79.8,19.9,41387.6,4.28,Crítico
2019,6,2019-06-01,Sudeste,RJ,Niterói,Ônibus,1022721,78.0,35.4,21.6,1081.41,7.72,Baixo
2019,6,2019-06-01,Sudeste,RJ,Nova Iguaçu,Metrô,1072829,51.8,62.6,9.8,47375.49,5.43,Baixo
2019,6,2019-06-01,Sudeste,RJ,Petrópolis,Bicicleta,471858,78.4,40.9,18.5,26506.3,6.56,Crítico
2019,6,2019-06-01,Sudeste,MG,Belo Horizonte,Metrô,1611443,35.6,26.3,19.9,21347.25,4.85,Alto
2019,6,2019-06-01,Sudeste,MG,Uberlândia,BRT,139378,73.2,53.2,38.1,5094.48,6.9,Médio
2019,6,2019-06-01,Sudeste,MG,Juiz de Fora,Bicicleta,301227,41.1,99.3,17.0,17120.46,3.6,Baixo
2019,6,2019-06-01,Sudeste,ES,Vitória,Bicicleta,264817,50.2,102.9,10.9,32861.07,3.92,Alto
2019,6,2019-06-01,Sudeste,ES,Vila Velha,BRT,582445,82.8,27.0,21.7,3596.3,6.52,Crítico
2019,6,2019-06-01,Sudeste,ES,Serra,BRT,1717477,23.1,50.2,29.8,23457.51,4.26,Alto
2019,6,2019-06-01,Sul,PR,Curitiba,Ônibus,937451,91.2,80.9,10.5,46251.14,7.81,Baixo
2019,6,2019-06-01,Sul,PR,Londrina,Trem,1681825,65.8,69.0,17.0,11425.0,7.64,Baixo
2019,6,2019-06-01,Sul,SC,Florianópolis,BRT,942018,84.4,22.3,23.1,16420.68,6.19,Médio
2019,6,2019-06-01,Sul,SC,Joinville,Bicicleta,1525228,90.8,83.1,29.6,26479.75,7.66,Crítico
2019,6,2019-06-01,Sul,RS,Porto Alegre,Trem,1349927,28.7,53.2,19.1,9122.57,7.95,Baixo
2019,6,2019-06-01,Sul,RS,Caxias do Sul,VLT,163205,71.0,27.7,37.8,24800.57,3.88,Baixo
2019,7,2019-07-01,Norte,AM,Manaus,BRT,745932,34.1,118.5,28.9,46310.02,6.01,Alto
2019,7,2019-07-01,Norte,PA,Belém,Bicicleta,1349822,80.4,108.4,23.1,39384.26,5.3,Médio
2019,7,2019-07-01,Norte,PA,Santarém,Metrô,327296,47.2,83.0,20.8,192.73,5.42,Baixo
2019,7,2019-07-01,Norte,RO,Porto Velho,Metrô,364847,57.4,43.4,22.8,29766.33,3.88,Baixo
2019,7,2019-07-01,Norte,TO,Palmas,Metrô,645768,37.2,100.6,53.4,34267.76,3.56,Crítico
2019,7,2019-07-01,Nordeste,BA,Salvador,BRT,1162715,66.0,57.4,27.4,35751.74,3.76,Alto
2019,7,2019-07-01,Nordeste,BA,Feira de Santana,BRT,286273,16.1,26.3,48.3,39974.07,7.39,Alto
2019,7,2019-07-01,Nordeste,PE,Recife,Metrô,1730582,73.1,51.1,50.8,8832.96,4.44,Crítico
2019,7,2019-07-01,Nordeste,PE,Jaboatão dos Guararapes,Bicicleta,673363,30.7,55.4,13.1,41642.58,6.63,Médio
2019,7,2019-07-01,Nordeste,CE,Fortaleza,BRT,1369428,73.5,59.6,36.4,20502.74,4.99,Médio
2019,7,2019-07-01,Nordeste,CE,Juazeiro do Norte,Trem,1591797,68.0,83.9,16.5,24226.36,4.09,Alto
2019,7,2019-07-01,Nordeste,MA,São Luís,Bicicleta,1925011,28.5,77.7,23.8,42476.74,4.63,Baixo
2019,7,2019-07-01,Nordeste,PB,João Pessoa,Metrô,956981,68.1,87.3,26.2,26689.2,6.09,Médio
2019,7,2019-07-01,Centro-Oeste,DF,Brasília,Bicicleta,1388739,40.9,69.5,8.7,40202.73,7.9,Alto
2019,7,2019-07-01,Centro-Oeste,GO,Goiânia,Trem,967362,36.9,60.9,27.3,17734.61,6.79,Crítico
2019,7,2019-07-01,Centro-Oeste,GO,Aparecida de Goiânia,Ônibus,484727,44.2,62.9,39.0,30516.09,7.81,Alto
2019,7,2019-07-01,Centro-Oeste,MT,Cuiabá,BRT,768074,23.6,107.2,52.0,4267.06,4.69,Alto
2019,7,2019-07-01,Centro-Oeste,MS,Campo Grande,Trem,1799184,92.6,46.0,13.4,13264.51,5.1,Médio
2019,7,2019-07-01,Sudeste,SP,São Paulo,Trem,1614781,45.7,90.1,25.4,36036.67,6.1,Baixo
2019,7,2019-07-01,Sudeste,SP,Campinas,Bicicleta,1687562,50.7,113.7,53.5,42793.57,7.25,Baixo
2019,7,2019-07-01,Sudeste,SP,Ribeirão Preto,VLT,1346577,35.7,80.6,35.4,35310.94,7.48,Baixo
2019,7,2019-07-01,Sudeste,RJ,Rio de Janeiro,Metrô,849423,45.3,109.3,52.7,37549.04,7.63,Médio
2019,7,2019-07-01,Sudeste,RJ,Niterói,BRT,1028930,27.7,38.5,29.9,8859.27,6.8,Baixo
2019,7,2019-07-01,Sudeste,RJ,Nova Iguaçu,Trem,651905,67.6,96.1,8.8,16616.77,4.96,Médio
2019,7,2019-07-01,Sudeste,RJ,Petrópolis,VLT,1882957,56.0,88.0,12.9,43592.21,7.43,Médio
2019,7,2019-07-01,Sudeste,MG,Belo Horizonte,Trem,694461,64.8,34.5,41.7,33866.83,5.14,Crítico
2019,7,2019-07-01,Sudeste,MG,Uberlândia,Ônibus,94084,77.0,47.4,49.1,16470.39,4.23,Médio
2019,7,2019-07-01,Sudeste,MG,Juiz de Fora,Trem,500861,78.8,37.7,18.5,5415.24,5.48,Médio
2019,7,2019-07-01,Sudeste,ES,Vitória,Metrô,1412907,53.2,86.9,35.8,31746.74,6.1,Baixo
2019,7,2019-07-01,Sudeste,ES,Vila Velha,Metrô,1500675,37.5,108.4,35.0,31880.4,4.01,Crítico
2019,7,2019-07-01,Sudeste,ES,Serra,Trem,110155,21.0,56.2,38.8,24300.8,7.08,Crítico
2019,7,2019-07-01,Sul,PR,Curitiba,Metrô,1727557,87.1,52.5,41.2,22966.93,5.67,Médio
2019,7,2019-07-01,Sul,PR,Londrina,Trem,1346889,68.1,42.4,51.9,14800.85,7.73,Baixo
2019,7,2019-07-01,Sul,SC,Florianópolis,Metrô,225784,32.1,64.1,44.4,4149.96,7.95,Crítico
2019,7,2019-07-01,Sul,SC,Joinville,Trem,1439040,49.7,24.5,15.4,45674.28,5.31,Baixo
2019,7,2019-07-01,Sul,RS,Porto Alegre,Bicicleta,1082564,55.1,86.6,36.8,10267.13,6.08,Alto
2019,7,2019-07-01,Sul,RS,Caxias do Sul,Trem,217874,60.9,43.3,40.1,14407.76,6.91,Médio
2019,8,2019-08-01,Norte,AM,Manaus,VLT,675540,80.0,98.3,9.6,23571.55,6.56,Crítico
2019,8,2019-08-01,Norte,PA,Belém,Metrô,520515,72.7,37.8,38.2,9587.78,4.4,Alto
2019,8,2019-08-01,Norte,PA,Santarém,BRT,1912759,19.2,114.7,21.8,26692.11,7.72,Médio
2019,8,2019-08-01,Norte,RO,Porto Velho,VLT,1971177,27.9,68.8,22.2,15828.34,5.33,Médio
2019,8,2019-08-01,Norte,TO,Palmas,Trem,95307,30.5,58.4,48.6,13515.5,3.67,Crítico
2019,8,2019-08-01,Nordeste,BA,Salvador,Metrô,24272,83.3,100.2,40.8,21584.62,7.13,Médio
2019,8,2019-08-01,Nordeste,BA,Feira de Santana,Trem,1209703,28.9,87.3,29.2,45394.29,5.37,Crítico
2019,8,2019-08-01,Nordeste,PE,Recife,Trem,712167,52.0,99.7,29.4,18673.15,6.77,Médio
2019,8,2019-08-01,Nordeste,PE,Jaboatão dos Guararapes,Bicicleta,1869823,24.6,88.2,19.2,886.97,5.77,Médio
2019,8,2019-08-01,Nordeste,CE,Fortaleza,Metrô,1436904,31.1,77.3,40.0,33033.13,6.92,Alto
2019,8,2019-08-01,Nordeste,CE,Juazeiro do Norte,Bicicleta,1146149,84.2,33.3,19.2,37589.39,6.52,Crítico
2019,8,2019-08-01,Nordeste,MA,São Luís,Trem,979767,51.2,23.1,36.3,14397.98,4.98,Médio
2019,8,2019-08-01,Nordeste,PB,João Pessoa,VLT,137716,25.1,29.4,28.3,21904.7,6.82,Médio
2019,8,2019-08-01,Centro-Oeste,DF,Brasília,BRT,1635815,16.3,27.5,10.9,10690.32,4.21,Baixo
2019,8,2019-08-01,Centro-Oeste,GO,Goiânia,BRT,1058351,94.6,35.1,18.4,40091.09,5.69,Médio
2019,8,2019-08-01,Centro-Oeste,GO,Aparecida de Goiânia,BRT,897068,91.8,112.7,30.1,20121.24,3.97,Crítico
2019,8,2019-08-01,Centro-Oeste,MT,Cuiabá,Bicicleta,585505,27.5,86.7,43.5,32907.86,4.25,Baixo
2019,8,2019-08-01,Centro-Oeste,MS,Campo Grande,BRT,160775,57.8,37.3,26.5,2203.76,4.66,Médio
2019,8,2019-08-01,Sudeste,SP,São Paulo,Bicicleta,605839,39.9,115.0,49.4,42338.49,3.91,Alto
2019,8,2019-08-01,Sudeste,SP,Campinas,Trem,1891004,70.2,67.8,44.5,47312.77,7.62,Crítico
2019,8,2019-08-01,Sudeste,SP,Ribeirão Preto,VLT,1430254,17.8,36.8,43.8,23296.61,7.07,Médio
2019,8,2019-08-01,Sudeste,RJ,Rio de Janeiro,Trem,1438512,29.6,33.3,24.1,48930.16,6.63,Médio
2019,8,2019-08-01,Sudeste,RJ,Niterói,Bicicleta,386485,73.0,66.8,12.6,38696.22,5.03,Médio
2019,8,2019-08-01,Sudeste,RJ,Nova Iguaçu,Metrô,471990,42.4,46.8,16.6,19227.11,7.56,Baixo
2019,8,2019-08-01,Sudeste,RJ,Petrópolis,Ônibus,246971,74.3,38.3,27.9,1402.27,7.84,Alto
2019,8,2019-08-01,Sudeste,MG,Belo Horizonte,Trem,1807787,80.1,37.0,41.2,30468.3,7.05,Médio
2019,8,2019-08-01,Sudeste,MG,Uberlândia,Ônibus,282726,88.7,75.1,27.0,43537.3,7.06,Médio
2019,8,2019-08-01,Sudeste,MG,Juiz de Fora,Metrô,340717,33.3,84.7,18.5,29255.97,4.74,Alto
2019,8,2019-08-01,Sudeste,ES,Vitória,Metrô,1654432,45.7,83.6,12.6,39334.3,5.5,Crítico
2019,8,2019-08-01,Sudeste,ES,Vila Velha,Trem,691397,47.1,59.5,37.5,29905.04,5.86,Alto
2019,8,2019-08-01,Sudeste,ES,Serra,BRT,1179688,33.8,79.6,31.3,14808.69,5.38,Alto
2019,8,2019-08-01,Sul,PR,Curitiba,Bicicleta,1632223,38.6,55.9,11.0,43744.03,5.36,Baixo
2019,8,2019-08-01,Sul,PR,Londrina,VLT,156199,57.5,43.3,30.8,35171.59,6.14,Alto
2019,8,2019-08-01,Sul,SC,Florianópolis,VLT,593079,59.1,56.8,42.7,31750.54,6.07,Alto
2019,8,2019-08-01,Sul,SC,Joinville,BRT,1835896,50.5,39.7,8.1,20340.17,4.94,Alto
2019,8,2019-08-01,Sul,RS,Porto Alegre,VLT,69301,32.4,64.3,30.4,46115.83,5.19,Baixo
2019,8,2019-08-01,Sul,RS,Caxias do Sul,Ônibus,1382891,77.9,30.5,49.0,30929.7,6.65,Baixo
2019,9,2019-09-01,Norte,AM,Manaus,Ônibus,219848,91.7,69.1,52.3,23012.96,7.05,Baixo
2019,9,2019-09-01,Norte,PA,Belém,Ônibus,484027,36.8,85.3,26.1,4588.97,4.16,Médio
2019,9,2019-09-01,Norte,PA,Santarém,Trem,1911359,31.2,40.4,15.0,16567.3,6.1,Baixo
2019,9,2019-09-01,Norte,RO,Porto Velho,BRT,247429,29.0,59.6,54.1,16449.12,4.67,Baixo
2019,9,2019-09-01,Norte,TO,Palmas,Trem,1211662,30.3,81.9,35.2,44281.14,3.98,Crítico
2019,9,2019-09-01,Nordeste,BA,Salvador,VLT,1546868,84.8,61.3,27.3,43088.23,7.51,Crítico
2019,9,2019-09-01,Nordeste,BA,Feira de Santana,BRT,844618,77.0,107.6,37.3,28892.35,4.51,Crítico
2019,9,2019-09-01,Nordeste,PE,Recife,Metrô,982693,34.1,34.3,44.1,34779.72,5.39,Baixo
2019,9,2019-09-01,Nordeste,PE,Jaboatão dos Guararapes,Bicicleta,1877683,15.3,45.8,48.8,48008.23,4.36,Médio
2019,9,2019-09-01,Nordeste,CE,Fortaleza,Trem,1640342,40.1,54.8,20.3,23073.29,6.74,Baixo
2019,9,2019-09-01,Nordeste,CE,Juazeiro do Norte,VLT,1928122,65.4,47.9,39.8,38685.5,5.61,Crítico
2019,9,2019-09-01,Nordeste,MA,São Luís,Ônibus,515543,72.4,90.4,13.0,45142.33,5.23,Baixo
2019,9,2019-09-01,Nordeste,PB,João Pessoa,Bicicleta,1809720,21.9,109.1,19.0,16748.64,4.99,Médio
2019,9,2019-09-01,Centro-Oeste,DF,Brasília,Ônibus,817275,56.8,92.5,8.5,34542.22,5.7,Alto
2019,9,2019-09-01,Centro-Oeste,GO,Goiânia,Bicicleta,487989,79.2,43.5,50.4,14725.11,3.87,Médio
2019,9,2019-09-01,Centro-Oeste,GO,Aparecida de Goiânia,Bicicleta,18169,17.2,60.7,28.6,7286.54,5.54,Alto
2019,9,2019-09-01,Centro-Oeste,MT,Cuiabá,BRT,416447,16.7,115.6,50.2,13405.82,5.96,Crítico
2019,9,2019-09-01,Centro-Oeste,MS,Campo Grande,Ônibus,134684,55.6,84.2,42.3,28162.1,5.91,Baixo
2019,9,2019-09-01,Sudeste,SP,São Paulo,Metrô,280323,33.4,117.2,12.5,27796.25,7.45,Baixo
2019,9,2019-09-01,Sudeste,SP,Campinas,Metrô,274815,82.7,25.2,34.6,38846.88,4.59,Alto
2019,9,2019-09-01,Sudeste,SP,Ribeirão Preto,Metrô,1702747,45.6,56.3,35.0,41343.06,7.3,Médio
2019,9,2019-09-01,Sudeste,RJ,Rio de Janeiro,Metrô,1866766,55.3,115.6,20.6,23522.22,5.39,Crítico
2019,9,2019-09-01,Sudeste,RJ,Niterói,Metrô,833695,70.1,24.4,37.6,46950.3,4.38,Médio
2019,9,2019-09-01,Sudeste,RJ,Nova Iguaçu,Ônibus,151589,28.9,104.2,12.6,20895.98,3.9,Baixo
2019,9,2019-09-01,Sudeste,RJ,Petrópolis,Metrô,1410718,65.1,114.2,19.8,1824.57,7.31,Médio
2019,9,2019-09-01,Sudeste,MG,Belo Horizonte,BRT,1413486,86.9,93.8,52.6,16018.46,7.6,Médio
2019,9,2019-09-01,Sudeste,MG,Uberlândia,Bicicleta,1897168,87.5,96.4,34.8,14410.27,5.61,Baixo
2019,9,2019-09-01,Sudeste,MG,Juiz de Fora,Metrô,1967407,58.2,92.8,26.1,38103.12,6.18,Alto
2019,9,2019-09-01,Sudeste,ES,Vitória,Metrô,532247,58.8,32.6,26.4,15735.55,6.96,Baixo
2019,9,2019-09-01,Sudeste,ES,Vila Velha,VLT,692690,83.6,117.2,42.3,28645.86,7.35,Baixo
2019,9,2019-09-01,Sudeste,ES,Serra,Ônibus,1167265,79.5,115.4,23.8,18241.76,7.37,Alto
2019,9,2019-09-01,Sul,PR,Curitiba,VLT,1947585,74.3,113.0,50.9,40090.43,4.95,Médio
2019,9,2019-09-01,Sul,PR,Londrina,Ônibus,1144234,52.9,32.2,54.8,6024.37,4.58,Crítico
2019,9,2019-09-01,Sul,SC,Florianópolis,Ônibus,1843786,94.2,27.4,45.4,8262.57,7.51,Médio
2019,9,2019-09-01,Sul,SC,Joinville,VLT,1526194,51.8,63.8,53.4,19592.53,5.03,Médio
2019,9,2019-09-01,Sul,RS,Porto Alegre,Bicicleta,117173,64.8,50.6,44.5,19378.93,7.0,Baixo
2019,9,2019-09-01,Sul,RS,Caxias do Sul,Metrô,867758,79.1,40.6,25.4,11827.07,6.18,Crítico
2019,10,2019-10-01,Norte,AM,Manaus,Trem,433879,70.3,51.1,20.9,28390.51,6.41,Baixo
2019,10,2019-10-01,Norte,PA,Belém,BRT,891345,41.0,49.6,38.9,35167.88,4.65,Alto
2019,10,2019-10-01,Norte,PA,Santarém,BRT,107304,58.2,98.1,54.4,33290.97,7.41,Médio
2019,10,2019-10-01,Norte,RO,Porto Velho,Metrô,389193,91.3,101.6,41.1,37391.53,5.42,Baixo
2019,10,2019-10-01,Norte,TO,Palmas,BRT,889110,52.6,75.0,9.9,18627.13,3.65,Alto
2019,10,2019-10-01,Nordeste,BA,Salvador,Metrô,1937677,74.4,103.2,10.3,39949.88,7.37,Médio
2019,10,2019-10-01,Nordeste,BA,Feira de Santana,Trem,1209217,78.3,38.1,24.7,14169.42,5.28,Alto
2019,10,2019-10-01,Nordeste,PE,Recife,BRT,1148009,36.7,80.8,45.6,37414.34,4.33,Alto
2019,10,2019-10-01,Nordeste,PE,Jaboatão dos Guararapes,Bicicleta,1266083,40.7,36.7,34.8,1168.92,7.67,Médio
2019,10,2019-10-01,Nordeste,CE,Fortaleza,Bicicleta,448771,46.7,29.8,43.4,5360.12,3.86,Alto
2019,10,2019-10-01,Nordeste,CE,Juazeiro do Norte,Bicicleta,839637,35.5,99.0,22.9,34391.81,6.52,Crítico
2019,10,2019-10-01,Nordeste,MA,São Luís,Metrô,761042,36.3,117.1,27.4,2484.66,4.29,Crítico
2019,10,2019-10-01,Nordeste,PB,João Pessoa,Ônibus,1522144,42.6,107.4,15.2,48467.81,6.06,Baixo
2019,10,2019-10-01,Centro-Oeste,DF,Brasília,Trem,796580,58.5,44.4,28.4,44307.62,7.15,Alto
2019,10,2019-10-01,Centro-Oeste,GO,Goiânia,Metrô,1614562,38.4,71.7,12.8,31339.45,6.11,Médio
2019,10,2019-10-01,Centro-Oeste,GO,Aparecida de Goiânia,Ônibus,700664,72.6,91.9,16.0,39358.59,5.32,Crítico
2019,10,2019-10-01,Centro-Oeste,MT,Cuiabá,Metrô,1630342,87.5,34.9,13.5,30514.33,6.55,Médio
2019,10,2019-10-01,Centro-Oeste,MS,Campo Grande,VLT,716367,75.1,97.3,34.1,32141.36,5.61,Crítico
2019,10,2019-10-01,Sudeste,SP,São Paulo,VLT,1931303,39.9,45.0,18.5,6023.37,4.59,Crítico
2019,10,2019-10-01,Sudeste,SP,Campinas,Trem,1097393,73.9,21.5,25.5,17311.0,3.85,Médio
2019,10,2019-10-01,Sudeste,SP,Ribeirão Preto,Trem,577010,44.7,34.4,12.6,14029.75,4.56,Médio
2019,10,2019-10-01,Sudeste,RJ,Rio de Janeiro,Trem,903498,68.0,111.2,17.2,2254.67,5.9,Crítico
2019,10,2019-10-01,Sudeste,RJ,Niterói,Ônibus,1355340,74.2,116.8,48.5,6795.52,3.73,Médio
2019,10,2019-10-01,Sudeste,RJ,Nova Iguaçu,Metrô,197736,39.7,83.4,45.7,33198.98,7.78,Médio
2019,10,2019-10-01,Sudeste,RJ,Petrópolis,Ônibus,1936831,63.9,27.3,51.8,28925.06,5.55,Baixo
2019,10,2019-10-01,Sudeste,MG,Belo Horizonte,Ônibus,1101269,88.2,97.9,53.5,30478.17,6.29,Médio
2019,10,2019-10-01,Sudeste,MG,Uberlândia,VLT,129129,39.0,119.9,37.3,17762.4,7.52,Alto
2019,10,2019-10-01,Sudeste,MG,Juiz de Fora,BRT,1354189,57.4,71.9,10.3,20925.57,3.93,Médio
2019,10,2019-10-01,Sudeste,ES,Vitória,Ônibus,1153591,57.6,63.5,35.2,19165.82,6.5,Médio
2019,10,2019-10-01,Sudeste,ES,Vila Velha,Trem,1401218,70.6,92.1,43.1,15938.99,4.59,Médio
2019,10,2019-10-01,Sudeste,ES,Serra,Bicicleta,1269408,16.3,87.0,13.7,30278.49,5.88,Crítico
2019,10,2019-10-01,Sul,PR,Curitiba,BRT,1503982,25.6,94.8,37.6,28885.82,5.54,Médio
2019,10,2019-10-01,Sul,PR,Londrina,Trem,857508,81.9,74.1,38.2,1565.39,5.01,Crítico
2019,10,2019-10-01,Sul,SC,Florianópolis,Ônibus,1385657,77.7,41.7,53.5,7063.07,4.81,Crítico
2019,10,2019-10-01,Sul,SC,Joinville,Metrô,209664,49.9,67.5,39.1,46006.94,7.36,Crítico
2019,10,2019-10-01,Sul,RS,Porto Alegre,BRT,1840825,59.6,111.3,48.3,46974.82,5.98,Baixo
2019,10,2019-10-01,Sul,RS,Caxias do Sul,VLT,1116887,60.1,85.3,37.8,16127.46,6.43,Médio
2019,11,2019-11-01,Norte,AM,Manaus,Metrô,1972629,73.0,33.3,16.0,3641.14,7.13,Baixo
2019,11,2019-11-01,Norte,PA,Belém,Metrô,1934311,54.8,114.3,19.8,24660.76,4.06,Médio
2019,11,2019-11-01,Norte,PA,Santarém,Trem,1273306,42.8,31.9,37.7,35909.74,7.31,Alto
2019,11,2019-11-01,Norte,RO,Porto Velho,Metrô,1593374,57.2,64.8,23.0,29284.66,5.32,Crítico
2019,11,2019-11-01,Norte,TO,Palmas,VLT,366419,93.9,97.8,54.4,18329.52,4.9,Alto
2019,11,2019-11-01,Nordeste,BA,Salvador,Trem,337512,54.5,87.3,15.1,28742.81,4.76,Alto
2019,11,2019-11-01,Nordeste,BA,Feira de Santana,VLT,824481,64.6,67.5,45.1,40747.92,7.29,Crítico
2019,11,2019-11-01,Nordeste,PE,Recife,Metrô,464923,89.9,74.7,53.5,2783.69,7.7,Médio
2019,11,2019-11-01,Nordeste,PE,Jaboatão dos Guararapes,VLT,1347966,19.1,105.4,27.6,23397.22,3.96,Médio
2019,11,2019-11-01,Nordeste,CE,Fortaleza,Ônibus,1713878,36.2,85.9,53.8,19034.89,3.9,Médio
2019,11,2019-11-01,Nordeste,CE,Juazeiro do Norte,Bicicleta,1661091,68.1,112.7,37.2,12190.99,4.54,Baixo
2019,11,2019-11-01,Nordeste,MA,São Luís,Ônibus,1105077,33.9,79.6,37.0,41449.16,6.79,Médio
2019,11,2019-11-01,Nordeste,PB,João Pessoa,Bicicleta,1243438,22.1,101.7,51.0,16134.69,7.94,Alto
2019,11,2019-11-01,Centro-Oeste,DF,Brasília,Trem,1319191,49.0,42.8,8.1,47207.74,4.92,Crítico
2019,11,2019-11-01,Centro-Oeste,GO,Goiânia,BRT,1353604,28.8,79.7,40.3,19451.32,5.75,Médio
2019,11,2019-11-01,Centro-Oeste,GO,Aparecida de Goiânia,BRT,1461193,67.6,79.5,15.2,6330.69,4.71,Crítico
2019,11,2019-11-01,Centro-Oeste,MT,Cuiabá,Metrô,1860180,77.8,82.7,22.5,23071.69,3.95,Baixo
2019,11,2019-11-01,Centro-Oeste,MS,Campo Grande,Bicicleta,770748,31.7,56.6,45.6,12824.2,5.88,Crítico
2019,11,2019-11-01,Sudeste,SP,São Paulo,VLT,1264310,82.9,60.0,51.7,733.4,6.36,Médio
2019,11,2019-11-01,Sudeste,SP,Campinas,BRT,1248092,73.2,34.7,24.9,18937.48,6.27,Crítico
2019,11,2019-11-01,Sudeste,SP,Ribeirão Preto,BRT,268702,30.3,58.4,19.4,30991.72,5.54,Médio
2019,11,2019-11-01,Sudeste,RJ,Rio de Janeiro,Bicicleta,1610113,62.2,105.9,19.6,24608.7,5.75,Baixo
2019,11,2019-11-01,Sudeste,RJ,Niterói,Trem,325428,86.0,34.4,35.6,14359.97,3.91,Médio
2019,11,2019-11-01,Sudeste,RJ,Nova Iguaçu,Ônibus,353376,43.6,20.4,44.7,2134.07,5.71,Baixo
2019,11,2019-11-01,Sudeste,RJ,Petrópolis,BRT,1532779,26.7,110.9,38.7,28822.82,3.56,Alto
2019,11,2019-11-01,Sudeste,MG,Belo Horizonte,VLT,1752101,76.6,83.0,48.9,36352.61,7.55,Alto
2019,11,2019-11-01,Sudeste,MG,Uberlândia,Trem,1062375,64.9,52.7,13.8,3422.93,7.36,Médio
2019,11,2019-11-01,Sudeste,MG,Juiz de Fora,Trem,1297552,49.6,31.7,20.1,25990.45,5.42,Alto
2019,11,2019-11-01,Sudeste,ES,Vitória,Bicicleta,1189368,37.1,26.8,18.6,30403.7,3.92,Crítico
2019,11,2019-11-01,Sudeste,ES,Vila Velha,VLT,1678537,89.2,93.3,45.6,45190.38,6.48,Alto
2019,11,2019-11-01,Sudeste,ES,Serra,VLT,1685314,58.7,114.8,46.1,27851.57,4.43,Baixo
2019,11,2019-11-01,Sul,PR,Curitiba,Trem,1520281,65.1,52.0,46.2,4536.11,6.93,Alto
2019,11,2019-11-01,Sul,PR,Londrina,BRT,1448947,52.6,31.1,36.5,7611.25,6.19,Crítico
2019,11,2019-11-01,Sul,SC,Florianópolis,BRT,22089,70.0,27.1,32.2,48932.34,6.27,Crítico
2019,11,2019-11-01,Sul,SC,Joinville,Ônibus,25542,16.8,112.9,21.1,42690.83,4.2,Médio
2019,11,2019-11-01,Sul,RS,Porto Alegre,VLT,168480,80.8,115.5,15.0,49122.72,7.27,Baixo
2019,11,2019-11-01,Sul,RS,Caxias do Sul,BRT,1891572,26.4,115.4,54.5,7644.25,4.67,Alto
2019,12,2019-12-01,Norte,AM,Manaus,Trem,1785324,77.5,21.7,37.0,35743.62,7.66,Médio
2019,12,2019-12-01,Norte,PA,Belém,Bicicleta,213108,57.5,88.4,32.3,27406.4,7.2,Crítico
2019,12,2019-12-01,Norte,PA,Santarém,VLT,1663992,16.7,57.2,29.4,34772.63,5.26,Alto
2019,12,2019-12-01,Norte,RO,Porto Velho,Bicicleta,375588,51.6,93.3,44.5,12060.46,5.68,Alto
2019,12,2019-12-01,Norte,TO,Palmas,BRT,139445,45.4,86.2,43.9,38437.68,6.1,Alto
2019,12,2019-12-01,Nordeste,BA,Salvador,BRT,770074,75.5,67.6,37.2,24821.86,4.83,Crítico
2019,12,2019-12-01,Nordeste,BA,Feira de Santana,VLT,1472801,61.6,86.3,36.6,44201.79,4.59,Baixo
2019,12,2019-12-01,Nordeste,PE,Recife,Ônibus,1693676,40.2,88.0,42.1,6294.8,4.98,Crítico
2019,12,2019-12-01,Nordeste,PE,Jaboatão dos Guararapes,Metrô,1346436,54.5,44.1,36.6,2197.94,7.88,Crítico
2019,12,2019-12-01,Nordeste,CE,Fortaleza,Metrô,780542,75.0,96.4,46.7,24262.78,5.84,Baixo
2019,12,2019-12-01,Nordeste,CE,Juazeiro do Norte,Metrô,1218952,91.8,30.8,32.9,45668.77,7.1,Crítico
2019,12,2019-12-01,Nordeste,MA,São Luís,Metrô,812850,85.2,113.1,34.0,22399.09,7.28,Alto
2019,12,2019-12-01,Nordeste,PB,João Pessoa,Trem,1006270,64.4,84.0,14.0,15608.82,4.95,Médio
2019,12,2019-12-01,Centro-Oeste,DF,Brasília,BRT,26983,43.6,65.5,25.4,38312.32,4.4,Alto
2019,12,2019-12-01,Centro-Oeste,GO,Goiânia,Trem,318584,47.8,58.7,43.9,14697.83,5.85,Baixo
2019,12,2019-12-01,Centro-Oeste,GO,Aparecida de Goiânia,Metrô,1614228,62.0,47.5,15.3,22052.29,7.04,Médio
2019,12,2019-12-01,Centro-Oeste,MT,Cuiabá,BRT,167120,53.7,69.1,53.4,21003.31,4.06,Médio
2019,12,2019-12-01,Centro-Oeste,MS,Campo Grande,Trem,877249,85.0,119.5,12.3,6450.89,3.88,Crítico
2019,12,2019-12-01,Sudeste,SP,São Paulo,VLT,1741257,86.7,83.5,41.4,25860.31,7.71,Crítico
2019,12,2019-12-01,Sudeste,SP,Campinas,Metrô,729335,32.2,112.8,31.7,20528.65,7.93,Médio
2019,12,2019-12-01,Sudeste,SP,Ribeirão Preto,Bicicleta,1152029,36.5,110.6,16.8,6673.24,6.34,Médio
2019,12,2019-12-01,Sudeste,RJ,Rio de Janeiro,Trem,911117,67.6,24.8,37.9,13617.01,4.85,Baixo
2019,12,2019-12-01,Sudeste,RJ,Niterói,Trem,44017,82.0,58.8,37.5,29036.94,4.45,Baixo
2019,12,2019-12-01,Sudeste,RJ,Nova Iguaçu,BRT,1963497,45.5,51.2,29.1,31787.9,6.84,Baixo
2019,12,2019-12-01,Sudeste,RJ,Petrópolis,Bicicleta,567291,21.0,79.5,41.8,28839.83,7.82,Alto
2019,12,2019-12-01,Sudeste,MG,Belo Horizonte,Metrô,1964565,32.2,97.4,10.9,33769.64,5.59,Crítico
2019,12,2019-12-01,Sudeste,MG,Uberlândia,Ônibus,1559079,78.7,34.8,44.6,41140.85,6.95,Médio
2019,12,2019-12-01,Sudeste,MG,Juiz de Fora,BRT,1485754,15.2,36.5,18.4,21904.74,5.42,Crítico
2019,12,2019-12-01,Sudeste,ES,Vitória,Bicicleta,148501,65.1,46.5,9.7,44552.56,5.17,Médio
2019,12,2019-12-01,Sudeste,ES,Vila Velha,Trem,195253,79.7,71.4,52.2,45657.28,5.6,Alto
2019,12,2019-12-01,Sudeste,ES,Serra,Metrô,1146796,85.4,91.4,15.1,28797.83,6.76,Alto
2019,12,2019-12-01,Sul,PR,Curitiba,VLT,47203,80.1,20.1,52.8,21869.62,8.0,Crítico
2019,12,2019-12-01,Sul,PR,Londrina,Bicicleta,1437582,49.9,47.6,46.2,13550.24,3.88,Crítico
2019,12,2019-12-01,Sul,SC,Florianópolis,Bicicleta,526560,25.1,90.5,17.2,7001.37,7.86,Alto
2019,12,2019-12-01,Sul,SC,Joinville,Metrô,1964752,29.6,119.8,47.9,25732.08,7.65,Crítico
2019,12,2019-12-01,Sul,RS,Porto Alegre,Bicicleta,1260646,50.3,103.3,48.4,48625.97,4.42,Médio
2019,12,2019-12-01,Sul,RS,Caxias do Sul,VLT,1533836,86.6,41.3,15.5,30697.27,4.15,Alto
2020,1,2020-01-01,Norte,AM,Manaus,Trem,1191834,15.8,43.6,42.3,31316.29,5.01,Crítico
2020,1,2020-01-01,Norte,PA,Belém,Ônibus,167109,53.8,91.2,42.8,47359.43,6.45,Alto
2020,1,2020-01-01,Norte,PA,Santarém,Ônibus,1643151,78.2,58.0,15.3,26958.03,3.69,Baixo
2020,1,2020-01-01,Norte,RO,Porto Velho,Bicicleta,1897405,94.4,58.4,26.8,41432.56,7.67,Alto
2020,1,2020-01-01,Norte,TO,Palmas,VLT,139470,57.4,55.8,10.4,45079.48,4.24,Baixo
2020,1,2020-01-01,Nordeste,BA,Salvador,Metrô,1814658,86.2,65.6,44.5,16790.24,4.69,Alto
2020,1,2020-01-01,Nordeste,BA,Feira de Santana,VLT,63805,61.7,50.2,21.5,49024.15,7.93,Médio
2020,1,2020-01-01,Nordeste,PE,Recife,BRT,1496057,22.7,58.8,16.1,9025.92,6.76,Crítico
2020,1,2020-01-01,Nordeste,PE,Jaboatão dos Guararapes,Ônibus,489923,88.8,78.9,29.3,20547.91,5.62,Médio
2020,1,2020-01-01,Nordeste,CE,Fortaleza,BRT,442865,93.9,112.5,53.5,9940.15,5.08,Alto
2020,1,2020-01-01,Nordeste,CE,Juazeiro do Norte,VLT,739269,68.2,101.8,44.1,31956.26,7.43,Alto
2020,1,2020-01-01,Nordeste,MA,São Luís,Ônibus,1750945,59.8,81.8,24.0,40040.11,7.82,Médio
2020,1,2020-01-01,Nordeste,PB,João Pessoa,Trem,1166778,23.0,105.6,41.7,20288.97,6.18,Crítico
2020,1,2020-01-01,Centro-Oeste,DF,Brasília,Bicicleta,117334,93.0,35.0,15.0,33292.86,7.33,Médio
2020,1,2020-01-01,Centro-Oeste,GO,Goiânia,BRT,720882,48.6,59.4,51.2,43530.31,3.87,Crítico
2020,1,2020-01-01,Centro-Oeste,GO,Aparecida de Goiânia,Metrô,1184760,92.9,51.7,48.7,24598.98,5.49,Alto
2020,1,2020-01-01,Centro-Oeste,MT,Cuiabá,Trem,1401512,52.0,95.4,30.6,48885.15,6.01,Médio
2020,1,2020-01-01,Centro-Oeste,MS,Campo Grande,Bicicleta,1503940,48.3,76.5,45.3,49447.56,4.91,Crítico
2020,1,2020-01-01,Sudeste,SP,São Paulo,VLT,71424,44.5,81.4,52.5,19358.78,5.76,Baixo
2020,1,2020-01-01,Sudeste,SP,Campinas,Ônibus,1785440,15.9,115.8,46.1,26387.84,7.87,Crítico
2020,1,2020-01-01,Sudeste,SP,Ribeirão Preto,BRT,244750,77.5,114.1,31.0,7824.81,3.55,Médio
2020,1,2020-01-01,Sudeste,RJ,Rio de Janeiro,BRT,688154,64.2,117.5,44.9,31591.47,7.67,Médio
2020,1,2020-01-01,Sudeste,RJ,Niterói,Bicicleta,1325530,59.2,85.8,36.6,18822.16,4.27,Médio
2020,1,2020-01-01,Sudeste,RJ,Nova Iguaçu,Bicicleta,81427,89.2,44.8,47.5,28044.89,6.23,Baixo
2020,1,2020-01-01,Sudeste,RJ,Petrópolis,Metrô,814873,70.7,86.1,12.0,23855.08,6.43,Baixo
2020,1,2020-01-01,Sudeste,MG,Belo Horizonte,BRT,319314,63.8,83.0,34.5,14514.99,4.98,Baixo
2020,1,2020-01-01,Sudeste,MG,Uberlândia,Bicicleta,1822970,27.4,74.4,54.6,28227.04,7.26,Médio
2020,1,2020-01-01,Sudeste,MG,Juiz de Fora,Trem,1041883,35.8,77.2,9.9,41074.95,4.86,Médio
2020,1,2020-01-01,Sudeste,ES,Vitória,Bicicleta,368528,17.2,91.6,32.5,46874.68,5.89,Crítico
2020,1,2020-01-01,Sudeste,ES,Vila Velha,Bicicleta,439271,27.6,93.1,10.7,4372.45,3.83,Médio
2020,1,2020-01-01,Sudeste,ES,Serra,Ônibus,591312,84.5,104.9,47.1,10566.92,3.6,Alto
2020,1,2020-01-01,Sul,PR,Curitiba,Ônibus,1706000,48.0,92.6,12.1,14333.89,4.51,Baixo
2020,1,2020-01-01,Sul,PR,Londrina,Metrô,76370,22.0,33.5,35.6,27769.17,6.1,Crítico
2020,1,2020-01-01,Sul,SC,Florianópolis,Bicicleta,1260225,48.5,93.4,22.7,12997.14,3.51,Alto
2020,1,2020-01-01,Sul,SC,Joinville,Bicicleta,352915,78.5,91.2,31.0,41913.49,5.41,Médio
2020,1,2020-01-01,Sul,RS,Porto Alegre,VLT,465116,17.3,110.6,12.5,9590.64,5.45,Alto
2020,1,2020-01-01,Sul,RS,Caxias do Sul,BRT,179803,68.7,97.1,39.7,17254.22,5.7,Médio
2020,2,2020-02-01,Norte,AM,Manaus,VLT,1867902,91.2,82.0,26.9,17964.84,3.86,Alto
2020,2,2020-02-01,Norte,PA,Belém,Ônibus,1704088,88.1,60.9,34.3,25105.9,4.53,Médio
2020,2,2020-02-01,Norte,PA,Santarém,Bicicleta,1722385,28.7,37.9,36.2,43979.21,4.12,Crítico
2020,2,2020-02-01,Norte,RO,Porto Velho,Metrô,67436,70.8,31.9,22.0,3636.27,5.8,Baixo
2020,2,2020-02-01,Norte,TO,Palmas,Trem,812441,45.5,50.5,13.1,19284.57,3.93,Médio
2020,2,2020-02-01,Nordeste,BA,Salvador,BRT,602300,70.2,101.8,43.4,49925.9,8.0,Alto
2020,2,2020-02-01,Nordeste,BA,Feira de Santana,Bicicleta,288520,79.1,56.7,12.8,42727.81,3.64,Baixo
2020,2,2020-02-01,Nordeste,PE,Recife,Metrô,1528400,88.6,110.3,27.9,30236.76,6.53,Crítico
2020,2,2020-02-01,Nordeste,PE,Jaboatão dos Guararapes,Ônibus,459094,81.9,58.5,20.2,1600.88,7.47,Baixo
2020,2,2020-02-01,Nordeste,CE,Fortaleza,Trem,854512,18.2,62.6,15.0,27635.04,7.4,Baixo
2020,2,2020-02-01,Nordeste,CE,Juazeiro do Norte,Metrô,1612398,83.6,94.2,48.5,16227.77,6.03,Crítico
2020,2,2020-02-01,Nordeste,MA,São Luís,Trem,1515026,20.8,93.3,40.3,896.56,6.69,Médio
2020,2,2020-02-01,Nordeste,PB,João Pessoa,Metrô,993962,50.6,79.7,17.7,32028.1,5.75,Alto
2020,2,2020-02-01,Centro-Oeste,DF,Brasília,VLT,1372615,41.5,34.5,50.6,9087.81,6.39,Médio
2020,2,2020-02-01,Centro-Oeste,GO,Goiânia,Ônibus,978362,27.9,92.1,50.9,22846.34,4.92,Alto
2020,2,2020-02-01,Centro-Oeste,GO,Aparecida de Goiânia,Trem,1781455,42.6,50.8,18.9,24166.7,4.84,Crítico
2020,2,2020-02-01,Centro-Oeste,MT,Cuiabá,BRT,403818,43.3,91.8,29.5,2617.57,5.23,Baixo
2020,2,2020-02-01,Centro-Oeste,MS,Campo Grande,Trem,911551,42.3,57.0,32.3,17049.97,6.3,Baixo
2020,2,2020-02-01,Sudeste,SP,São Paulo,Ônibus,1073296,87.7,49.8,33.7,34108.49,5.5,Médio
2020,2,2020-02-01,Sudeste,SP,Campinas,VLT,1876362,28.6,78.4,50.2,14881.36,5.46,Médio
2020,2,2020-02-01,Sudeste,SP,Ribeirão Preto,VLT,1247498,21.0,99.9,47.4,20323.85,5.92,Médio
2020,2,2020-02-01,Sudeste,RJ,Rio de Janeiro,Trem,90720,86.2,57.9,22.1,33586.24,4.88,Crítico
2020,2,2020-02-01,Sudeste,RJ,Niterói,BRT,1115549,16.1,116.3,54.1,44297.68,5.8,Baixo
2020,2,2020-02-01,Sudeste,RJ,Nova Iguaçu,Metrô,1825297,60.3,28.0,52.2,9694.12,7.35,Alto
2020,2,2020-02-01,Sudeste,RJ,Petrópolis,Ônibus,939594,36.0,37.5,9.8,20547.37,6.29,Médio
2020,2,2020-02-01,Sudeste,MG,Belo Horizonte,VLT,1973983,31.0,115.3,37.4,33910.04,6.36,Baixo
2020,2,2020-02-01,Sudeste,MG,Uberlândia,Ônibus,352960,57.9,91.3,50.5,39480.81,4.09,Alto
2020,2,2020-02-01,Sudeste,MG,Juiz de Fora,BRT,468770,48.4,92.7,26.3,6540.65,7.89,Médio
2020,2,2020-02-01,Sudeste,ES,Vitória,Bicicleta,685599,82.0,102.1,35.7,44576.9,7.9,Médio
2020,2,2020-02-01,Sudeste,ES,Vila Velha,VLT,1267137,93.3,91.1,16.7,46411.87,5.16,Médio
2020,2,2020-02-01,Sudeste,ES,Serra,Trem,1543687,34.8,97.2,30.8,36949.56,6.46,Médio
2020,2,2020-02-01,Sul,PR,Curitiba,BRT,1389582,86.1,69.8,18.6,32103.96,4.87,Baixo
2020,2,2020-02-01,Sul,PR,Londrina,BRT,326787,54.6,119.2,15.0,23450.42,4.85,Alto
2020,2,2020-02-01,Sul,SC,Florianópolis,BRT,809432,59.2,73.2,50.7,16068.44,4.76,Alto
2020,2,2020-02-01,Sul,SC,Joinville,Trem,1168804,75.4,46.6,50.6,37883.34,4.69,Médio
2020,2,2020-02-01,Sul,RS,Porto Alegre,Trem,811297,45.0,103.1,31.8,14899.27,6.69,Alto
2020,2,2020-02-01,Sul,RS,Caxias do Sul,VLT,1638858,89.0,24.9,51.0,5370.61,3.83,Alto
2020,3,2020-03-01,Norte,AM,Manaus,Trem,75588,90.7,61.2,41.3,31145.39,3.66,Baixo
2020,3,2020-03-01,Norte,PA,Belém,Trem,1817946,44.5,48.4,35.0,36965.11,5.17,Alto
2020,3,2020-03-01,Norte,PA,Santarém,BRT,628578,63.5,106.3,18.4,24967.57,6.28,Alto
2020,3,2020-03-01,Norte,RO,Porto Velho,VLT,1539716,55.0,63.7,36.3,34912.1,3.92,Alto
2020,3,2020-03-01,Norte,TO,Palmas,Bicicleta,728786,71.2,91.5,10.8,26785.59,4.42,Alto
2020,3,2020-03-01,Nordeste,BA,Salvador,Bicicleta,170316,29.5,67.1,35.2,10995.83,6.87,Crítico
2020,3,2020-03-01,Nordeste,BA,Feira de Santana,BRT,211462,62.2,58.1,32.0,18962.17,5.35,Alto
2020,3,2020-03-01,Nordeste,PE,Recife,Bicicleta,370678,94.6,104.2,21.0,44812.33,5.75,Crítico
2020,3,2020-03-01,Nordeste,PE,Jaboatão dos Guararapes,VLT,589945,46.2,72.0,29.1,42894.01,4.89,Crítico
2020,3,2020-03-01,Nordeste,CE,Fortaleza,BRT,1630028,48.0,55.4,53.5,39924.86,6.64,Baixo
2020,3,2020-03-01,Nordeste,CE,Juazeiro do Norte,Bicicleta,1481282,86.0,64.2,21.0,42156.74,5.87,Alto
2020,3,2020-03-01,Nordeste,MA,São Luís,Metrô,73394,41.5,46.2,11.0,1400.58,7.41,Médio
2020,3,2020-03-01,Nordeste,PB,João Pessoa,BRT,1157499,72.4,78.7,40.5,29200.94,5.37,Médio
2020,3,2020-03-01,Centro-Oeste,DF,Brasília,Metrô,1575562,47.3,36.0,31.9,14593.77,3.9,Baixo
2020,3,2020-03-01,Centro-Oeste,GO,Goiânia,Bicicleta,1064668,60.6,82.5,35.8,601.08,7.64,Alto
2020,3,2020-03-01,Centro-Oeste,GO,Aparecida de Goiânia,Bicicleta,1935528,29.0,37.0,32.7,21960.55,6.51,Crítico
2020,3,2020-03-01,Centro-Oeste,MT,Cuiabá,Bicicleta,1941283,41.8,85.9,41.0,44964.21,7.53,Baixo
2020,3,2020-03-01,Centro-Oeste,MS,Campo Grande,VLT,1328440,92.1,30.8,29.4,42850.96,7.11,Alto
2020,3,2020-03-01,Sudeste,SP,São Paulo,Ônibus,307120,28.3,22.0,48.6,8028.45,6.96,Crítico
2020,3,2020-03-01,Sudeste,SP,Campinas,Metrô,60062,80.9,25.3,22.6,34913.86,4.86,Alto
2020,3,2020-03-01,Sudeste,SP,Ribeirão Preto,Bicicleta,534966,50.1,83.6,20.4,18150.94,4.05,Médio
2020,3,2020-03-01,Sudeste,RJ,Rio de Janeiro,Trem,1691937,75.2,118.5,37.5,11713.82,5.68,Crítico
2020,3,2020-03-01,Sudeste,RJ,Niterói,Trem,320289,49.8,36.9,14.0,40556.4,6.62,Crítico
2020,3,2020-03-01,Sudeste,RJ,Nova Iguaçu,BRT,981805,18.5,27.3,16.7,23181.13,4.19,Crítico
2020,3,2020-03-01,Sudeste,RJ,Petrópolis,BRT,239268,63.6,102.8,19.4,19593.18,5.9,Crítico
2020,3,2020-03-01,Sudeste,MG,Belo Horizonte,Bicicleta,332050,83.6,20.2,44.7,21092.35,5.65,Baixo
2020,3,2020-03-01,Sudeste,MG,Uberlândia,VLT,1357138,78.6,24.9,44.5,14647.95,4.92,Baixo
2020,3,2020-03-01,Sudeste,MG,Juiz de Fora,Ônibus,1232509,78.8,33.0,49.7,45443.18,6.31,Crítico
2020,3,2020-03-01,Sudeste,ES,Vitória,VLT,751177,56.6,69.2,23.4,29140.11,7.28,Crítico
2020,3,2020-03-01,Sudeste,ES,Vila Velha,Bicicleta,1728526,36.9,115.2,33.5,14973.57,7.28,Crítico
2020,3,2020-03-01,Sudeste,ES,Serra,Bicicleta,391723,55.4,34.4,9.1,41.9,4.6,Baixo
2020,3,2020-03-01,Sul,PR,Curitiba,BRT,767435,74.1,68.8,24.2,28490.77,5.7,Crítico
2020,3,2020-03-01,Sul,PR,Londrina,VLT,1876518,37.4,62.3,28.9,38841.25,5.19,Baixo
2020,3,2020-03-01,Sul,SC,Florianópolis,Bicicleta,682976,87.5,69.2,48.9,32393.66,7.94,Baixo
2020,3,2020-03-01,Sul,SC,Joinville,BRT,195189,23.6,110.3,12.6,47271.51,7.7,Alto
2020,3,2020-03-01,Sul,RS,Porto Alegre,Ônibus,1491279,62.6,78.3,21.5,45637.88,5.19,Alto
2020,3,2020-03-01,Sul,RS,Caxias do Sul,Bicicleta,1052600,73.1,63.8,37.4,6389.96,6.99,Médio
2020,4,2020-04-01,Norte,AM,Manaus,Trem,333268,31.6,91.6,50.3,28235.47,6.46,Médio
2020,4,2020-04-01,Norte,PA,Belém,VLT,988069,47.5,118.0,53.4,2014.86,6.54,Baixo
2020,4,2020-04-01,Norte,PA,Santarém,Bicicleta,129343,36.9,66.1,26.2,7039.02,3.83,Médio
2020,4,2020-04-01,Norte,RO,Porto Velho,VLT,764650,81.9,53.3,8.1,8433.53,4.63,Crítico
2020,4,2020-04-01,Norte,TO,Palmas,Trem,893013,20.0,96.5,41.3,42044.82,4.35,Alto
2020,4,2020-04-01,Nordeste,BA,Salvador,BRT,1063866,90.6,59.6,12.1,41642.74,4.06,Crítico
2020,4,2020-04-01,Nordeste,BA,Feira de Santana,Ônibus,526061,25.1,80.0,18.5,41207.29,5.18,Alto
2020,4,2020-04-01,Nordeste,PE,Recife,Trem,181741,75.1,38.6,40.7,3275.38,7.71,Alto
2020,4,2020-04-01,Nordeste,PE,Jaboatão dos Guararapes,Metrô,1256476,55.2,61.0,37.5,13021.21,7.65,Crítico
2020,4,2020-04-01,Nordeste,CE,Fortaleza,Bicicleta,1761258,17.5,114.1,33.1,37538.63,3.76,Médio
2020,4,2020-04-01,Nordeste,CE,Juazeiro do Norte,Ônibus,1323952,68.9,117.0,47.1,18507.42,4.94,Baixo
2020,4,2020-04-01,Nordeste,MA,São Luís,Trem,779103,44.3,46.8,21.7,12341.23,6.37,Baixo
2020,4,2020-04-01,Nordeste,PB,João Pessoa,BRT,1638755,71.7,50.2,29.7,43066.19,4.4,Médio
2020,4,2020-04-01,Centro-Oeste,DF,Brasília,Trem,477536,66.9,74.1,13.7,25736.08,4.92,Médio
2020,4,2020-04-01,Centro-Oeste,GO,Goiânia,Bicicleta,1466065,76.9,37.6,14.8,33596.49,3.6,Baixo
2020,4,2020-04-01,Centro-Oeste,GO,Aparecida de Goiânia,VLT,197537,31.4,80.4,38.5,30955.89,4.75,Alto
2020,4,2020-04-01,Centro-Oeste,MT,Cuiabá,BRT,341816,50.3,119.9,8.5,46608.27,7.24,Crítico
2020,4,2020-04-01,Centro-Oeste,MS,Campo Grande,BRT,1384197,48.7,62.6,22.8,43790.89,6.62,Crítico
2020,4,2020-04-01,Sudeste,SP,São Paulo,Metrô,1938395,44.3,44.3,35.8,16076.35,7.97,Crítico
2020,4,2020-04-01,Sudeste,SP,Campinas,VLT,1130230,47.7,115.6,53.0,16813.51,7.46,Alto
2020,4,2020-04-01,Sudeste,SP,Ribeirão Preto,Metrô,1688590,62.9,102.1,37.5,49482.5,4.56,Alto
2020,4,2020-04-01,Sudeste,RJ,Rio de Janeiro,VLT,238140,19.4,80.3,51.6,45976.9,4.54,Médio
2020,4,2020-04-01,Sudeste,RJ,Niterói,Metrô,763198,85.7,102.1,9.0,41714.72,5.68,Crítico
2020,4,2020-04-01,Sudeste,RJ,Nova Iguaçu,Trem,1306297,87.3,59.3,39.6,30026.58,7.49,Baixo
2020,4,2020-04-01,Sudeste,RJ,Petrópolis,Bicicleta,598453,59.6,71.3,41.8,2384.29,6.02,Baixo
2020,4,2020-04-01,Sudeste,MG,Belo Horizonte,BRT,420681,38.6,72.4,50.7,43014.56,6.35,Alto
2020,4,2020-04-01,Sudeste,MG,Uberlândia,Trem,40608,64.5,32.3,20.2,49050.07,5.69,Médio
2020,4,2020-04-01,Sudeste,MG,Juiz de Fora,Bicicleta,1388874,85.8,111.3,35.7,24839.63,6.52,Baixo
2020,4,2020-04-01,Sudeste,ES,Vitória,Trem,1597683,88.2,116.8,35.5,2519.35,5.81,Baixo
2020,4,2020-04-01,Sudeste,ES,Vila Velha,Metrô,736904,19.5,25.1,43.5,19720.43,7.52,Baixo
2020,4,2020-04-01,Sudeste,ES,Serra,Trem,887455,88.0,65.1,41.9,14318.59,7.19,Alto
2020,4,2020-04-01,Sul,PR,Curitiba,Bicicleta,1480121,77.4,30.7,31.2,14963.73,6.34,Crítico
2020,4,2020-04-01,Sul,PR,Londrina,BRT,1090891,72.9,96.9,29.8,43825.71,4.7,Médio
2020,4,2020-04-01,Sul,SC,Florianópolis,VLT,408499,24.7,115.5,20.1,41506.87,5.92,Crítico
2020,4,2020-04-01,Sul,SC,Joinville,BRT,1917956,74.3,94.2,25.6,43686.4,3.59,Alto
2020,4,2020-04-01,Sul,RS,Porto Alegre,Ônibus,156533,24.1,37.9,19.3,4280.83,5.09,Crítico
2020,4,2020-04-01,Sul,RS,Caxias do Sul,Ônibus,610144,17.6,118.3,46.1,35028.49,6.41,Crítico
2020,5,2020-05-01,Norte,AM,Manaus,VLT,696620,77.2,114.0,50.8,20601.12,4.46,Baixo
2020,5,2020-05-01,Norte,PA,Belém,BRT,962708,66.4,79.1,29.7,3470.06,5.21,Médio
2020,5,2020-05-01,Norte,PA,Santarém,Trem,530727,85.1,111.5,17.9,7820.44,7.07,Crítico
2020,5,2020-05-01,Norte,RO,Porto Velho,Trem,1506913,26.0,55.0,54.9,44358.91,4.71,Médio
2020,5,2020-05-01,Norte,TO,Palmas,Ônibus,1201790,74.6,73.2,44.3,7211.99,5.19,Médio
2020,5,2020-05-01,Nordeste,BA,Salvador,VLT,397550,53.8,95.5,46.5,9150.24,3.66,Crítico
2020,5,2020-05-01,Nordeste,BA,Feira de Santana,Ônibus,1257996,50.0,68.4,49.3,29087.69,6.2,Crítico
2020,5,2020-05-01,Nordeste,PE,Recife,Trem,605309,15.8,29.2,23.7,28101.87,3.72,Alto
2020,5,2020-05-01,Nordeste,PE,Jaboatão dos Guararapes,Ônibus,708940,52.5,79.7,21.3,4578.84,6.02,Baixo
2020,5,2020-05-01,Nordeste,CE,Fortaleza,BRT,1062131,79.1,65.6,44.7,8188.21,4.75,Crítico
2020,5,2020-05-01,Nordeste,CE,Juazeiro do Norte,Bicicleta,1309529,34.6,29.9,26.4,46638.96,5.08,Médio
2020,5,2020-05-01,Nordeste,MA,São Luís,VLT,287206,73.1,110.6,10.5,27527.9,7.3,Alto
2020,5,2020-05-01,Nordeste,PB,João Pessoa,Metrô,684696,30.7,46.7,54.7,13835.35,5.34,Crítico
2020,5,2020-05-01,Centro-Oeste,DF,Brasília,Ônibus,1198947,59.7,100.2,38.8,32343.91,7.77,Médio
2020,5,2020-05-01,Centro-Oeste,GO,Goiânia,Bicicleta,639560,55.6,74.8,37.5,7023.77,5.26,Alto
2020,5,2020-05-01,Centro-Oeste,GO,Aparecida de Goiânia,Metrô,1717753,33.8,108.4,28.9,18869.06,3.87,Baixo
2020,5,2020-05-01,Centro-Oeste,MT,Cuiabá,Bicicleta,123828,39.5,57.0,24.9,41566.6,4.84,Crítico
2020,5,2020-05-01,Centro-Oeste,MS,Campo Grande,Bicicleta,1581896,64.3,102.8,45.8,13450.36,5.25,Baixo
2020,5,2020-05-01,Sudeste,SP,São Paulo,Metrô,678742,18.3,35.5,28.4,23569.85,7.84,Alto
2020,5,2020-05-01,Sudeste,SP,Campinas,Ônibus,594526,46.4,101.8,45.0,27760.86,4.89,Alto
2020,5,2020-05-01,Sudeste,SP,Ribeirão Preto,Metrô,1212843,71.4,55.8,27.2,27280.91,6.92,Médio
2020,5,2020-05-01,Sudeste,RJ,Rio de Janeiro,BRT,1727422,47.8,78.1,8.4,31957.76,3.53,Médio
2020,5,2020-05-01,Sudeste,RJ,Niterói,Trem,1380871,81.2,47.0,39.7,41989.47,4.62,Alto
2020,5,2020-05-01,Sudeste,RJ,Nova Iguaçu,Metrô,373052,42.8,39.2,27.3,17619.15,5.33,Baixo
2020,5,2020-05-01,Sudeste,RJ,Petrópolis,Bicicleta,1555648,26.7,90.5,20.9,39768.6,6.49,Alto
2020,5,2020-05-01,Sudeste,MG,Belo Horizonte,BRT,1049919,43.8,33.5,38.1,34623.07,6.81,Crítico
2020,5,2020-05-01,Sudeste,MG,Uberlândia,Ônibus,794631,27.7,98.3,14.4,9769.52,4.05,Baixo
2020,5,2020-05-01,Sudeste,MG,Juiz de Fora,Ônibus,1864448,69.5,117.2,30.2,30474.13,7.98,Alto
2020,5,2020-05-01,Sudeste,ES,Vitória,Trem,1404692,55.4,88.6,9.1,29445.32,7.77,Crítico
2020,5,2020-05-01,Sudeste,ES,Vila Velha,Metrô,1271893,71.2,100.7,10.3,24848.63,4.04,Médio
2020,5,2020-05-01,Sudeste,ES,Serra,Bicicleta,47102,83.8,83.2,53.5,21991.14,4.4,Médio
2020,5,2020-05-01,Sul,PR,Curitiba,Metrô,174526,19.2,100.3,13.4,3947.74,4.96,Baixo
2020,5,2020-05-01,Sul,PR,Londrina,Ônibus,1330250,86.4,62.3,30.3,16488.6,4.38,Alto
2020,5,2020-05-01,Sul,SC,Florianópolis,Metrô,464059,19.5,45.1,46.7,16361.13,4.21,Baixo
2020,5,2020-05-01,Sul,SC,Joinville,Metrô,402309,54.1,110.5,39.4,8168.87,4.01,Crítico
2020,5,2020-05-01,Sul,RS,Porto Alegre,Trem,1147593,56.3,84.9,19.4,49593.18,5.33,Baixo
2020,5,2020-05-01,Sul,RS,Caxias do Sul,Metrô,454286,52.5,104.1,38.0,30042.05,5.83,Alto
2020,6,2020-06-01,Norte,AM,Manaus,VLT,572082,55.9,61.5,11.0,8603.35,6.17,Alto
2020,6,2020-06-01,Norte,PA,Belém,Ônibus,1938715,52.4,101.9,49.6,29578.27,5.31,Alto
2020,6,2020-06-01,Norte,PA,Santarém,Ônibus,88661,85.1,118.6,12.6,33828.24,5.48,Baixo
2020,6,2020-06-01,Norte,RO,Porto Velho,Ônibus,590201,15.1,80.5,29.8,27310.41,7.54,Baixo
2020,6,2020-06-01,Norte,TO,Palmas,Bicicleta,18044,72.2,112.6,52.9,37679.73,7.74,Crítico
2020,6,2020-06-01,Nordeste,BA,Salvador,Bicicleta,1398507,49.3,49.6,46.6,32349.04,6.3,Baixo
2020,6,2020-06-01,Nordeste,BA,Feira de Santana,Trem,880294,44.9,69.4,17.8,23649.34,7.26,Médio
2020,6,2020-06-01,Nordeste,PE,Recife,Trem,200504,80.9,58.5,14.4,40867.16,4.81,Baixo
2020,6,2020-06-01,Nordeste,PE,Jaboatão dos Guararapes,Ônibus,1106365,60.6,43.9,25.2,35885.73,4.19,Crítico
2020,6,2020-06-01,Nordeste,CE,Fortaleza,Ônibus,1662991,47.9,66.4,9.7,32785.2,3.73,Baixo
2020,6,2020-06-01,Nordeste,CE,Juazeiro do Norte,BRT,1683019,94.2,106.9,39.5,8297.06,5.15,Alto
2020,6,2020-06-01,Nordeste,MA,São Luís,Metrô,1369853,63.7,118.5,30.0,20231.91,4.68,Médio
2020,6,2020-06-01,Nordeste,PB,João Pessoa,Bicicleta,368425,30.9,42.1,49.3,28433.72,7.66,Alto
2020,6,2020-06-01,Centro-Oeste,DF,Brasília,BRT,1420740,94.8,93.3,38.1,31814.75,4.1,Alto
2020,6,2020-06-01,Centro-Oeste,GO,Goiânia,Bicicleta,1661172,61.9,49.6,27.1,10618.22,5.9,Alto
2020,6,2020-06-01,Centro-Oeste,GO,Aparecida de Goiânia,Ônibus,636971,23.8,22.1,12.7,16911.39,7.94,Crítico
2020,6,2020-06-01,Centro-Oeste,MT,Cuiabá,Metrô,1083021,79.8,102.1,21.2,681.56,6.11,Alto
2020,6,2020-06-01,Centro-Oeste,MS,Campo Grande,Trem,661126,42.8,115.6,29.5,27312.23,4.59,Médio
2020,6,2020-06-01,Sudeste,SP,São Paulo,Metrô,1783784,32.0,105.7,30.1,4118.48,5.52,Baixo
2020,6,2020-06-01,Sudeste,SP,Campinas,BRT,1343073,21.3,25.9,52.9,28382.02,5.36,Alto
2020,6,2020-06-01,Sudeste,SP,Ribeirão Preto,BRT,1294290,89.2,109.9,21.6,42829.34,4.42,Médio
2020,6,2020-06-01,Sudeste,RJ,Rio de Janeiro,Ônibus,1395008,69.4,81.1,35.4,12998.49,5.97,Alto
2020,6,2020-06-01,Sudeste,RJ,Niterói,VLT,1408028,76.4,55.3,52.0,16678.64,6.8,Médio
2020,6,2020-06-01,Sudeste,RJ,Nova Iguaçu,Ônibus,673574,33.1,119.7,39.5,49144.76,5.47,Crítico
2020,6,2020-06-01,Sudeste,RJ,Petrópolis,BRT,93258,25.0,103.3,9.2,18515.03,4.21,Baixo
2020,6,2020-06-01,Sudeste,MG,Belo Horizonte,BRT,1536722,79.8,104.3,21.8,43536.75,3.56,Alto
2020,6,2020-06-01,Sudeste,MG,Uberlândia,Ônibus,687655,94.4,97.5,18.5,16384.81,7.31,Baixo
2020,6,2020-06-01,Sudeste,MG,Juiz de Fora,Trem,1096221,82.4,50.3,16.1,28694.32,4.02,Crítico
2020,6,2020-06-01,Sudeste,ES,Vitória,BRT,370384,63.8,49.8,48.3,18116.69,6.7,Baixo
2020,6,2020-06-01,Sudeste,ES,Vila Velha,Ônibus,1802343,76.6,75.8,26.2,22154.82,3.91,Crítico
2020,6,2020-06-01,Sudeste,ES,Serra,BRT,547610,15.7,70.8,44.4,6110.3,7.43,Baixo
2020,6,2020-06-01,Sul,PR,Curitiba,VLT,196726,35.2,115.8,22.3,27538.06,6.77,Médio
2020,6,2020-06-01,Sul,PR,Londrina,VLT,1786819,37.1,22.7,37.3,3900.95,7.77,Médio
2020,6,2020-06-01,Sul,SC,Florianópolis,Metrô,1660769,32.2,103.6,36.6,637.26,7.7,Baixo
2020,6,2020-06-01,Sul,SC,Joinville,BRT,1172237,88.7,80.1,24.9,33377.48,7.73,Baixo
2020,6,2020-06-01,Sul,RS,Porto Alegre,Ônibus,190691,44.3,47.3,28.7,8815.8,7.02,Médio
2020,6,2020-06-01,Sul,RS,Caxias do Sul,Trem,871487,36.7,106.3,35.4,39766.41,7.69,Médio
2020,7,2020-07-01,Norte,AM,Manaus,Bicicleta,1912005,66.9,44.4,25.1,35371.71,7.96,Baixo
2020,7,2020-07-01,Norte,PA,Belém,BRT,985429,78.0,31.2,27.3,47705.4,6.07,Médio
2020,7,2020-07-01,Norte,PA,Santarém,Trem,219223,15.4,82.9,52.5,13700.64,5.28,Crítico
2020,7,2020-07-01,Norte,RO,Porto Velho,Metrô,1364979,82.2,44.7,48.8,37810.19,6.83,Baixo
2020,7,2020-07-01,Norte,TO,Palmas,Metrô,1563300,67.3,79.2,42.6,44106.22,6.17,Médio
2020,7,2020-07-01,Nordeste,BA,Salvador,Ônibus,125044,78.1,92.4,53.6,14765.06,4.28,Baixo
2020,7,2020-07-01,Nordeste,BA,Feira de Santana,Bicicleta,1095740,34.7,74.5,54.2,31766.58,4.18,Médio
2020,7,2020-07-01,Nordeste,PE,Recife,Bicicleta,808746,85.4,104.0,20.0,23758.04,6.35,Crítico
2020,7,2020-07-01,Nordeste,PE,Jaboatão dos Guararapes,Ônibus,1755912,42.1,109.1,17.8,32314.68,3.79,Médio
2020,7,2020-07-01,Nordeste,CE,Fortaleza,Bicicleta,1278778,50.5,76.3,40.8,45480.92,6.82,Alto
2020,7,2020-07-01,Nordeste,CE,Juazeiro do Norte,Bicicleta,1946691,93.9,55.7,9.9,20737.81,5.41,Alto
2020,7,2020-07-01,Nordeste,MA,São Luís,Ônibus,915888,29.1,106.2,33.3,3214.29,7.79,Crítico
2020,7,2020-07-01,Nordeste,PB,João Pessoa,Ônibus,1787796,38.0,34.7,9.8,19372.94,4.78,Crítico
2020,7,2020-07-01,Centro-Oeste,DF,Brasília,Bicicleta,950776,67.9,40.6,32.8,32203.51,6.26,Crítico
2020,7,2020-07-01,Centro-Oeste,GO,Goiânia,Metrô,1031621,47.2,71.1,19.5,6435.21,5.06,Médio
2020,7,2020-07-01,Centro-Oeste,GO,Aparecida de Goiânia,Ônibus,685131,25.5,95.6,14.2,37213.8,7.71,Baixo
2020,7,2020-07-01,Centro-Oeste,MT,Cuiabá,Bicicleta,1222948,24.0,84.4,17.1,5465.26,5.8,Médio
2020,7,2020-07-01,Centro-Oeste,MS,Campo Grande,VLT,1751534,23.9,74.2,18.9,26673.55,6.61,Alto
2020,7,2020-07-01,Sudeste,SP,São Paulo,Trem,54328,57.1,77.8,25.2,35562.39,7.98,Baixo
2020,7,2020-07-01,Sudeste,SP,Campinas,BRT,528842,81.7,89.6,44.3,40605.63,4.01,Baixo
2020,7,2020-07-01,Sudeste,SP,Ribeirão Preto,Ônibus,1326842,47.3,74.9,49.1,5879.68,5.77,Crítico
2020,7,2020-07-01,Sudeste,RJ,Rio de Janeiro,Trem,1933733,28.2,71.7,23.7,32859.05,4.73,Baixo
2020,7,2020-07-01,Sudeste,RJ,Niterói,BRT,333971,87.3,79.9,13.3,15375.94,6.45,Médio
2020,7,2020-07-01,Sudeste,RJ,Nova Iguaçu,BRT,1485655,74.2,107.9,47.5,19033.01,4.7,Baixo
2020,7,2020-07-01,Sudeste,RJ,Petrópolis,BRT,115607,71.4,89.8,20.9,41543.58,7.44,Crítico
2020,7,2020-07-01,Sudeste,MG,Belo Horizonte,BRT,1467566,33.9,45.0,38.9,14693.66,4.91,Alto
2020,7,2020-07-01,Sudeste,MG,Uberlândia,Metrô,688992,62.3,89.7,20.5,37123.3,7.81,Alto
2020,7,2020-07-01,Sudeste,MG,Juiz de Fora,Bicicleta,1288468,62.4,47.0,33.0,33945.43,5.69,Crítico
2020,7,2020-07-01,Sudeste,ES,Vitória,Ônibus,1534740,93.9,32.8,27.8,37859.78,7.18,Crítico
2020,7,2020-07-01,Sudeste,ES,Vila Velha,Bicicleta,1594422,23.3,76.4,18.2,6281.02,4.85,Baixo
2020,7,2020-07-01,Sudeste,ES,Serra,Bicicleta,1306313,86.4,20.9,38.9,12540.6,5.02,Alto
2020,7,2020-07-01,Sul,PR,Curitiba,VLT,1487902,33.2,73.2,28.7,36810.92,4.83,Médio
2020,7,2020-07-01,Sul,PR,Londrina,Ônibus,1121342,89.1,101.9,31.4,24541.17,6.82,Médio
2020,7,2020-07-01,Sul,SC,Florianópolis,VLT,1719197,54.1,112.6,34.3,33383.96,7.38,Crítico
2020,7,2020-07-01,Sul,SC,Joinville,Ônibus,852750,51.6,52.2,25.2,2563.57,7.25,Baixo
2020,7,2020-07-01,Sul,RS,Porto Alegre,VLT,280827,75.2,20.3,9.8,46233.6,3.85,Crítico
2020,7,2020-07-01,Sul,RS,Caxias do Sul,VLT,1768405,70.5,23.7,24.8,1102.5,7.51,Médio
2020,8,2020-08-01,Norte,AM,Manaus,BRT,730841,90.7,52.3,47.5,38325.34,3.87,Baixo
2020,8,2020-08-01,Norte,PA,Belém,Trem,621072,87.6,48.1,17.8,23269.59,6.21,Alto
2020,8,2020-08-01,Norte,PA,Santarém,Metrô,1480360,34.6,115.4,44.2,5353.93,7.42,Médio
2020,8,2020-08-01,Norte,RO,Porto Velho,VLT,70483,49.8,108.8,23.2,41591.99,7.21,Alto
2020,8,2020-08-01,Norte,TO,Palmas,Ônibus,919044,34.7,31.2,10.3,45842.28,7.49,Médio
2020,8,2020-08-01,Nordeste,BA,Salvador,Trem,1952122,81.7,98.8,8.1,33019.55,6.58,Baixo
2020,8,2020-08-01,Nordeste,BA,Feira de Santana,Trem,936651,37.1,52.3,15.1,25650.69,5.61,Alto
2020,8,2020-08-01,Nordeste,PE,Recife,Ônibus,1299808,27.2,73.9,38.7,31526.46,7.6,Médio
2020,8,2020-08-01,Nordeste,PE,Jaboatão dos Guararapes,BRT,1445151,34.2,105.2,26.8,13670.51,5.79,Alto
2020,8,2020-08-01,Nordeste,CE,Fortaleza,Trem,435497,94.8,32.5,42.4,4883.42,5.34,Alto
2020,8,2020-08-01,Nordeste,CE,Juazeiro do Norte,Bicicleta,1014942,36.2,36.7,46.7,2359.39,4.89,Crítico
2020,8,2020-08-01,Nordeste,MA,São Luís,Ônibus,263627,59.6,71.6,25.6,7414.07,5.77,Médio
2020,8,2020-08-01,Nordeste,PB,João Pessoa,Ônibus,1338191,70.2,72.4,24.2,1154.0,5.63,Baixo
2020,8,2020-08-01,Centro-Oeste,DF,Brasília,Ônibus,1378862,60.4,61.0,52.6,31070.88,5.88,Alto
2020,8,2020-08-01,Centro-Oeste,GO,Goiânia,Trem,757882,92.2,71.9,22.6,20960.62,6.17,Médio
2020,8,2020-08-01,Centro-Oeste,GO,Aparecida de Goiânia,Ônibus,269059,90.3,35.9,37.5,1225.03,3.87,Médio
2020,8,2020-08-01,Centro-Oeste,MT,Cuiabá,VLT,1010997,15.1,98.5,26.0,2108.27,6.75,Baixo
2020,8,2020-08-01,Centro-Oeste,MS,Campo Grande,Trem,1677034,44.1,86.9,53.0,5689.29,6.07,Baixo
2020,8,2020-08-01,Sudeste,SP,São Paulo,Metrô,1529132,51.3,75.4,50.7,37748.96,5.01,Baixo
2020,8,2020-08-01,Sudeste,SP,Campinas,Trem,283497,51.4,110.0,35.5,31118.93,6.62,Médio
2020,8,2020-08-01,Sudeste,SP,Ribeirão Preto,Bicicleta,891873,70.7,62.4,41.6,37204.6,5.68,Crítico
2020,8,2020-08-01,Sudeste,RJ,Rio de Janeiro,VLT,468795,69.7,83.7,11.9,8048.29,4.71,Baixo
2020,8,2020-08-01,Sudeste,RJ,Niterói,BRT,459867,62.5,74.3,54.6,38249.98,7.34,Baixo
2020,8,2020-08-01,Sudeste,RJ,Nova Iguaçu,Ônibus,251638,90.7,111.7,42.1,46342.58,5.91,Médio
2020,8,2020-08-01,Sudeste,RJ,Petrópolis,BRT,1927069,20.0,71.6,46.3,1165.02,4.68,Médio
2020,8,2020-08-01,Sudeste,MG,Belo Horizonte,Metrô,1502827,25.3,68.9,27.4,44045.83,4.81,Crítico
2020,8,2020-08-01,Sudeste,MG,Uberlândia,Metrô,1604398,64.9,52.7,25.2,35003.04,6.72,Crítico
2020,8,2020-08-01,Sudeste,MG,Juiz de Fora,Trem,146124,35.5,61.8,27.2,41237.93,5.19,Crítico
2020,8,2020-08-01,Sudeste,ES,Vitória,Trem,282439,65.1,93.0,26.6,36821.44,7.98,Baixo
2020,8,2020-08-01,Sudeste,ES,Vila Velha,VLT,768899,54.0,39.4,30.2,48831.63,4.83,Baixo
2020,8,2020-08-01,Sudeste,ES,Serra,Trem,554268,15.2,32.1,43.5,42963.86,6.12,Alto
2020,8,2020-08-01,Sul,PR,Curitiba,Trem,1593248,61.3,30.5,10.8,42292.56,3.89,Baixo
2020,8,2020-08-01,Sul,PR,Londrina,Ônibus,1162818,21.4,41.5,8.1,9928.89,6.94,Baixo
2020,8,2020-08-01,Sul,SC,Florianópolis,Bicicleta,776987,60.4,77.6,53.9,42217.15,5.22,Médio
2020,8,2020-08-01,Sul,SC,Joinville,VLT,559604,62.2,111.1,13.0,20455.83,6.42,Médio
2020,8,2020-08-01,Sul,RS,Porto Alegre,Bicicleta,183697,94.2,87.6,25.5,46287.59,4.88,Alto
2020,8,2020-08-01,Sul,RS,Caxias do Sul,BRT,942567,41.1,52.8,32.8,42710.01,5.04,Alto
2020,9,2020-09-01,Norte,AM,Manaus,Ônibus,1342420,37.2,40.4,26.3,45288.79,7.67,Crítico
2020,9,2020-09-01,Norte,PA,Belém,Metrô,1649273,60.0,60.5,38.6,2089.97,3.77,Baixo
2020,9,2020-09-01,Norte,PA,Santarém,Metrô,551363,54.7,42.3,22.6,40733.99,5.85,Alto
2020,9,2020-09-01,Norte,RO,Porto Velho,Trem,1679133,18.8,59.3,32.7,26563.06,6.11,Alto
2020,9,2020-09-01,Norte,TO,Palmas,VLT,794135,50.7,61.0,26.7,18797.88,7.92,Alto
2020,9,2020-09-01,Nordeste,BA,Salvador,BRT,433744,36.3,116.5,41.4,43010.9,4.65,Baixo
2020,9,2020-09-01,Nordeste,BA,Feira de Santana,Metrô,1218544,19.1,90.9,37.3,11964.24,5.16,Alto
2020,9,2020-09-01,Nordeste,PE,Recife,VLT,1370477,70.9,112.5,9.9,4293.02,4.34,Baixo
2020,9,2020-09-01,Nordeste,PE,Jaboatão dos Guararapes,Ônibus,1911685,85.0,87.3,32.4,27964.96,6.61,Alto
2020,9,2020-09-01,Nordeste,CE,Fortaleza,BRT,1014145,42.7,93.4,14.2,11580.42,6.71,Alto
2020,9,2020-09-01,Nordeste,CE,Juazeiro do Norte,Metrô,1764979,55.9,119.9,45.6,6844.38,6.62,Médio
2020,9,2020-09-01,Nordeste,MA,São Luís,Metrô,631231,42.5,109.6,23.7,15625.47,4.33,Médio
2020,9,2020-09-01,Nordeste,PB,João Pessoa,Trem,1930790,37.0,32.2,34.8,37372.14,5.67,Baixo
2020,9,2020-09-01,Centro-Oeste,DF,Brasília,Ônibus,1842850,64.7,110.2,48.7,20568.56,5.75,Médio
2020,9,2020-09-01,Centro-Oeste,GO,Goiânia,BRT,1229962,27.4,76.2,18.5,28260.65,4.47,Crítico
2020,9,2020-09-01,Centro-Oeste,GO,Aparecida de Goiânia,BRT,1749439,72.1,47.3,53.8,21955.02,5.31,Alto
2020,9,2020-09-01,Centro-Oeste,MT,Cuiabá,Metrô,113855,55.6,117.0,22.7,11821.67,5.11,Médio
2020,9,2020-09-01,Centro-Oeste,MS,Campo Grande,Metrô,1941914,19.4,35.9,14.1,10763.56,6.64,Alto
2020,9,2020-09-01,Sudeste,SP,São Paulo,Trem,377592,48.8,31.8,15.4,8997.79,5.32,Crítico
2020,9,2020-09-01,Sudeste,SP,Campinas,BRT,1376444,68.4,51.4,12.3,30257.38,5.9,Alto
2020,9,2020-09-01,Sudeste,SP,Ribeirão Preto,BRT,1427257,90.9,31.9,16.4,43614.35,7.64,Crítico
2020,9,2020-09-01,Sudeste,RJ,Rio de Janeiro,Bicicleta,1235989,21.2,39.9,44.0,4937.84,4.5,Crítico
2020,9,2020-09-01,Sudeste,RJ,Niterói,Bicicleta,1192631,66.9,95.9,16.4,15829.43,4.16,Médio
2020,9,2020-09-01,Sudeste,RJ,Nova Iguaçu,Ônibus,650199,68.9,107.4,36.7,47628.5,4.6,Alto
2020,9,2020-09-01,Sudeste,RJ,Petrópolis,BRT,408455,52.3,92.4,54.5,10982.36,7.64,Médio
2020,9,2020-09-01,Sudeste,MG,Belo Horizonte,Bicicleta,1304135,53.6,44.8,21.5,20050.42,7.65,Baixo
2020,9,2020-09-01,Sudeste,MG,Uberlândia,Bicicleta,679080,48.0,107.5,22.1,29197.93,4.7,Baixo
2020,9,2020-09-01,Sudeste,MG,Juiz de Fora,BRT,802842,20.0,95.1,11.1,39445.84,7.47,Baixo
2020,9,2020-09-01,Sudeste,ES,Vitória,BRT,684162,63.1,91.0,50.3,5377.68,5.91,Baixo
2020,9,2020-09-01,Sudeste,ES,Vila Velha,Metrô,685997,37.3,119.8,28.7,8481.56,4.23,Médio
2020,9,2020-09-01,Sudeste,ES,Serra,Metrô,177890,35.8,90.9,33.4,49192.59,7.32,Médio
2020,9,2020-09-01,Sul,PR,Curitiba,Ônibus,1146455,37.1,75.1,52.4,46432.53,5.97,Baixo
2020,9,2020-09-01,Sul,PR,Londrina,Bicicleta,1242796,51.2,111.9,37.6,38324.29,3.79,Alto
2020,9,2020-09-01,Sul,SC,Florianópolis,Bicicleta,1547038,55.3,36.2,51.1,11455.67,7.36,Baixo
2020,9,2020-09-01,Sul,SC,Joinville,Trem,1603931,19.7,97.3,36.8,26710.27,6.56,Baixo
2020,9,2020-09-01,Sul,RS,Porto Alegre,Ônibus,811965,40.2,26.4,54.2,25684.28,3.67,Médio
2020,9,2020-09-01,Sul,RS,Caxias do Sul,Bicicleta,873847,91.9,117.4,26.2,41967.04,7.17,Alto
2020,10,2020-10-01,Norte,AM,Manaus,VLT,470130,35.8,79.2,53.5,6995.3,6.58,Médio
2020,10,2020-10-01,Norte,PA,Belém,VLT,349808,20.4,68.2,15.7,8623.85,5.34,Médio
2020,10,2020-10-01,Norte,PA,Santarém,Metrô,1210859,40.2,70.9,10.4,25973.59,5.5,Alto
2020,10,2020-10-01,Norte,RO,Porto Velho,Bicicleta,1419059,74.8,25.0,31.7,3255.81,5.35,Baixo
2020,10,2020-10-01,Norte,TO,Palmas,BRT,1477269,67.5,25.2,34.9,40823.97,7.04,Alto
2020,10,2020-10-01,Nordeste,BA,Salvador,Trem,1354123,25.0,47.3,34.7,18520.33,5.06,Crítico
2020,10,2020-10-01,Nordeste,BA,Feira de Santana,Bicicleta,1416292,25.3,26.6,52.2,4473.55,4.79,Alto
2020,10,2020-10-01,Nordeste,PE,Recife,VLT,806715,55.7,91.5,27.0,42584.44,6.53,Baixo
2020,10,2020-10-01,Nordeste,PE,Jaboatão dos Guararapes,BRT,795208,21.2,71.0,22.6,44207.37,5.42,Alto
2020,10,2020-10-01,Nordeste,CE,Fortaleza,Metrô,216289,65.1,48.1,44.3,19678.81,3.82,Baixo
2020,10,2020-10-01,Nordeste,CE,Juazeiro do Norte,BRT,1070623,39.9,46.9,30.8,43783.71,5.72,Baixo
2020,10,2020-10-01,Nordeste,MA,São Luís,VLT,584058,51.4,78.9,9.2,20870.4,3.57,Crítico
2020,10,2020-10-01,Nordeste,PB,João Pessoa,Trem,1376698,56.8,75.0,39.8,33522.99,3.73,Baixo
2020,10,2020-10-01,Centro-Oeste,DF,Brasília,Bicicleta,123679,35.1,111.0,54.7,40358.32,6.12,Crítico
2020,10,2020-10-01,Centro-Oeste,GO,Goiânia,Bicicleta,192615,42.4,62.8,19.4,39004.26,6.97,Baixo
2020,10,2020-10-01,Centro-Oeste,GO,Aparecida de Goiânia,Metrô,285901,19.5,46.8,17.3,869.65,6.08,Alto
2020,10,2020-10-01,Centro-Oeste,MT,Cuiabá,Metrô,1000879,47.4,97.2,16.3,13855.07,7.79,Médio
2020,10,2020-10-01,Centro-Oeste,MS,Campo Grande,Metrô,234754,62.1,33.0,33.7,10666.1,5.39,Alto
2020,10,2020-10-01,Sudeste,SP,São Paulo,BRT,1491911,42.2,117.2,17.6,14759.08,5.19,Médio
2020,10,2020-10-01,Sudeste,SP,Campinas,Trem,1163810,22.3,31.0,22.1,23580.65,4.74,Crítico
2020,10,2020-10-01,Sudeste,SP,Ribeirão Preto,Ônibus,57343,70.8,97.2,49.2,29031.22,4.18,Alto
2020,10,2020-10-01,Sudeste,RJ,Rio de Janeiro,Bicicleta,1771460,53.1,68.0,45.7,38264.85,7.37,Crítico
2020,10,2020-10-01,Sudeste,RJ,Niterói,Bicicleta,637523,28.7,109.1,29.9,11514.99,4.98,Médio
2020,10,2020-10-01,Sudeste,RJ,Nova Iguaçu,VLT,511600,19.2,39.7,13.8,49975.84,7.17,Alto
2020,10,2020-10-01,Sudeste,RJ,Petrópolis,Bicicleta,568705,47.3,21.0,53.3,21375.81,7.99,Crítico
2020,10,2020-10-01,Sudeste,MG,Belo Horizonte,Metrô,1844109,46.4,57.1,26.8,33804.21,5.24,Alto
2020,10,2020-10-01,Sudeste,MG,Uberlândia,Bicicleta,1800888,28.5,112.2,32.2,36094.65,6.32,Baixo
2020,10,2020-10-01,Sudeste,MG,Juiz de Fora,BRT,771640,23.0,65.6,22.7,4101.81,5.39,Médio
2020,10,2020-10-01,Sudeste,ES,Vitória,VLT,1030598,20.5,80.4,8.9,27715.52,7.46,Médio
2020,10,2020-10-01,Sudeste,ES,Vila Velha,Bicicleta,231036,79.4,77.0,39.5,28037.02,6.96,Alto
2020,10,2020-10-01,Sudeste,ES,Serra,VLT,1441792,71.3,66.7,45.0,38016.86,4.35,Baixo
2020,10,2020-10-01,Sul,PR,Curitiba,BRT,414981,87.0,109.2,21.2,39215.85,6.03,Alto
2020,10,2020-10-01,Sul,PR,Londrina,Bicicleta,865271,94.0,50.5,41.1,48596.34,7.66,Médio
2020,10,2020-10-01,Sul,SC,Florianópolis,Bicicleta,699777,26.2,27.1,15.3,21107.91,7.37,Baixo
2020,10,2020-10-01,Sul,SC,Joinville,BRT,891471,55.4,100.8,27.1,30551.15,4.93,Baixo
2020,10,2020-10-01,Sul,RS,Porto Alegre,BRT,1920327,24.1,25.0,33.6,15310.01,5.27,Médio
2020,10,2020-10-01,Sul,RS,Caxias do Sul,BRT,1858597,63.7,64.9,13.3,42174.56,7.74,Médio
2020,11,2020-11-01,Norte,AM,Manaus,Trem,1223813,89.1,85.2,40.0,9801.55,6.78,Alto
2020,11,2020-11-01,Norte,PA,Belém,Trem,1096227,44.8,32.1,45.9,46955.78,4.65,Alto
2020,11,2020-11-01,Norte,PA,Santarém,BRT,1988984,40.8,49.2,48.7,5420.09,5.69,Baixo
2020,11,2020-11-01,Norte,RO,Porto Velho,Metrô,1499786,28.2,45.1,26.5,3723.75,7.88,Crítico
2020,11,2020-11-01,Norte,TO,Palmas,Metrô,1214308,93.0,54.3,29.1,29016.57,7.38,Crítico
2020,11,2020-11-01,Nordeste,BA,Salvador,Ônibus,342670,34.8,68.9,47.0,12814.83,5.51,Alto
2020,11,2020-11-01,Nordeste,BA,Feira de Santana,Metrô,586542,91.6,105.9,20.2,30803.92,6.61,Baixo
2020,11,2020-11-01,Nordeste,PE,Recife,Trem,795660,78.5,60.3,54.3,24039.56,3.85,Baixo
2020,11,2020-11-01,Nordeste,PE,Jaboatão dos Guararapes,Metrô,1701024,19.3,116.3,52.6,22542.25,3.93,Baixo
2020,11,2020-11-01,Nordeste,CE,Fortaleza,Trem,853023,48.5,65.2,35.5,49261.0,3.74,Baixo
2020,11,2020-11-01,Nordeste,CE,Juazeiro do Norte,Metrô,1444467,49.9,104.9,23.0,37327.26,4.58,Baixo
2020,11,2020-11-01,Nordeste,MA,São Luís,Ônibus,172243,57.1,108.4,50.5,47287.07,4.36,Médio
2020,11,2020-11-01,Nordeste,PB,João Pessoa,VLT,1280172,19.8,79.9,18.5,39242.68,7.17,Alto
2020,11,2020-11-01,Centro-Oeste,DF,Brasília,Bicicleta,121939,78.6,41.1,27.8,20094.64,6.35,Crítico
2020,11,2020-11-01,Centro-Oeste,GO,Goiânia,Ônibus,549711,57.8,57.1,21.9,29009.85,7.34,Médio
2020,11,2020-11-01,Centro-Oeste,GO,Aparecida de Goiânia,VLT,1948305,45.0,76.3,22.2,12250.1,4.51,Baixo
2020,11,2020-11-01,Centro-Oeste,MT,Cuiabá,Bicicleta,1445195,16.8,80.1,50.4,7877.97,7.13,Crítico
2020,11,2020-11-01,Centro-Oeste,MS,Campo Grande,VLT,1985727,90.1,32.5,53.9,17412.02,5.88,Médio
2020,11,2020-11-01,Sudeste,SP,São Paulo,BRT,587491,76.9,72.1,29.0,33950.0,5.31,Baixo
2020,11,2020-11-01,Sudeste,SP,Campinas,Metrô,1847439,15.4,102.5,33.0,37824.48,5.9,Baixo
2020,11,2020-11-01,Sudeste,SP,Ribeirão Preto,Trem,1824445,15.8,37.2,38.5,11035.86,5.33,Crítico
2020,11,2020-11-01,Sudeste,RJ,Rio de Janeiro,VLT,1091449,62.8,84.9,34.6,20032.22,5.83,Alto
2020,11,2020-11-01,Sudeste,RJ,Niterói,VLT,28514,40.7,103.2,51.2,7168.66,6.7,Médio
2020,11,2020-11-01,Sudeste,RJ,Nova Iguaçu,Metrô,611374,44.8,97.4,39.9,19225.29,6.96,Crítico
2020,11,2020-11-01,Sudeste,RJ,Petrópolis,BRT,977050,81.4,53.1,23.0,19092.99,6.31,Alto
2020,11,2020-11-01,Sudeste,MG,Belo Horizonte,BRT,1576656,92.3,34.0,48.6,27488.53,4.43,Alto
2020,11,2020-11-01,Sudeste,MG,Uberlândia,BRT,1649652,69.9,60.3,54.7,46953.08,4.07,Médio
2020,11,2020-11-01,Sudeste,MG,Juiz de Fora,Ônibus,331430,92.1,118.5,24.0,29327.39,3.68,Crítico
2020,11,2020-11-01,Sudeste,ES,Vitória,Trem,1607161,54.5,108.4,26.9,2450.63,6.62,Alto
2020,11,2020-11-01,Sudeste,ES,Vila Velha,VLT,1058423,69.7,93.2,25.5,202.24,7.99,Alto
2020,11,2020-11-01,Sudeste,ES,Serra,Trem,91323,45.5,63.7,37.0,4772.99,4.76,Crítico
2020,11,2020-11-01,Sul,PR,Curitiba,Trem,247383,55.1,93.2,48.3,32721.32,7.71,Médio
2020,11,2020-11-01,Sul,PR,Londrina,BRT,1558015,37.3,106.9,34.4,9691.33,7.86,Médio
2020,11,2020-11-01,Sul,SC,Florianópolis,Trem,109871,79.4,63.8,33.1,33726.83,7.36,Médio
2020,11,2020-11-01,Sul,SC,Joinville,Metrô,905287,29.9,61.8,39.4,31957.76,5.34,Baixo
2020,11,2020-11-01,Sul,RS,Porto Alegre,BRT,1282291,27.8,45.4,8.3,2268.08,4.35,Crítico
2020,11,2020-11-01,Sul,RS,Caxias do Sul,Trem,665173,48.9,100.2,49.7,25220.35,3.87,Baixo
2020,12,2020-12-01,Norte,AM,Manaus,Metrô,1902700,58.3,87.2,13.2,13925.99,4.25,Crítico
2020,12,2020-12-01,Norte,PA,Belém,BRT,1009317,89.8,116.7,35.3,14909.93,6.4,Alto
2020,12,2020-12-01,Norte,PA,Santarém,Metrô,1615439,52.7,118.9,34.2,22438.62,4.74,Alto
2020,12,2020-12-01,Norte,RO,Porto Velho,VLT,603482,47.4,85.4,11.9,8048.02,4.44,Crítico
2020,12,2020-12-01,Norte,TO,Palmas,BRT,1799213,67.9,105.9,33.9,13284.54,4.74,Alto
2020,12,2020-12-01,Nordeste,BA,Salvador,Ônibus,836920,85.8,101.0,45.0,31909.72,3.62,Baixo
2020,12,2020-12-01,Nordeste,BA,Feira de Santana,Ônibus,259527,69.6,38.9,45.5,2365.93,6.77,Médio
2020,12,2020-12-01,Nordeste,PE,Recife,Trem,621239,18.1,30.4,13.7,15835.52,7.94,Médio
2020,12,2020-12-01,Nordeste,PE,Jaboatão dos Guararapes,VLT,1885142,66.2,98.5,27.1,28662.29,6.87,Baixo
2020,12,2020-12-01,Nordeste,CE,Fortaleza,VLT,1827276,41.6,33.8,49.0,18005.93,4.28,Médio
2020,12,2020-12-01,Nordeste,CE,Juazeiro do Norte,BRT,1576492,75.9,101.5,15.2,26535.17,4.08,Baixo
2020,12,2020-12-01,Nordeste,MA,São Luís,BRT,766438,40.6,108.7,51.0,2152.95,6.89,Médio
2020,12,2020-12-01,Nordeste,PB,João Pessoa,Metrô,1778957,82.2,72.4,23.3,30836.9,4.35,Crítico
2020,12,2020-12-01,Centro-Oeste,DF,Brasília,Bicicleta,387425,45.1,63.4,16.1,9602.83,6.97,Crítico
2020,12,2020-12-01,Centro-Oeste,GO,Goiânia,Ônibus,907204,87.4,27.6,23.3,37532.97,4.18,Crítico
2020,12,2020-12-01,Centro-Oeste,GO,Aparecida de Goiânia,Metrô,1057887,35.3,24.8,36.4,49118.58,4.17,Baixo
2020,12,2020-12-01,Centro-Oeste,MT,Cuiabá,Metrô,1695144,18.8,74.2,25.1,38387.85,4.74,Médio
2020,12,2020-12-01,Centro-Oeste,MS,Campo Grande,VLT,1120023,68.4,93.2,27.3,25351.7,6.07,Médio
2020,12,2020-12-01,Sudeste,SP,São Paulo,Metrô,1437227,41.6,76.4,31.8,48438.13,5.64,Crítico
2020,12,2020-12-01,Sudeste,SP,Campinas,Metrô,808863,81.0,51.4,28.3,252.14,3.99,Médio
2020,12,2020-12-01,Sudeste,SP,Ribeirão Preto,Ônibus,1048803,33.2,45.2,19.3,18002.69,7.26,Médio
2020,12,2020-12-01,Sudeste,RJ,Rio de Janeiro,Metrô,1839830,21.3,75.9,33.2,32398.14,6.17,Baixo
2020,12,2020-12-01,Sudeste,RJ,Niterói,VLT,1034765,84.3,33.3,28.2,16099.97,5.77,Alto
2020,12,2020-12-01,Sudeste,RJ,Nova Iguaçu,Bicicleta,1460295,35.1,82.6,14.9,12062.69,7.25,Baixo
2020,12,2020-12-01,Sudeste,RJ,Petrópolis,BRT,511416,33.3,58.5,8.2,5280.99,4.41,Médio
2020,12,2020-12-01,Sudeste,MG,Belo Horizonte,Metrô,1536394,77.0,115.8,34.3,33205.97,7.15,Médio
2020,12,2020-12-01,Sudeste,MG,Uberlândia,Metrô,1231992,87.7,21.4,32.9,27206.49,7.0,Crítico
2020,12,2020-12-01,Sudeste,MG,Juiz de Fora,Bicicleta,1738893,30.1,115.6,37.2,29959.47,4.57,Médio
2020,12,2020-12-01,Sudeste,ES,Vitória,Trem,1632205,63.5,116.0,8.2,17630.59,4.88,Médio
2020,12,2020-12-01,Sudeste,ES,Vila Velha,VLT,1747051,59.1,28.3,52.7,18944.57,5.81,Médio
2020,12,2020-12-01,Sudeste,ES,Serra,VLT,1939467,52.3,92.8,33.3,40480.93,5.0,Baixo
2020,12,2020-12-01,Sul,PR,Curitiba,VLT,301738,91.9,41.5,16.1,42157.62,5.36,Crítico
2020,12,2020-12-01,Sul,PR,Londrina,Ônibus,1283259,41.6,75.1,31.7,32409.31,7.72,Crítico
2020,12,2020-12-01,Sul,SC,Florianópolis,Bicicleta,804563,26.1,58.3,11.0,37407.85,5.42,Médio
2020,12,2020-12-01,Sul,SC,Joinville,BRT,1171319,64.8,98.0,13.7,49109.22,6.43,Crítico
2020,12,2020-12-01,Sul,RS,Porto Alegre,Ônibus,1947394,31.0,39.5,35.8,10453.46,4.87,Médio
2020,12,2020-12-01,Sul,RS,Caxias do Sul,Bicicleta,389201,54.1,108.3,11.5,1736.17,7.75,Alto
2021,1,2021-01-01,Norte,AM,Manaus,VLT,534447,29.9,20.8,32.6,42660.62,5.17,Crítico
2021,1,2021-01-01,Norte,PA,Belém,Bicicleta,78001,23.3,67.3,42.0,2792.81,4.67,Baixo
2021,1,2021-01-01,Norte,PA,Santarém,VLT,471117,86.7,25.8,40.7,34859.36,4.87,Médio
2021,1,2021-01-01,Norte,RO,Porto Velho,Metrô,700202,19.7,80.4,17.1,1796.23,4.11,Alto
2021,1,2021-01-01,Norte,TO,Palmas,Trem,1187897,89.4,44.3,50.8,18454.26,5.06,Baixo
2021,1,2021-01-01,Nordeste,BA,Salvador,Bicicleta,1769993,62.2,40.1,35.7,1610.54,5.39,Médio
2021,1,2021-01-01,Nordeste,BA,Feira de Santana,Ônibus,1666933,80.1,86.7,13.2,1144.73,6.63,Baixo
2021,1,2021-01-01,Nordeste,PE,Recife,Bicicleta,1328051,59.9,69.2,35.4,36019.11,3.7,Baixo
2021,1,2021-01-01,Nordeste,PE,Jaboatão dos Guararapes,Bicicleta,1997831,20.2,34.1,24.0,32888.75,5.32,Baixo
2021,1,2021-01-01,Nordeste,CE,Fortaleza,BRT,1965433,35.0,60.8,53.0,24351.57,6.54,Crítico
2021,1,2021-01-01,Nordeste,CE,Juazeiro do Norte,Ônibus,1638912,77.6,37.7,37.9,8487.58,3.69,Baixo
2021,1,2021-01-01,Nordeste,MA,São Luís,BRT,1570617,25.5,34.7,31.6,47263.76,7.41,Baixo
2021,1,2021-01-01,Nordeste,PB,João Pessoa,Metrô,762461,31.8,82.8,54.8,19981.31,7.47,Crítico
2021,1,2021-01-01,Centro-Oeste,DF,Brasília,BRT,542987,48.5,29.3,51.8,34492.34,7.28,Crítico
2021,1,2021-01-01,Centro-Oeste,GO,Goiânia,VLT,825081,79.2,48.5,16.4,28725.05,5.28,Médio
2021,1,2021-01-01,Centro-Oeste,GO,Aparecida de Goiânia,BRT,400270,55.2,59.9,10.2,21745.68,7.26,Crítico
2021,1,2021-01-01,Centro-Oeste,MT,Cuiabá,Trem,951480,52.1,104.6,32.7,47850.81,6.84,Médio
2021,1,2021-01-01,Centro-Oeste,MS,Campo Grande,Ônibus,565515,68.0,43.7,31.9,13596.07,4.62,Médio
2021,1,2021-01-01,Sudeste,SP,São Paulo,Bicicleta,712027,18.1,40.6,30.3,24598.07,3.82,Médio
2021,1,2021-01-01,Sudeste,SP,Campinas,Ônibus,849712,47.2,72.7,50.2,42546.11,7.28,Médio
2021,1,2021-01-01,Sudeste,SP,Ribeirão Preto,Ônibus,541197,35.5,50.4,54.9,35476.64,3.91,Médio
2021,1,2021-01-01,Sudeste,RJ,Rio de Janeiro,Metrô,1478565,49.8,58.1,21.0,21354.46,4.98,Alto
2021,1,2021-01-01,Sudeste,RJ,Niterói,VLT,1703615,69.2,41.7,25.2,44950.41,6.78,Alto
2021,1,2021-01-01,Sudeste,RJ,Nova Iguaçu,Bicicleta,283482,83.4,85.3,12.9,23420.77,7.15,Alto
2021,1,2021-01-01,Sudeste,RJ,Petrópolis,Metrô,624538,67.1,116.5,26.1,48443.11,5.0,Crítico
2021,1,2021-01-01,Sudeste,MG,Belo Horizonte,BRT,1814532,23.2,24.7,30.1,32994.98,5.06,Baixo
2021,1,2021-01-01,Sudeste,MG,Uberlândia,VLT,542366,83.0,42.2,23.3,12895.79,7.81,Crítico
2021,1,2021-01-01,Sudeste,MG,Juiz de Fora,Ônibus,488540,52.3,107.9,47.2,5695.06,4.5,Médio
2021,1,2021-01-01,Sudeste,ES,Vitória,Bicicleta,320138,63.6,86.7,17.4,2770.05,7.43,Baixo
2021,1,2021-01-01,Sudeste,ES,Vila Velha,Metrô,682497,20.0,60.9,36.0,9478.33,7.3,Médio
2021,1,2021-01-01,Sudeste,ES,Serra,Trem,853436,74.1,83.7,47.5,14548.24,5.22,Alto
2021,1,2021-01-01,Sul,PR,Curitiba,VLT,97088,39.7,45.7,10.9,34094.04,3.62,Crítico
2021,1,2021-01-01,Sul,PR,Londrina,Trem,1978614,69.7,84.4,54.8,11067.69,7.61,Alto
2021,1,2021-01-01,Sul,SC,Florianópolis,BRT,918227,15.6,27.0,30.9,43437.88,4.77,Médio
2021,1,2021-01-01,Sul,SC,Joinville,Trem,544456,88.9,42.2,9.0,17678.51,4.78,Alto
2021,1,2021-01-01,Sul,RS,Porto Alegre,Ônibus,399798,85.9,86.3,13.1,38513.95,4.42,Crítico
2021,1,2021-01-01,Sul,RS,Caxias do Sul,Metrô,458928,77.1,118.1,32.3,11190.35,3.93,Alto
2021,2,2021-02-01,Norte,AM,Manaus,Metrô,1531631,89.9,62.9,35.1,33021.56,5.74,Baixo
2021,2,2021-02-01,Norte,PA,Belém,Metrô,1879306,34.8,28.0,36.1,28823.7,3.76,Crítico
2021,2,2021-02-01,Norte,PA,Santarém,BRT,1452679,90.6,87.8,51.1,24523.09,6.38,Baixo
2021,2,2021-02-01,Norte,RO,Porto Velho,Ônibus,252666,55.7,54.0,11.2,20433.79,4.05,Médio
2021,2,2021-02-01,Norte,TO,Palmas,VLT,271291,66.7,25.6,24.5,23285.8,6.12,Baixo
2021,2,2021-02-01,Nordeste,BA,Salvador,BRT,191673,90.8,115.1,34.6,20869.58,4.19,Crítico
2021,2,2021-02-01,Nordeste,BA,Feira de Santana,VLT,909916,84.8,44.2,39.4,16935.07,3.97,Crítico
2021,2,2021-02-01,Nordeste,PE,Recife,Metrô,1570658,45.8,36.8,51.2,4864.09,5.01,Baixo
2021,2,2021-02-01,Nordeste,PE,Jaboatão dos Guararapes,Ônibus,1143800,56.2,68.6,52.7,38873.02,5.31,Crítico
2021,2,2021-02-01,Nordeste,CE,Fortaleza,Trem,1902875,33.4,36.7,27.0,14084.09,5.81,Baixo
2021,2,2021-02-01,Nordeste,CE,Juazeiro do Norte,VLT,1838135,30.6,61.5,45.1,16553.96,5.73,Alto
2021,2,2021-02-01,Nordeste,MA,São Luís,Trem,263902,60.2,52.7,47.8,45074.22,7.32,Crítico
2021,2,2021-02-01,Nordeste,PB,João Pessoa,Bicicleta,1374901,54.3,21.9,53.4,3014.42,5.48,Médio
2021,2,2021-02-01,Centro-Oeste,DF,Brasília,Trem,1075514,62.7,57.6,43.5,34107.66,7.75,Médio
2021,2,2021-02-01,Centro-Oeste,GO,Goiânia,Ônibus,1830455,17.3,118.3,10.3,18493.67,6.9,Crítico
2021,2,2021-02-01,Centro-Oeste,GO,Aparecida de Goiânia,Bicicleta,828245,46.3,37.5,31.9,33012.47,4.17,Médio
2021,2,2021-02-01,Centro-Oeste,MT,Cuiabá,VLT,1196873,55.0,37.5,24.5,26653.11,4.0,Médio
2021,2,2021-02-01,Centro-Oeste,MS,Campo Grande,BRT,866302,55.2,57.2,50.4,35613.22,7.32,Médio
2021,2,2021-02-01,Sudeste,SP,São Paulo,VLT,1169567,89.0,98.3,34.8,33548.57,4.96,Crítico
2021,2,2021-02-01,Sudeste,SP,Campinas,BRT,871518,18.4,88.3,13.7,32235.84,6.24,Crítico
2021,2,2021-02-01,Sudeste,SP,Ribeirão Preto,Trem,461110,57.0,99.1,34.6,26462.11,7.86,Crítico
2021,2,2021-02-01,Sudeste,RJ,Rio de Janeiro,Bicicleta,864319,36.4,30.2,44.0,11953.76,3.62,Baixo
2021,2,2021-02-01,Sudeste,RJ,Niterói,BRT,93832,32.3,61.8,30.3,35707.67,4.42,Crítico
2021,2,2021-02-01,Sudeste,RJ,Nova Iguaçu,BRT,1043711,94.0,113.6,12.4,45525.59,6.96,Médio
2021,2,2021-02-01,Sudeste,RJ,Petrópolis,Trem,917116,69.4,35.0,31.8,19910.37,3.9,Médio
2021,2,2021-02-01,Sudeste,MG,Belo Horizonte,Metrô,109331,31.8,83.7,31.0,46457.36,6.23,Baixo
2021,2,2021-02-01,Sudeste,MG,Uberlândia,VLT,951043,56.6,82.3,11.2,32376.04,5.98,Alto
2021,2,2021-02-01,Sudeste,MG,Juiz de Fora,Trem,1172816,41.8,21.4,11.5,46017.34,6.23,Crítico
2021,2,2021-02-01,Sudeste,ES,Vitória,Metrô,1274520,24.2,102.2,28.7,23629.96,7.13,Alto
2021,2,2021-02-01,Sudeste,ES,Vila Velha,Metrô,1495395,91.2,34.0,26.9,30183.13,5.54,Alto
2021,2,2021-02-01,Sudeste,ES,Serra,BRT,456616,88.4,51.6,44.8,30654.67,7.42,Baixo
2021,2,2021-02-01,Sul,PR,Curitiba,Ônibus,1497884,24.5,109.3,27.9,17757.08,6.8,Crítico
2021,2,2021-02-01,Sul,PR,Londrina,VLT,144309,31.2,55.8,34.6,20481.28,7.91,Médio
2021,2,2021-02-01,Sul,SC,Florianópolis,Bicicleta,1372864,40.9,99.4,21.4,19454.1,4.22,Médio
2021,2,2021-02-01,Sul,SC,Joinville,Ônibus,666683,35.5,107.5,31.7,668.08,3.73,Baixo
2021,2,2021-02-01,Sul,RS,Porto Alegre,Trem,1132108,16.3,85.6,26.2,25174.46,5.35,Crítico
2021,2,2021-02-01,Sul,RS,Caxias do Sul,VLT,985217,91.5,48.3,34.4,25406.76,7.79,Alto
2021,3,2021-03-01,Norte,AM,Manaus,BRT,1103525,69.2,56.4,12.6,16283.26,3.71,Alto
2021,3,2021-03-01,Norte,PA,Belém,VLT,881384,21.4,20.2,23.9,5227.37,7.16,Médio
2021,3,2021-03-01,Norte,PA,Santarém,Metrô,1545308,25.1,38.1,54.9,46957.9,7.33,Alto
2021,3,2021-03-01,Norte,RO,Porto Velho,BRT,694434,87.6,49.7,43.2,23164.04,7.58,Baixo
2021,3,2021-03-01,Norte,TO,Palmas,Trem,447560,34.9,55.4,30.7,20702.34,3.86,Médio
2021,3,2021-03-01,Nordeste,BA,Salvador,VLT,1716981,84.0,85.4,28.3,6993.86,4.77,Alto
2021,3,2021-03-01,Nordeste,BA,Feira de Santana,Bicicleta,1306150,80.8,79.5,31.8,44066.54,4.56,Crítico
2021,3,2021-03-01,Nordeste,PE,Recife,Ônibus,148320,47.9,52.2,17.6,12087.83,7.98,Alto
2021,3,2021-03-01,Nordeste,PE,Jaboatão dos Guararapes,Ônibus,1842371,37.2,67.7,41.5,48447.96,5.96,Médio
2021,3,2021-03-01,Nordeste,CE,Fortaleza,BRT,747532,80.7,89.9,34.7,42217.61,4.05,Crítico
2021,3,2021-03-01,Nordeste,CE,Juazeiro do Norte,Ônibus,730629,46.2,61.4,48.8,21112.56,5.78,Crítico
2021,3,2021-03-01,Nordeste,MA,São Luís,Bicicleta,1940482,19.9,81.4,25.5,9386.13,3.98,Médio
2021,3,2021-03-01,Nordeste,PB,João Pessoa,VLT,231244,73.3,67.0,8.0,10533.1,6.48,Alto
2021,3,2021-03-01,Centro-Oeste,DF,Brasília,Trem,308472,33.5,103.4,21.0,9887.52,7.85,Alto
2021,3,2021-03-01,Centro-Oeste,GO,Goiânia,VLT,1491335,92.3,30.5,49.6,1484.66,7.78,Baixo
2021,3,2021-03-01,Centro-Oeste,GO,Aparecida de Goiânia,Ônibus,1829802,41.8,109.1,15.1,20916.76,7.47,Alto
2021,3,2021-03-01,Centro-Oeste,MT,Cuiabá,Bicicleta,1329103,28.0,100.8,8.1,38985.58,5.64,Baixo
2021,3,2021-03-01,Centro-Oeste,MS,Campo Grande,Trem,1082100,61.3,21.0,29.9,15096.83,7.7,Médio
2021,3,2021-03-01,Sudeste,SP,São Paulo,VLT,815071,77.1,100.8,19.0,7482.1,7.46,Alto
2021,3,2021-03-01,Sudeste,SP,Campinas,Trem,540044,22.7,91.6,46.2,33396.12,4.24,Crítico
2021,3,2021-03-01,Sudeste,SP,Ribeirão Preto,BRT,647755,88.0,39.7,49.0,19339.53,4.36,Baixo
2021,3,2021-03-01,Sudeste,RJ,Rio de Janeiro,Trem,629457,57.5,72.6,25.3,27693.67,5.43,Crítico
2021,3,2021-03-01,Sudeste,RJ,Niterói,Ônibus,706828,75.6,72.6,52.3,38099.28,6.98,Médio
2021,3,2021-03-01,Sudeste,RJ,Nova Iguaçu,Trem,801962,55.2,85.5,28.6,20299.7,4.7,Médio
2021,3,2021-03-01,Sudeste,RJ,Petrópolis,Metrô,997507,44.6,92.4,27.7,5262.59,5.01,Médio
2021,3,2021-03-01,Sudeste,MG,Belo Horizonte,BRT,246573,77.1,58.6,26.9,5759.97,5.83,Alto
2021,3,2021-03-01,Sudeste,MG,Uberlândia,VLT,66719,51.9,26.9,53.1,35509.23,5.82,Baixo
2021,3,2021-03-01,Sudeste,MG,Juiz de Fora,BRT,1525866,55.1,31.2,21.6,22597.32,6.41,Médio
2021,3,2021-03-01,Sudeste,ES,Vitória,Bicicleta,1957952,26.2,35.9,31.4,6489.84,7.08,Crítico
2021,3,2021-03-01,Sudeste,ES,Vila Velha,Metrô,1451890,94.4,75.3,52.4,526.79,5.58,Crítico
2021,3,2021-03-01,Sudeste,ES,Serra,Bicicleta,962244,17.5,104.5,22.3,10231.23,6.59,Baixo
2021,3,2021-03-01,Sul,PR,Curitiba,Metrô,1828216,21.1,45.7,41.8,30789.19,4.11,Baixo
2021,3,2021-03-01,Sul,PR,Londrina,Metrô,1390984,66.9,37.1,22.3,39753.69,6.46,Crítico
2021,3,2021-03-01,Sul,SC,Florianópolis,Trem,306127,35.1,75.2,11.9,36739.6,5.08,Crítico
2021,3,2021-03-01,Sul,SC,Joinville,VLT,1989281,82.9,85.0,38.6,7917.62,5.01,Alto
2021,3,2021-03-01,Sul,RS,Porto Alegre,Ônibus,1849339,60.9,76.5,15.9,43676.31,6.21,Médio
2021,3,2021-03-01,Sul,RS,Caxias do Sul,Metrô,1254378,70.5,29.8,36.2,14476.0,7.8,Baixo
2021,4,2021-04-01,Norte,AM,Manaus,Ônibus,1762578,73.3,44.8,39.6,26020.93,7.26,Baixo
2021,4,2021-04-01,Norte,PA,Belém,VLT,345413,26.2,107.7,35.0,40668.01,7.95,Baixo
2021,4,2021-04-01,Norte,PA,Santarém,VLT,568534,91.4,25.0,23.7,46615.31,4.11,Crítico
2021,4,2021-04-01,Norte,RO,Porto Velho,Trem,191717,43.5,22.1,51.4,23787.32,6.35,Alto
2021,4,2021-04-01,Norte,TO,Palmas,BRT,1525897,88.5,59.4,26.8,49264.55,3.59,Crítico
2021,4,2021-04-01,Nordeste,BA,Salvador,Ônibus,380443,37.5,37.5,24.4,27144.36,7.75,Médio
2021,4,2021-04-01,Nordeste,BA,Feira de Santana,BRT,467384,49.2,73.8,46.3,46943.49,6.65,Crítico
2021,4,2021-04-01,Nordeste,PE,Recife,VLT,438757,80.0,85.2,13.8,22762.99,6.46,Médio
2021,4,2021-04-01,Nordeste,PE,Jaboatão dos Guararapes,Trem,46169,88.2,119.6,54.3,18301.81,5.89,Médio
2021,4,2021-04-01,Nordeste,CE,Fortaleza,Ônibus,1826883,45.1,81.1,26.0,23425.79,4.11,Alto
2021,4,2021-04-01,Nordeste,CE,Juazeiro do Norte,BRT,1912337,33.5,106.1,30.6,49992.98,3.51,Médio
2021,4,2021-04-01,Nordeste,MA,São Luís,Metrô,1222636,25.7,110.4,13.5,15312.84,5.28,Crítico
2021,4,2021-04-01,Nordeste,PB,João Pessoa,Metrô,1619233,40.6,79.4,11.2,42731.22,7.99,Baixo
2021,4,2021-04-01,Centro-Oeste,DF,Brasília,Trem,1250854,29.1,37.1,17.2,7209.88,5.22,Alto
2021,4,2021-04-01,Centro-Oeste,GO,Goiânia,Trem,104552,64.5,101.8,35.2,18409.19,6.71,Médio
2021,4,2021-04-01,Centro-Oeste,GO,Aparecida de Goiânia,Trem,574012,31.9,26.6,24.9,39078.59,6.77,Alto
2021,4,2021-04-01,Centro-Oeste,MT,Cuiabá,VLT,1857297,79.4,48.8,39.9,31156.75,5.64,Baixo
2021,4,2021-04-01,Centro-Oeste,MS,Campo Grande,Bicicleta,1333667,37.0,21.0,18.7,48772.28,4.53,Alto
2021,4,2021-04-01,Sudeste,SP,São Paulo,Trem,276967,63.5,42.4,52.3,25073.51,5.85,Alto
2021,4,2021-04-01,Sudeste,SP,Campinas,Ônibus,1568283,53.3,41.9,15.1,10122.61,7.75,Baixo
2021,4,2021-04-01,Sudeste,SP,Ribeirão Preto,Trem,196255,43.5,87.4,34.2,17664.66,5.9,Baixo
2021,4,2021-04-01,Sudeste,RJ,Rio de Janeiro,Ônibus,792808,71.5,21.2,39.5,28261.91,7.91,Alto
2021,4,2021-04-01,Sudeste,RJ,Niterói,Trem,1097074,94.4,77.0,51.1,16089.72,3.72,Médio
2021,4,2021-04-01,Sudeste,RJ,Nova Iguaçu,Trem,1613617,81.8,57.2,28.3,22012.63,3.85,Alto
2021,4,2021-04-01,Sudeste,RJ,Petrópolis,Metrô,804414,30.0,119.4,38.6,37126.85,6.26,Médio
2021,4,2021-04-01,Sudeste,MG,Belo Horizonte,Ônibus,1566646,26.3,52.1,37.7,16537.9,3.64,Baixo
2021,4,2021-04-01,Sudeste,MG,Uberlândia,Bicicleta,1264517,63.5,73.3,33.6,12701.36,4.64,Baixo
2021,4,2021-04-01,Sudeste,MG,Juiz de Fora,Trem,1155558,44.3,68.3,17.5,48204.47,7.1,Baixo
2021,4,2021-04-01,Sudeste,ES,Vitória,BRT,1911908,19.4,24.9,41.0,48897.06,4.63,Alto
2021,4,2021-04-01,Sudeste,ES,Vila Velha,VLT,1878076,72.4,67.7,44.7,3640.29,7.83,Médio
2021,4,2021-04-01,Sudeste,ES,Serra,Bicicleta,1270397,23.5,71.2,31.1,46929.77,7.11,Médio
2021,4,2021-04-01,Sul,PR,Curitiba,BRT,24419,81.1,34.8,45.3,2183.04,4.88,Médio
2021,4,2021-04-01,Sul,PR,Londrina,Trem,902549,16.8,107.9,26.0,48929.06,7.25,Alto
2021,4,2021-04-01,Sul,SC,Florianópolis,Ônibus,1766027,84.3,23.0,12.4,9105.97,4.72,Médio
2021,4,2021-04-01,Sul,SC,Joinville,BRT,1710931,42.1,60.1,34.0,2539.87,6.51,Médio
2021,4,2021-04-01,Sul,RS,Porto Alegre,BRT,293838,20.7,30.2,30.2,12335.56,4.87,Baixo
2021,4,2021-04-01,Sul,RS,Caxias do Sul,VLT,1477301,92.9,103.5,43.5,33446.12,4.96,Médio
2021,5,2021-05-01,Norte,AM,Manaus,Bicicleta,408654,43.3,93.1,46.6,11807.06,5.56,Médio
2021,5,2021-05-01,Norte,PA,Belém,VLT,232590,80.8,106.7,38.9,4166.58,6.57,Médio
2021,5,2021-05-01,Norte,PA,Santarém,Ônibus,474594,87.9,39.1,19.0,9736.8,5.71,Crítico
2021,5,2021-05-01,Norte,RO,Porto Velho,VLT,1998580,66.1,72.2,14.4,32048.6,7.91,Baixo
2021,5,2021-05-01,Norte,TO,Palmas,Bicicleta,812638,23.6,95.5,24.4,9690.09,3.69,Crítico
2021,5,2021-05-01,Nordeste,BA,Salvador,Metrô,1344301,75.6,112.2,50.8,21314.63,3.79,Baixo
2021,5,2021-05-01,Nordeste,BA,Feira de Santana,Ônibus,486225,17.7,97.7,50.6,29442.54,7.93,Baixo
2021,5,2021-05-01,Nordeste,PE,Recife,Trem,625007,35.6,59.2,38.8,3518.52,6.0,Crítico
2021,5,2021-05-01,Nordeste,PE,Jaboatão dos Guararapes,BRT,1544492,81.3,117.0,29.0,16063.66,7.93,Baixo
2021,5,2021-05-01,Nordeste,CE,Fortaleza,BRT,567286,33.5,101.5,39.4,24143.93,4.56,Crítico
2021,5,2021-05-01,Nordeste,CE,Juazeiro do Norte,Metrô,798079,33.5,49.4,35.4,48465.08,6.14,Baixo
2021,5,2021-05-01,Nordeste,MA,São Luís,Bicicleta,1435724,67.8,53.1,38.7,21540.71,6.46,Alto
2021,5,2021-05-01,Nordeste,PB,João Pessoa,Ônibus,1651161,59.6,28.5,44.4,27376.43,6.33,Alto
2021,5,2021-05-01,Centro-Oeste,DF,Brasília,VLT,793942,30.2,80.4,10.6,33846.77,4.89,Baixo
2021,5,2021-05-01,Centro-Oeste,GO,Goiânia,Trem,1675283,49.3,95.7,15.1,32769.1,3.57,Crítico
2021,5,2021-05-01,Centro-Oeste,GO,Aparecida de Goiânia,Trem,1109801,24.1,115.6,10.6,36440.79,4.43,Baixo
2021,5,2021-05-01,Centro-Oeste,MT,Cuiabá,Trem,420205,67.6,91.0,27.9,8293.98,4.51,Médio
2021,5,2021-05-01,Centro-Oeste,MS,Campo Grande,Bicicleta,166009,30.8,40.3,24.0,39371.09,7.44,Alto
2021,5,2021-05-01,Sudeste,SP,São Paulo,Ônibus,1232694,20.0,81.3,9.2,21083.49,5.19,Médio
2021,5,2021-05-01,Sudeste,SP,Campinas,Ônibus,1381513,69.7,117.3,23.6,46377.58,5.18,Médio
2021,5,2021-05-01,Sudeste,SP,Ribeirão Preto,Bicicleta,113563,94.3,85.1,49.2,4125.36,7.13,Crítico
2021,5,2021-05-01,Sudeste,RJ,Rio de Janeiro,Metrô,702516,55.2,71.3,45.1,25417.1,7.25,Alto
2021,5,2021-05-01,Sudeste,RJ,Niterói,Ônibus,580501,84.9,118.8,48.2,41060.66,6.9,Médio
2021,5,2021-05-01,Sudeste,RJ,Nova Iguaçu,Bicicleta,550913,54.9,54.8,30.8,49183.01,5.65,Alto
2021,5,2021-05-01,Sudeste,RJ,Petrópolis,Bicicleta,1070302,51.7,117.5,18.0,28190.17,6.42,Alto
2021,5,2021-05-01,Sudeste,MG,Belo Horizonte,Metrô,740343,73.8,56.9,24.7,27452.52,4.82,Crítico
2021,5,2021-05-01,Sudeste,MG,Uberlândia,Metrô,367895,83.7,90.1,47.9,14902.36,4.85,Baixo
2021,5,2021-05-01,Sudeste,MG,Juiz de Fora,Metrô,757073,19.6,90.8,21.1,42933.6,4.56,Baixo
2021,5,2021-05-01,Sudeste,ES,Vitória,Bicicleta,1212331,70.3,23.8,15.0,24217.59,6.28,Alto
2021,5,2021-05-01,Sudeste,ES,Vila Velha,Ônibus,823021,23.0,28.6,8.3,23505.9,7.2,Baixo
2021,5,2021-05-01,Sudeste,ES,Serra,Ônibus,1406826,15.0,91.3,43.9,48827.11,7.24,Crítico
2021,5,2021-05-01,Sul,PR,Curitiba,Metrô,716644,20.9,48.4,22.5,24423.33,6.02,Alto
2021,5,2021-05-01,Sul,PR,Londrina,VLT,935891,76.4,90.0,13.9,7083.62,4.73,Médio
2021,5,2021-05-01,Sul,SC,Florianópolis,Trem,1392504,38.0,117.2,27.0,23750.56,6.67,Crítico
2021,5,2021-05-01,Sul,SC,Joinville,Ônibus,1257939,39.2,97.6,46.7,11444.67,6.15,Alto
2021,5,2021-05-01,Sul,RS,Porto Alegre,BRT,328456,29.0,51.4,26.6,33321.99,6.76,Crítico
2021,5,2021-05-01,Sul,RS,Caxias do Sul,Metrô,1266474,65.2,81.5,27.3,32839.31,6.69,Baixo
2021,6,2021-06-01,Norte,AM,Manaus,BRT,467163,40.7,105.1,34.6,36842.73,4.13,Alto
2021,6,2021-06-01,Norte,PA,Belém,BRT,1734302,42.2,104.8,52.2,20751.35,7.54,Crítico
2021,6,2021-06-01,Norte,PA,Santarém,Ônibus,880689,62.3,30.6,48.4,11322.43,4.25,Crítico
2021,6,2021-06-01,Norte,RO,Porto Velho,BRT,1030489,51.1,103.5,20.5,11490.85,3.69,Médio
2021,6,2021-06-01,Norte,TO,Palmas,VLT,1084333,23.1,32.8,19.3,13450.96,7.23,Alto
2021,6,2021-06-01,Nordeste,BA,Salvador,Trem,549784,15.5,88.5,9.9,39712.24,4.56,Baixo
2021,6,2021-06-01,Nordeste,BA,Feira de Santana,Trem,1867664,82.4,43.0,27.3,46078.26,7.93,Médio
2021,6,2021-06-01,Nordeste,PE,Recife,Ônibus,311198,29.8,114.0,16.9,10549.31,6.8,Alto
2021,6,2021-06-01,Nordeste,PE,Jaboatão dos Guararapes,VLT,454189,56.7,55.4,44.0,2390.83,4.32,Alto
2021,6,2021-06-01,Nordeste,CE,Fortaleza,VLT,1318155,57.9,85.4,44.4,11127.65,7.6,Médio
2021,6,2021-06-01,Nordeste,CE,Juazeiro do Norte,Bicicleta,1388021,65.8,83.0,34.4,34321.49,7.43,Baixo
2021,6,2021-06-01,Nordeste,MA,São Luís,BRT,542748,72.7,114.7,12.7,10233.08,7.04,Alto
2021,6,2021-06-01,Nordeste,PB,João Pessoa,VLT,1716202,53.4,114.4,18.0,26225.4,6.39,Alto
2021,6,2021-06-01,Centro-Oeste,DF,Brasília,VLT,1345776,44.3,94.5,19.5,16454.03,5.11,Baixo
2021,6,2021-06-01,Centro-Oeste,GO,Goiânia,Bicicleta,902023,45.4,47.7,24.3,38433.2,6.51,Baixo
2021,6,2021-06-01,Centro-Oeste,GO,Aparecida de Goiânia,Ônibus,1948350,27.4,99.9,13.7,44064.75,6.69,Crítico
2021,6,2021-06-01,Centro-Oeste,MT,Cuiabá,VLT,152609,42.3,71.8,13.3,7424.52,6.87,Médio
2021,6,2021-06-01,Centro-Oeste,MS,Campo Grande,Trem,627285,18.0,67.0,19.0,21950.42,5.13,Médio
2021,6,2021-06-01,Sudeste,SP,São Paulo,BRT,121443,86.4,34.7,44.1,15606.58,5.39,Médio
2021,6,2021-06-01,Sudeste,SP,Campinas,BRT,299638,67.9,85.7,19.6,727.96,7.68,Baixo
2021,6,2021-06-01,Sudeste,SP,Ribeirão Preto,BRT,1826625,77.2,98.8,30.8,37959.01,6.31,Crítico
2021,6,2021-06-01,Sudeste,RJ,Rio de Janeiro,Trem,389673,35.8,38.5,30.7,32194.31,5.32,Baixo
2021,6,2021-06-01,Sudeste,RJ,Niterói,BRT,671209,55.4,99.1,54.4,29225.17,7.68,Médio
2021,6,2021-06-01,Sudeste,RJ,Nova Iguaçu,Metrô,1027239,30.4,27.8,27.8,3166.61,5.81,Baixo
2021,6,2021-06-01,Sudeste,RJ,Petrópolis,Metrô,453249,84.4,39.4,46.1,7318.08,6.87,Baixo
2021,6,2021-06-01,Sudeste,MG,Belo Horizonte,Bicicleta,1734632,68.5,41.5,37.9,15048.87,7.5,Crítico
2021,6,2021-06-01,Sudeste,MG,Uberlândia,Bicicleta,184219,66.2,34.5,53.0,3657.08,7.55,Baixo
2021,6,2021-06-01,Sudeste,MG,Juiz de Fora,VLT,351011,33.1,113.4,30.1,44047.93,5.41,Crítico
2021,6,2021-06-01,Sudeste,ES,Vitória,Metrô,628593,57.8,22.8,54.4,43348.07,7.4,Médio
2021,6,2021-06-01,Sudeste,ES,Vila Velha,Bicicleta,1150062,15.1,24.7,33.8,35561.19,6.47,Alto
2021,6,2021-06-01,Sudeste,ES,Serra,VLT,1603706,76.3,76.5,53.8,11381.89,4.46,Baixo
2021,6,2021-06-01,Sul,PR,Curitiba,Metrô,1913647,60.1,26.9,11.9,36068.45,4.94,Baixo
2021,6,2021-06-01,Sul,PR,Londrina,Ônibus,624586,54.0,26.4,26.5,31705.87,7.94,Médio
2021,6,2021-06-01,Sul,SC,Florianópolis,Trem,1495897,47.6,71.7,29.6,13488.77,6.34,Alto
2021,6,2021-06-01,Sul,SC,Joinville,VLT,848948,90.1,76.1,45.2,45450.21,6.94,Baixo
2021,6,2021-06-01,Sul,RS,Porto Alegre,Metrô,11942,21.2,66.4,20.4,31196.24,5.8,Baixo
2021,6,2021-06-01,Sul,RS,Caxias do Sul,Ônibus,451770,72.0,44.9,25.0,11707.77,7.4,Crítico
2021,7,2021-07-01,Norte,AM,Manaus,VLT,1434402,44.9,51.5,37.8,2487.97,5.72,Alto
2021,7,2021-07-01,Norte,PA,Belém,Metrô,530085,79.1,102.4,31.5,6256.11,5.49,Baixo
2021,7,2021-07-01,Norte,PA,Santarém,BRT,187698,68.5,85.1,17.9,29166.52,7.77,Médio
2021,7,2021-07-01,Norte,RO,Porto Velho,Trem,761572,82.7,54.3,25.7,34295.52,6.98,Alto
2021,7,2021-07-01,Norte,TO,Palmas,Ônibus,378029,28.0,45.3,21.4,14352.02,5.36,Crítico
2021,7,2021-07-01,Nordeste,BA,Salvador,Bicicleta,1854195,37.7,53.4,27.1,15203.35,6.52,Baixo
2021,7,2021-07-01,Nordeste,BA,Feira de Santana,Bicicleta,116134,84.7,77.9,31.6,13883.95,7.3,Crítico
2021,7,2021-07-01,Nordeste,PE,Recife,VLT,1928369,28.5,96.6,23.5,19535.53,4.51,Baixo
2021,7,2021-07-01,Nordeste,PE,Jaboatão dos Guararapes,VLT,889193,34.1,114.6,17.1,43393.18,5.05,Alto
2021,7,2021-07-01,Nordeste,CE,Fortaleza,Trem,150232,21.7,106.5,33.4,17386.24,5.75,Baixo
2021,7,2021-07-01,Nordeste,CE,Juazeiro do Norte,Metrô,710213,46.1,89.8,50.3,20222.67,7.5,Crítico
2021,7,2021-07-01,Nordeste,MA,São Luís,Trem,232489,50.4,87.8,34.1,35584.93,6.52,Baixo
2021,7,2021-07-01,Nordeste,PB,João Pessoa,Trem,1265951,91.0,70.3,17.8,587.09,4.08,Médio
2021,7,2021-07-01,Centro-Oeste,DF,Brasília,Metrô,1380003,91.0,54.0,19.2,41500.79,7.73,Médio
2021,7,2021-07-01,Centro-Oeste,GO,Goiânia,Trem,1342980,67.3,86.3,41.3,45197.89,4.39,Alto
2021,7,2021-07-01,Centro-Oeste,GO,Aparecida de Goiânia,Bicicleta,1724916,94.6,80.5,29.2,389.85,5.0,Baixo
2021,7,2021-07-01,Centro-Oeste,MT,Cuiabá,BRT,1404349,24.3,40.7,31.8,19955.31,4.67,Médio
2021,7,2021-07-01,Centro-Oeste,MS,Campo Grande,Ônibus,1608019,90.4,96.6,17.0,46187.0,7.8,Alto
2021,7,2021-07-01,Sudeste,SP,São Paulo,Bicicleta,1945432,73.1,39.9,54.7,26604.07,3.94,Alto
2021,7,2021-07-01,Sudeste,SP,Campinas,VLT,299151,16.4,39.5,53.3,49337.43,6.61,Baixo
2021,7,2021-07-01,Sudeste,SP,Ribeirão Preto,Trem,197015,41.7,64.5,23.4,26849.5,6.66,Crítico
2021,7,2021-07-01,Sudeste,RJ,Rio de Janeiro,VLT,721237,48.1,76.8,27.9,41586.86,7.42,Baixo
2021,7,2021-07-01,Sudeste,RJ,Niterói,VLT,1467891,23.0,89.8,42.6,15238.54,5.62,Baixo
2021,7,2021-07-01,Sudeste,RJ,Nova Iguaçu,Metrô,1843824,40.6,38.0,33.4,22184.73,7.38,Alto
2021,7,2021-07-01,Sudeste,RJ,Petrópolis,VLT,1068022,92.2,97.8,10.4,24668.28,5.88,Médio
2021,7,2021-07-01,Sudeste,MG,Belo Horizonte,Metrô,1282766,48.0,93.0,47.7,43577.74,5.9,Baixo
2021,7,2021-07-01,Sudeste,MG,Uberlândia,VLT,173467,88.2,115.8,31.7,30064.09,7.12,Médio
2021,7,2021-07-01,Sudeste,MG,Juiz de Fora,Bicicleta,778044,72.1,71.4,36.6,29566.01,6.14,Crítico
2021,7,2021-07-01,Sudeste,ES,Vitória,VLT,1967546,23.1,106.2,21.7,27439.62,4.17,Baixo
2021,7,2021-07-01,Sudeste,ES,Vila Velha,BRT,208095,84.0,56.7,48.7,31487.54,6.73,Baixo
2021,7,2021-07-01,Sudeste,ES,Serra,Metrô,701615,43.2,89.1,18.7,33720.92,5.57,Médio
2021,7,2021-07-01,Sul,PR,Curitiba,Metrô,1906626,48.8,54.3,29.1,15328.22,5.98,Crítico
2021,7,2021-07-01,Sul,PR,Londrina,VLT,444952,89.1,60.2,50.2,19279.23,7.71,Alto
2021,7,2021-07-01,Sul,SC,Florianópolis,Ônibus,373970,59.4,68.8,31.7,37927.79,4.02,Baixo
2021,7,2021-07-01,Sul,SC,Joinville,Metrô,84038,58.9,58.4,53.5,39734.87,7.87,Médio
2021,7,2021-07-01,Sul,RS,Porto Alegre,VLT,1065358,42.6,60.7,20.4,4625.33,6.79,Médio
2021,7,2021-07-01,Sul,RS,Caxias do Sul,Bicicleta,1777545,18.7,65.9,17.5,13047.91,3.64,Baixo
2021,8,2021-08-01,Norte,AM,Manaus,BRT,1330773,46.8,99.8,53.2,1033.27,7.76,Médio
2021,8,2021-08-01,Norte,PA,Belém,Ônibus,838445,33.4,31.6,41.9,10234.21,4.2,Crítico
2021,8,2021-08-01,Norte,PA,Santarém,Trem,135896,84.0,102.2,20.7,26212.59,5.52,Médio
2021,8,2021-08-01,Norte,RO,Porto Velho,VLT,1926927,28.4,101.1,37.9,48624.05,7.05,Crítico
2021,8,2021-08-01,Norte,TO,Palmas,Bicicleta,1684846,33.2,78.8,24.0,18744.54,7.92,Médio
2021,8,2021-08-01,Nordeste,BA,Salvador,BRT,970506,60.2,107.6,52.4,25582.83,5.33,Crítico
2021,8,2021-08-01,Nordeste,BA,Feira de Santana,Bicicleta,1874296,78.0,33.9,8.8,35075.35,4.51,Alto
2021,8,2021-08-01,Nordeste,PE,Recife,Metrô,1746542,86.7,56.6,30.4,4582.36,6.71,Alto
2021,8,2021-08-01,Nordeste,PE,Jaboatão dos Guararapes,Bicicleta,1550466,84.9,86.2,8.9,23374.98,6.8,Crítico
2021,8,2021-08-01,Nordeste,CE,Fortaleza,Trem,828701,47.5,82.6,11.4,40438.15,4.14,Baixo
2021,8,2021-08-01,Nordeste,CE,Juazeiro do Norte,VLT,1255883,18.8,37.6,19.7,18766.78,6.01,Alto
2021,8,2021-08-01,Nordeste,MA,São Luís,VLT,1057025,23.6,110.5,10.8,11129.54,7.61,Médio
2021,8,2021-08-01,Nordeste,PB,João Pessoa,Bicicleta,1897361,50.0,81.1,47.7,38959.69,6.85,Médio
2021,8,2021-08-01,Centro-Oeste,DF,Brasília,Bicicleta,684416,28.8,38.1,15.8,22031.39,6.17,Crítico
2021,8,2021-08-01,Centro-Oeste,GO,Goiânia,BRT,1490080,26.7,85.4,16.9,6334.36,5.03,Alto
2021,8,2021-08-01,Centro-Oeste,GO,Aparecida de Goiânia,BRT,991031,47.0,96.9,15.7,37833.2,3.82,Alto
2021,8,2021-08-01,Centro-Oeste,MT,Cuiabá,Metrô,305719,26.6,46.1,33.4,4159.76,5.24,Médio
2021,8,2021-08-01,Centro-Oeste,MS,Campo Grande,VLT,1670486,73.9,78.5,11.8,2746.34,6.96,Crítico
2021,8,2021-08-01,Sudeste,SP,São Paulo,VLT,172675,64.8,45.8,23.0,39174.64,4.58,Alto
2021,8,2021-08-01,Sudeste,SP,Campinas,Metrô,778892,48.8,100.6,54.3,36943.98,7.02,Médio
2021,8,2021-08-01,Sudeste,SP,Ribeirão Preto,Trem,59293,66.4,23.5,47.1,13467.02,4.95,Crítico
2021,8,2021-08-01,Sudeste,RJ,Rio de Janeiro,Ônibus,1950635,24.8,88.5,24.6,20845.43,6.35,Médio
2021,8,2021-08-01,Sudeste,RJ,Niterói,Ônibus,474252,49.1,117.5,24.1,25642.01,6.67,Alto
2021,8,2021-08-01,Sudeste,RJ,Nova Iguaçu,Ônibus,949087,18.0,72.4,9.7,19010.71,3.5,Baixo
2021,8,2021-08-01,Sudeste,RJ,Petrópolis,BRT,154473,28.7,31.4,41.5,35132.53,3.51,Alto
2021,8,2021-08-01,Sudeste,MG,Belo Horizonte,Bicicleta,1629087,21.5,21.0,29.6,45376.5,3.71,Baixo
2021,8,2021-08-01,Sudeste,MG,Uberlândia,Metrô,1345509,44.3,95.7,48.9,17210.3,4.23,Alto
2021,8,2021-08-01,Sudeste,MG,Juiz de Fora,Trem,894181,36.4,65.9,39.3,44445.83,4.17,Baixo
2021,8,2021-08-01,Sudeste,ES,Vitória,Bicicleta,969271,17.8,22.7,16.8,9882.38,5.88,Baixo
2021,8,2021-08-01,Sudeste,ES,Vila Velha,Trem,370010,62.4,93.5,39.8,45180.74,5.98,Baixo
2021,8,2021-08-01,Sudeste,ES,Serra,Bicicleta,63896,85.8,100.0,54.1,34662.4,5.73,Alto
2021,8,2021-08-01,Sul,PR,Curitiba,Ônibus,1986734,19.5,109.2,35.1,42203.08,4.9,Baixo
2021,8,2021-08-01,Sul,PR,Londrina,Ônibus,1833756,77.5,80.4,53.9,37362.34,6.48,Baixo
2021,8,2021-08-01,Sul,SC,Florianópolis,Bicicleta,78692,92.7,29.1,50.3,8938.01,7.74,Baixo
2021,8,2021-08-01,Sul,SC,Joinville,VLT,604357,24.1,50.9,14.9,30345.74,7.43,Médio
2021,8,2021-08-01,Sul,RS,Porto Alegre,Trem,1259087,22.5,82.0,39.8,48045.0,7.32,Crítico
2021,8,2021-08-01,Sul,RS,Caxias do Sul,Trem,554755,61.4,67.6,26.6,42684.2,7.11,Médio
2021,9,2021-09-01,Norte,AM,Manaus,Metrô,1746547,49.0,89.6,14.4,47560.56,7.12,Baixo
2021,9,2021-09-01,Norte,PA,Belém,Metrô,1743877,90.6,28.0,8.3,47019.51,5.87,Crítico
2021,9,2021-09-01,Norte,PA,Santarém,Metrô,703474,42.4,74.7,9.0,36515.05,6.13,Baixo
2021,9,2021-09-01,Norte,RO,Porto Velho,Bicicleta,1091510,23.5,58.9,37.5,27366.69,4.65,Baixo
2021,9,2021-09-01,Norte,TO,Palmas,VLT,547229,71.0,97.4,32.5,3658.09,7.17,Crítico
2021,9,2021-09-01,Nordeste,BA,Salvador,BRT,1162911,67.6,47.6,33.9,12243.1,6.99,Alto
2021,9,2021-09-01,Nordeste,BA,Feira de Santana,Ônibus,1802929,47.6,97.8,16.1,27979.0,6.31,Alto
2021,9,2021-09-01,Nordeste,PE,Recife,Metrô,655377,18.1,34.9,10.9,30007.63,3.96,Baixo
2021,9,2021-09-01,Nordeste,PE,Jaboatão dos Guararapes,BRT,750170,87.9,105.7,20.8,7129.55,6.59,Crítico
2021,9,2021-09-01,Nordeste,CE,Fortaleza,Bicicleta,1683983,57.5,90.0,37.6,45599.29,5.91,Baixo
2021,9,2021-09-01,Nordeste,CE,Juazeiro do Norte,Trem,1652495,78.6,86.7,41.1,42697.7,5.87,Crítico
2021,9,2021-09-01,Nordeste,MA,São Luís,Metrô,1550953,18.8,23.7,14.1,25398.89,4.08,Crítico
2021,9,2021-09-01,Nordeste,PB,João Pessoa,Trem,706384,56.9,49.7,8.2,22855.66,4.87,Médio
2021,9,2021-09-01,Centro-Oeste,DF,Brasília,Metrô,93365,24.5,103.9,8.3,9718.79,7.38,Alto
2021,9,2021-09-01,Centro-Oeste,GO,Goiânia,Metrô,178581,31.3,82.8,13.4,44555.38,4.65,Médio
2021,9,2021-09-01,Centro-Oeste,GO,Aparecida de Goiânia,Bicicleta,231042,27.9,54.0,20.9,11127.84,6.25,Alto
2021,9,2021-09-01,Centro-Oeste,MT,Cuiabá,Bicicleta,310793,82.5,106.5,18.9,40248.04,7.22,Alto
2021,9,2021-09-01,Centro-Oeste,MS,Campo Grande,Bicicleta,1089425,78.5,118.5,50.1,10135.65,5.89,Médio
2021,9,2021-09-01,Sudeste,SP,São Paulo,Trem,1199884,43.5,35.8,33.0,7806.18,4.52,Crítico
2021,9,2021-09-01,Sudeste,SP,Campinas,Metrô,1330782,90.7,84.3,47.4,6013.68,7.09,Baixo
2021,9,2021-09-01,Sudeste,SP,Ribeirão Preto,VLT,1201525,94.9,33.8,16.7,20284.59,5.64,Crítico
2021,9,2021-09-01,Sudeste,RJ,Rio de Janeiro,Trem,1870641,54.5,22.9,53.1,47426.22,5.3,Baixo
2021,9,2021-09-01,Sudeste,RJ,Niterói,Trem,1146355,74.0,116.2,8.9,48137.33,7.07,Alto
2021,9,2021-09-01,Sudeste,RJ,Nova Iguaçu,Metrô,1921158,26.6,99.0,14.8,37138.86,4.77,Crítico
2021,9,2021-09-01,Sudeste,RJ,Petrópolis,Metrô,1898183,88.5,33.7,19.3,7916.52,5.86,Médio
2021,9,2021-09-01,Sudeste,MG,Belo Horizonte,Ônibus,260796,30.6,26.8,44.1,48237.94,4.51,Baixo
2021,9,2021-09-01,Sudeste,MG,Uberlândia,Ônibus,1057080,72.1,75.5,16.5,15514.03,7.22,Alto
2021,9,2021-09-01,Sudeste,MG,Juiz de Fora,Metrô,1953653,33.6,22.8,8.2,43259.16,6.99,Alto
2021,9,2021-09-01,Sudeste,ES,Vitória,Ônibus,1227697,89.6,114.7,49.9,23393.82,4.5,Médio
2021,9,2021-09-01,Sudeste,ES,Vila Velha,Ônibus,121861,68.0,102.3,40.2,10878.74,6.08,Médio
2021,9,2021-09-01,Sudeste,ES,Serra,VLT,1479253,19.7,20.2,34.7,41744.5,4.0,Médio
2021,9,2021-09-01,Sul,PR,Curitiba,VLT,1960223,22.9,96.1,51.5,21045.76,7.07,Crítico
2021,9,2021-09-01,Sul,PR,Londrina,Ônibus,1358166,55.1,38.7,28.5,19053.01,7.07,Alto
2021,9,2021-09-01,Sul,SC,Florianópolis,Bicicleta,1333458,87.2,35.6,17.0,11434.56,6.04,Médio
2021,9,2021-09-01,Sul,SC,Joinville,Ônibus,379560,26.2,57.2,46.8,9535.1,7.73,Médio
2021,9,2021-09-01,Sul,RS,Porto Alegre,Bicicleta,1000507,18.2,69.3,29.1,39176.33,6.53,Crítico
2021,9,2021-09-01,Sul,RS,Caxias do Sul,Bicicleta,900367,50.9,61.3,29.1,35801.16,6.86,Médio
2021,10,2021-10-01,Norte,AM,Manaus,Ônibus,509239,92.8,90.8,15.3,28978.86,7.46,Alto
2021,10,2021-10-01,Norte,PA,Belém,Ônibus,311161,25.5,77.2,37.4,37696.59,5.37,Alto
2021,10,2021-10-01,Norte,PA,Santarém,BRT,1127193,36.2,31.2,31.2,38043.59,7.09,Baixo
2021,10,2021-10-01,Norte,RO,Porto Velho,VLT,1927446,73.3,39.4,41.4,14649.4,4.05,Alto
2021,10,2021-10-01,Norte,TO,Palmas,Bicicleta,1670799,58.9,116.1,16.3,40694.42,6.49,Baixo
2021,10,2021-10-01,Nordeste,BA,Salvador,Metrô,290813,19.3,95.9,10.3,21279.03,3.81,Alto
2021,10,2021-10-01,Nordeste,BA,Feira de Santana,Ônibus,637785,93.2,67.6,53.1,23166.86,4.99,Médio
2021,10,2021-10-01,Nordeste,PE,Recife,Ônibus,540012,43.8,42.4,13.1,11308.26,3.56,Crítico
2021,10,2021-10-01,Nordeste,PE,Jaboatão dos Guararapes,Bicicleta,1376558,37.1,54.9,19.6,6394.79,7.0,Baixo
2021,10,2021-10-01,Nordeste,CE,Fortaleza,Bicicleta,864404,26.5,72.5,48.9,43481.77,7.44,Baixo
2021,10,2021-10-01,Nordeste,CE,Juazeiro do Norte,VLT,1605938,37.7,116.6,53.8,4570.47,4.78,Crítico
2021,10,2021-10-01,Nordeste,MA,São Luís,Trem,474410,32.5,117.9,26.3,9708.11,4.92,Baixo
2021,10,2021-10-01,Nordeste,PB,João Pessoa,Trem,1483682,83.0,55.7,36.0,3502.48,5.17,Baixo
2021,10,2021-10-01,Centro-Oeste,DF,Brasília,Trem,1367030,60.1,102.6,13.1,37006.02,6.05,Crítico
2021,10,2021-10-01,Centro-Oeste,GO,Goiânia,BRT,1469497,92.9,73.2,47.5,13903.86,4.78,Médio
2021,10,2021-10-01,Centro-Oeste,GO,Aparecida de Goiânia,VLT,1333191,16.0,65.5,40.8,17213.38,4.99,Baixo
2021,10,2021-10-01,Centro-Oeste,MT,Cuiabá,BRT,1071288,26.5,42.1,43.9,7138.39,3.64,Baixo
2021,10,2021-10-01,Centro-Oeste,MS,Campo Grande,Metrô,582127,46.9,81.3,40.7,43984.57,7.68,Crítico
2021,10,2021-10-01,Sudeste,SP,São Paulo,BRT,62635,63.6,24.2,30.2,36123.37,3.83,Médio
2021,10,2021-10-01,Sudeste,SP,Campinas,Bicicleta,1046273,63.7,113.5,17.1,44406.74,7.24,Crítico
2021,10,2021-10-01,Sudeste,SP,Ribeirão Preto,Metrô,1578604,48.6,50.3,37.0,14312.49,5.51,Médio
2021,10,2021-10-01,Sudeste,RJ,Rio de Janeiro,Metrô,177571,76.0,69.1,23.9,27004.38,7.13,Crítico
2021,10,2021-10-01,Sudeste,RJ,Niterói,Trem,1110182,71.3,114.3,51.8,22897.57,4.89,Alto
2021,10,2021-10-01,Sudeste,RJ,Nova Iguaçu,Ônibus,1716385,59.9,28.8,17.4,26170.31,6.54,Alto
2021,10,2021-10-01,Sudeste,RJ,Petrópolis,Ônibus,1605379,64.0,47.1,14.4,14343.47,7.4,Crítico
2021,10,2021-10-01,Sudeste,MG,Belo Horizonte,BRT,146915,35.1,23.6,18.1,25844.01,6.92,Alto
2021,10,2021-10-01,Sudeste,MG,Uberlândia,Ônibus,221145,30.6,107.4,29.3,9584.65,7.14,Crítico
2021,10,2021-10-01,Sudeste,MG,Juiz de Fora,Metrô,792875,22.2,37.1,9.0,40889.78,4.18,Alto
2021,10,2021-10-01,Sudeste,ES,Vitória,BRT,606815,19.3,68.7,38.7,9139.9,3.87,Baixo
2021,10,2021-10-01,Sudeste,ES,Vila Velha,BRT,913670,74.9,40.6,22.3,30581.68,3.82,Baixo
2021,10,2021-10-01,Sudeste,ES,Serra,VLT,1276166,47.5,76.7,23.5,19382.72,3.94,Baixo
2021,10,2021-10-01,Sul,PR,Curitiba,VLT,1028656,32.6,96.2,40.6,47292.58,5.0,Crítico
2021,10,2021-10-01,Sul,PR,Londrina,Bicicleta,1811168,36.5,34.0,22.8,43163.64,4.05,Baixo
2021,10,2021-10-01,Sul,SC,Florianópolis,Trem,870458,50.1,24.6,54.4,48801.65,5.58,Alto
2021,10,2021-10-01,Sul,SC,Joinville,Metrô,1246436,88.8,47.6,21.1,21827.45,7.79,Baixo
2021,10,2021-10-01,Sul,RS,Porto Alegre,Bicicleta,822581,69.7,84.8,34.4,3791.83,7.41,Baixo
2021,10,2021-10-01,Sul,RS,Caxias do Sul,VLT,673008,71.8,39.8,47.7,46896.12,5.31,Baixo
2021,11,2021-11-01,Norte,AM,Manaus,VLT,831235,86.3,95.3,47.3,22172.55,6.68,Baixo
2021,11,2021-11-01,Norte,PA,Belém,BRT,357167,77.6,44.0,32.8,15977.86,4.92,Baixo
2021,11,2021-11-01,Norte,PA,Santarém,Ônibus,1889957,85.6,101.6,47.8,18125.0,3.86,Médio
2021,11,2021-11-01,Norte,RO,Porto Velho,BRT,485874,42.9,106.4,24.4,4362.27,5.6,Alto
2021,11,2021-11-01,Norte,TO,Palmas,Bicicleta,1855141,16.8,30.8,30.5,42598.51,4.56,Crítico
2021,11,2021-11-01,Nordeste,BA,Salvador,Metrô,213361,92.8,39.9,9.4,37803.87,6.04,Alto
2021,11,2021-11-01,Nordeste,BA,Feira de Santana,BRT,144709,69.9,42.0,35.0,49388.53,3.72,Médio
2021,11,2021-11-01,Nordeste,PE,Recife,Bicicleta,1680555,37.9,48.2,32.3,47824.82,5.15,Médio
2021,11,2021-11-01,Nordeste,PE,Jaboatão dos Guararapes,BRT,422887,51.1,113.6,34.1,46697.67,7.41,Médio
2021,11,2021-11-01,Nordeste,CE,Fortaleza,VLT,1871187,72.6,37.4,16.8,18233.89,5.45,Baixo
2021,11,2021-11-01,Nordeste,CE,Juazeiro do Norte,Metrô,564026,47.2,53.9,8.9,12172.11,7.07,Médio
2021,11,2021-11-01,Nordeste,MA,São Luís,Trem,1819093,60.9,23.6,11.0,28574.35,5.69,Alto
2021,11,2021-11-01,Nordeste,PB,João Pessoa,VLT,368771,15.9,110.1,37.5,15526.9,4.23,Médio
2021,11,2021-11-01,Centro-Oeste,DF,Brasília,Ônibus,795394,63.2,69.6,38.9,23735.72,5.8,Alto
2021,11,2021-11-01,Centro-Oeste,GO,Goiânia,Metrô,1555255,64.9,57.9,47.2,828.49,6.91,Médio
2021,11,2021-11-01,Centro-Oeste,GO,Aparecida de Goiânia,Metrô,1258126,91.4,106.2,33.9,28155.49,4.94,Médio
2021,11,2021-11-01,Centro-Oeste,MT,Cuiabá,Bicicleta,713655,69.9,102.9,17.4,24529.97,5.08,Baixo
2021,11,2021-11-01,Centro-Oeste,MS,Campo Grande,BRT,1162524,90.6,119.6,49.6,13936.97,6.05,Alto
2021,11,2021-11-01,Sudeste,SP,São Paulo,VLT,314890,60.3,66.7,13.4,11225.73,4.92,Crítico
2021,11,2021-11-01,Sudeste,SP,Campinas,Trem,350405,65.9,27.3,37.9,38486.88,6.02,Médio
2021,11,2021-11-01,Sudeste,SP,Ribeirão Preto,Bicicleta,272490,42.9,98.6,12.3,10887.63,7.8,Médio
2021,11,2021-11-01,Sudeste,RJ,Rio de Janeiro,Trem,1159909,54.2,55.9,35.4,12481.0,5.94,Alto
2021,11,2021-11-01,Sudeste,RJ,Niterói,Metrô,85078,16.6,44.2,52.2,6644.21,4.25,Baixo
2021,11,2021-11-01,Sudeste,RJ,Nova Iguaçu,Bicicleta,1474646,73.3,52.2,11.8,26791.05,4.11,Baixo
2021,11,2021-11-01,Sudeste,RJ,Petrópolis,Ônibus,932843,71.0,100.9,21.6,21973.33,6.9,Médio
2021,11,2021-11-01,Sudeste,MG,Belo Horizonte,BRT,156491,18.0,104.6,35.2,18115.65,6.73,Alto
2021,11,2021-11-01,Sudeste,MG,Uberlândia,Trem,1483779,45.1,54.6,53.1,32779.73,4.39,Baixo
2021,11,2021-11-01,Sudeste,MG,Juiz de Fora,VLT,1977138,59.5,28.9,54.1,4776.4,4.02,Crítico
2021,11,2021-11-01,Sudeste,ES,Vitória,BRT,924165,38.7,43.0,31.2,24451.59,7.82,Médio
2021,11,2021-11-01,Sudeste,ES,Vila Velha,Trem,563343,50.8,52.6,47.7,326.78,5.12,Crítico
2021,11,2021-11-01,Sudeste,ES,Serra,BRT,874756,27.2,114.2,34.6,6377.69,3.75,Alto
2021,11,2021-11-01,Sul,PR,Curitiba,Bicicleta,288948,56.3,66.0,26.6,320.41,5.85,Crítico
2021,11,2021-11-01,Sul,PR,Londrina,Bicicleta,1663262,44.9,45.5,9.4,42759.53,5.64,Alto
2021,11,2021-11-01,Sul,SC,Florianópolis,VLT,1813325,40.6,88.8,42.6,24346.98,5.01,Médio
2021,11,2021-11-01,Sul,SC,Joinville,Metrô,701951,92.4,63.8,33.6,16651.61,6.94,Baixo
2021,11,2021-11-01,Sul,RS,Porto Alegre,Trem,1553278,82.0,112.5,49.6,6734.09,7.36,Alto
2021,11,2021-11-01,Sul,RS,Caxias do Sul,VLT,925997,88.7,108.8,35.6,34051.36,4.88,Médio
2021,12,2021-12-01,Norte,AM,Manaus,BRT,967994,42.4,103.0,44.6,25998.9,3.56,Médio
2021,12,2021-12-01,Norte,PA,Belém,Metrô,782236,15.7,39.5,47.5,3756.18,6.43,Crítico
2021,12,2021-12-01,Norte,PA,Santarém,Ônibus,870374,40.4,82.3,51.9,22154.73,7.76,Baixo
2021,12,2021-12-01,Norte,RO,Porto Velho,Bicicleta,295669,43.7,98.8,10.9,10458.42,8.0,Crítico
2021,12,2021-12-01,Norte,TO,Palmas,Ônibus,743921,59.6,25.3,12.0,42342.67,5.86,Médio
2021,12,2021-12-01,Nordeste,BA,Salvador,Trem,851197,72.0,20.4,42.1,36284.03,7.06,Médio
2021,12,2021-12-01,Nordeste,BA,Feira de Santana,Ônibus,1379359,21.8,35.6,38.4,34077.27,6.66,Alto
2021,12,2021-12-01,Nordeste,PE,Recife,VLT,689351,81.1,68.0,21.9,16067.63,7.2,Médio
2021,12,2021-12-01,Nordeste,PE,Jaboatão dos Guararapes,Trem,493920,71.8,44.8,9.5,11027.2,5.21,Baixo
2021,12,2021-12-01,Nordeste,CE,Fortaleza,Trem,1287197,85.1,77.1,53.4,21629.52,4.94,Alto
2021,12,2021-12-01,Nordeste,CE,Juazeiro do Norte,BRT,715661,35.6,64.5,39.7,46850.13,5.98,Alto
2021,12,2021-12-01,Nordeste,MA,São Luís,Bicicleta,1199101,85.2,67.8,43.0,16152.76,5.94,Baixo
2021,12,2021-12-01,Nordeste,PB,João Pessoa,VLT,62647,16.3,25.1,44.3,22553.15,7.35,Médio
2021,12,2021-12-01,Centro-Oeste,DF,Brasília,Ônibus,80173,46.1,50.8,46.3,29839.04,7.42,Crítico
2021,12,2021-12-01,Centro-Oeste,GO,Goiânia,Ônibus,595668,68.2,31.9,37.9,4782.79,6.68,Alto
2021,12,2021-12-01,Centro-Oeste,GO,Aparecida de Goiânia,VLT,308817,31.9,21.2,18.1,25622.79,6.64,Médio
2021,12,2021-12-01,Centro-Oeste,MT,Cuiabá,Metrô,334231,84.9,72.2,26.0,10065.16,5.48,Alto
2021,12,2021-12-01,Centro-Oeste,MS,Campo Grande,Bicicleta,499498,38.1,73.5,22.6,16470.9,7.05,Crítico
2021,12,2021-12-01,Sudeste,SP,São Paulo,Trem,1617521,36.2,118.7,26.1,1309.64,5.86,Crítico
2021,12,2021-12-01,Sudeste,SP,Campinas,Trem,1773852,30.9,32.4,47.1,34871.13,7.69,Médio
2021,12,2021-12-01,Sudeste,SP,Ribeirão Preto,Metrô,858572,31.6,83.3,15.1,30392.48,3.77,Crítico
2021,12,2021-12-01,Sudeste,RJ,Rio de Janeiro,Metrô,667809,58.2,72.5,17.4,10420.3,5.27,Baixo
2021,12,2021-12-01,Sudeste,RJ,Niterói,Ônibus,714930,90.4,26.3,43.9,19805.04,6.19,Médio
2021,12,2021-12-01,Sudeste,RJ,Nova Iguaçu,BRT,973379,26.7,82.6,54.5,19528.3,5.74,Baixo
2021,12,2021-12-01,Sudeste,RJ,Petrópolis,VLT,1956524,59.4,100.5,31.5,46552.11,3.57,Médio
2021,12,2021-12-01,Sudeste,MG,Belo Horizonte,BRT,1610801,48.4,75.8,15.5,37091.86,3.62,Alto
2021,12,2021-12-01,Sudeste,MG,Uberlândia,VLT,1665765,85.6,101.1,27.1,5936.9,7.87,Crítico
2021,12,2021-12-01,Sudeste,MG,Juiz de Fora,Metrô,905799,62.0,84.1,8.2,16734.15,5.81,Baixo
2021,12,2021-12-01,Sudeste,ES,Vitória,BRT,1943695,15.8,101.4,21.4,38110.26,4.0,Médio
2021,12,2021-12-01,Sudeste,ES,Vila Velha,Metrô,1620525,37.7,66.8,38.3,45969.48,3.64,Baixo
2021,12,2021-12-01,Sudeste,ES,Serra,BRT,41459,19.8,87.3,22.7,28212.79,7.2,Alto
2021,12,2021-12-01,Sul,PR,Curitiba,Ônibus,48355,24.4,119.9,44.1,14934.18,6.36,Baixo
2021,12,2021-12-01,Sul,PR,Londrina,Bicicleta,590856,77.3,100.9,12.2,14428.77,4.11,Médio
2021,12,2021-12-01,Sul,SC,Florianópolis,VLT,1603587,72.2,119.2,25.9,13623.27,7.26,Alto
2021,12,2021-12-01,Sul,SC,Joinville,Bicicleta,811756,86.1,116.8,51.1,33629.2,6.46,Médio
2021,12,2021-12-01,Sul,RS,Porto Alegre,Bicicleta,1112836,37.1,119.8,38.3,36750.12,7.46,Baixo
2021,12,2021-12-01,Sul,RS,Caxias do Sul,Trem,394725,91.1,28.3,14.3,26872.59,4.72,Médio
2022,1,2022-01-01,Norte,AM,Manaus,Trem,1013462,16.5,49.1,33.2,43360.34,5.98,Baixo
2022,1,2022-01-01,Norte,PA,Belém,VLT,1854686,44.4,38.9,36.2,1005.03,4.82,Crítico
2022,1,2022-01-01,Norte,PA,Santarém,Bicicleta,986128,23.1,107.0,28.7,5375.73,4.0,Baixo
2022,1,2022-01-01,Norte,RO,Porto Velho,Trem,562937,61.4,63.0,17.8,8257.9,6.01,Crítico
2022,1,2022-01-01,Norte,TO,Palmas,VLT,1772115,52.5,100.0,33.0,2308.66,3.53,Médio
2022,1,2022-01-01,Nordeste,BA,Salvador,Bicicleta,1983968,70.4,77.3,53.5,5608.31,3.94,Alto
2022,1,2022-01-01,Nordeste,BA,Feira de Santana,VLT,197178,36.7,94.6,30.1,14932.53,7.83,Médio
2022,1,2022-01-01,Nordeste,PE,Recife,Metrô,1994969,51.8,87.6,40.6,14308.02,4.35,Médio
2022,1,2022-01-01,Nordeste,PE,Jaboatão dos Guararapes,Trem,326294,48.0,58.3,12.3,49131.72,7.75,Alto
2022,1,2022-01-01,Nordeste,CE,Fortaleza,VLT,277039,46.4,116.1,19.0,41326.18,4.87,Baixo
2022,1,2022-01-01,Nordeste,CE,Juazeiro do Norte,Trem,996953,33.4,33.7,16.0,34621.72,4.42,Alto
2022,1,2022-01-01,Nordeste,MA,São Luís,Metrô,642301,70.1,57.2,52.7,47347.26,5.5,Crítico
2022,1,2022-01-01,Nordeste,PB,João Pessoa,Trem,319431,51.1,98.0,18.4,16600.39,6.51,Médio
2022,1,2022-01-01,Centro-Oeste,DF,Brasília,Bicicleta,1088677,35.1,63.0,53.0,596.87,6.21,Médio
2022,1,2022-01-01,Centro-Oeste,GO,Goiânia,Trem,557298,46.0,41.2,31.3,5026.37,4.27,Médio
2022,1,2022-01-01,Centro-Oeste,GO,Aparecida de Goiânia,VLT,1732351,31.4,60.2,53.0,9275.42,4.96,Médio
2022,1,2022-01-01,Centro-Oeste,MT,Cuiabá,BRT,1848275,51.8,50.2,32.7,41440.85,6.1,Crítico
2022,1,2022-01-01,Centro-Oeste,MS,Campo Grande,Metrô,1889976,86.1,41.5,27.4,14035.91,5.76,Médio
2022,1,2022-01-01,Sudeste,SP,São Paulo,Trem,140205,45.8,98.9,9.8,42772.74,3.8,Médio
2022,1,2022-01-01,Sudeste,SP,Campinas,BRT,793557,54.7,91.1,24.7,33935.12,5.15,Crítico
2022,1,2022-01-01,Sudeste,SP,Ribeirão Preto,Bicicleta,1791028,23.8,23.5,35.2,25931.48,6.89,Baixo
2022,1,2022-01-01,Sudeste,RJ,Rio de Janeiro,Metrô,804576,26.0,104.7,22.1,19085.06,6.44,Baixo
2022,1,2022-01-01,Sudeste,RJ,Niterói,Trem,437490,82.9,85.8,33.7,4344.33,7.7,Médio
2022,1,2022-01-01,Sudeste,RJ,Nova Iguaçu,Trem,1731167,40.3,115.2,32.0,9062.55,7.17,Médio
2022,1,2022-01-01,Sudeste,RJ,Petrópolis,Ônibus,959952,80.1,46.5,33.4,7087.45,6.57,Médio
2022,1,2022-01-01,Sudeste,MG,Belo Horizonte,Ônibus,1499271,26.8,99.9,37.2,39477.85,5.66,Crítico
2022,1,2022-01-01,Sudeste,MG,Uberlândia,Ônibus,1704744,40.0,30.8,33.0,564.69,7.99,Médio
2022,1,2022-01-01,Sudeste,MG,Juiz de Fora,Trem,140378,16.4,62.2,24.4,1589.33,7.57,Crítico
2022,1,2022-01-01,Sudeste,ES,Vitória,Trem,1195262,65.5,82.5,11.4,21000.71,7.27,Crítico
2022,1,2022-01-01,Sudeste,ES,Vila Velha,VLT,940850,38.9,30.5,27.1,43429.46,5.5,Alto
2022,1,2022-01-01,Sudeste,ES,Serra,BRT,1634914,34.7,101.9,23.4,18008.84,5.27,Baixo
2022,1,2022-01-01,Sul,PR,Curitiba,BRT,1755600,65.2,44.2,16.6,15930.36,7.66,Crítico
2022,1,2022-01-01,Sul,PR,Londrina,BRT,579983,87.4,93.6,33.2,26332.17,7.61,Baixo
2022,1,2022-01-01,Sul,SC,Florianópolis,BRT,835440,46.4,73.5,50.7,2628.64,6.03,Baixo
2022,1,2022-01-01,Sul,SC,Joinville,Metrô,1378215,78.7,50.2,28.7,41070.11,6.35,Crítico
2022,1,2022-01-01,Sul,RS,Porto Alegre,Trem,1891909,51.4,88.5,45.2,22696.64,5.17,Alto
2022,1,2022-01-01,Sul,RS,Caxias do Sul,Metrô,238221,69.2,35.2,50.5,43196.35,4.84,Médio
2022,2,2022-02-01,Norte,AM,Manaus,Bicicleta,1988793,16.7,117.7,8.8,14898.02,4.69,Crítico
2022,2,2022-02-01,Norte,PA,Belém,Trem,1522207,67.4,101.6,17.4,43979.91,7.5,Médio
2022,2,2022-02-01,Norte,PA,Santarém,VLT,908220,84.3,56.7,31.7,46034.65,3.59,Médio
2022,2,2022-02-01,Norte,RO,Porto Velho,Trem,596223,21.3,22.3,23.7,33568.86,7.48,Alto
2022,2,2022-02-01,Norte,TO,Palmas,Trem,69100,32.7,30.7,12.6,10991.65,3.54,Baixo
2022,2,2022-02-01,Nordeste,BA,Salvador,VLT,498295,69.3,76.6,39.1,46551.65,7.23,Alto
2022,2,2022-02-01,Nordeste,BA,Feira de Santana,Trem,690472,85.8,71.0,29.1,6635.79,4.96,Médio
2022,2,2022-02-01,Nordeste,PE,Recife,Metrô,839116,40.8,93.1,38.2,6157.27,5.38,Médio
2022,2,2022-02-01,Nordeste,PE,Jaboatão dos Guararapes,Bicicleta,1195290,79.6,45.4,9.0,17542.22,6.04,Baixo
2022,2,2022-02-01,Nordeste,CE,Fortaleza,Metrô,896171,89.7,40.4,23.1,39540.63,7.73,Crítico
2022,2,2022-02-01,Nordeste,CE,Juazeiro do Norte,Ônibus,1940009,91.5,34.7,31.1,49682.14,7.7,Baixo
2022,2,2022-02-01,Nordeste,MA,São Luís,VLT,233333,21.9,92.4,51.8,14554.62,7.36,Baixo
2022,2,2022-02-01,Nordeste,PB,João Pessoa,VLT,1278706,54.1,107.3,28.1,46918.74,5.82,Baixo
2022,2,2022-02-01,Centro-Oeste,DF,Brasília,Bicicleta,1172537,90.8,105.8,21.1,27268.17,7.14,Baixo
2022,2,2022-02-01,Centro-Oeste,GO,Goiânia,Bicicleta,1431749,26.3,81.1,42.2,5627.11,5.31,Alto
2022,2,2022-02-01,Centro-Oeste,GO,Aparecida de Goiânia,VLT,354910,27.1,91.2,37.6,49794.87,6.29,Alto
2022,2,2022-02-01,Centro-Oeste,MT,Cuiabá,BRT,341284,71.0,38.8,19.7,11949.18,6.15,Alto
2022,2,2022-02-01,Centro-Oeste,MS,Campo Grande,VLT,597074,75.5,57.7,29.0,39848.8,7.68,Médio
2022,2,2022-02-01,Sudeste,SP,São Paulo,Ônibus,269323,74.6,84.4,18.8,24001.87,5.41,Alto
2022,2,2022-02-01,Sudeste,SP,Campinas,BRT,1601543,61.3,36.4,47.6,3091.91,3.57,Baixo
2022,2,2022-02-01,Sudeste,SP,Ribeirão Preto,Trem,1840012,63.0,98.5,15.6,37496.2,6.88,Baixo
2022,2,2022-02-01,Sudeste,RJ,Rio de Janeiro,Bicicleta,339373,85.4,99.4,24.9,39879.27,6.2,Médio
2022,2,2022-02-01,Sudeste,RJ,Niterói,Trem,1928895,53.8,110.0,46.2,49982.87,4.13,Médio
2022,2,2022-02-01,Sudeste,RJ,Nova Iguaçu,VLT,1769524,71.8,100.0,20.3,42189.08,6.34,Baixo
2022,2,2022-02-01,Sudeste,RJ,Petrópolis,BRT,345380,61.3,73.8,40.2,42113.68,7.99,Baixo
2022,2,2022-02-01,Sudeste,MG,Belo Horizonte,Trem,811678,94.9,85.8,10.2,16362.63,6.43,Médio
2022,2,2022-02-01,Sudeste,MG,Uberlândia,Metrô,1570008,71.7,23.1,26.1,35991.85,7.6,Crítico
2022,2,2022-02-01,Sudeste,MG,Juiz de Fora,Trem,25442,69.6,96.7,37.4,5590.58,7.14,Crítico
2022,2,2022-02-01,Sudeste,ES,Vitória,Trem,25700,76.1,94.1,36.4,37219.14,5.72,Alto
2022,2,2022-02-01,Sudeste,ES,Vila Velha,VLT,1089309,18.0,112.3,52.3,3417.86,3.74,Alto
2022,2,2022-02-01,Sudeste,ES,Serra,Metrô,915692,55.8,42.4,51.4,13289.86,4.16,Crítico
2022,2,2022-02-01,Sul,PR,Curitiba,Bicicleta,645526,28.4,70.5,9.8,14919.32,3.7,Alto
2022,2,2022-02-01,Sul,PR,Londrina,VLT,453412,70.0,97.7,23.3,37613.22,6.27,Médio
2022,2,2022-02-01,Sul,SC,Florianópolis,VLT,741997,48.0,83.4,43.5,14237.34,5.65,Alto
2022,2,2022-02-01,Sul,SC,Joinville,Metrô,180510,48.9,51.5,12.0,25923.8,3.8,Crítico
2022,2,2022-02-01,Sul,RS,Porto Alegre,Trem,650556,57.2,111.3,40.9,26273.47,7.11,Alto
2022,2,2022-02-01,Sul,RS,Caxias do Sul,Metrô,1821671,27.4,36.5,20.7,19652.19,7.63,Médio
2022,3,2022-03-01,Norte,AM,Manaus,Ônibus,397695,23.5,24.9,49.6,37887.24,5.47,Crítico
2022,3,2022-03-01,Norte,PA,Belém,Ônibus,1004317,38.5,72.0,44.0,10692.74,3.7,Baixo
2022,3,2022-03-01,Norte,PA,Santarém,VLT,1029617,74.3,50.8,24.8,29750.21,3.58,Alto
2022,3,2022-03-01,Norte,RO,Porto Velho,Metrô,272306,54.8,89.4,41.9,34247.12,7.27,Alto
2022,3,2022-03-01,Norte,TO,Palmas,Trem,801220,19.6,27.6,19.0,12040.4,5.78,Alto
2022,3,2022-03-01,Nordeste,BA,Salvador,Trem,763054,20.4,45.5,50.7,22205.65,3.64,Crítico
2022,3,2022-03-01,Nordeste,BA,Feira de Santana,Trem,1979075,25.0,38.7,43.6,22100.44,6.8,Médio
2022,3,2022-03-01,Nordeste,PE,Recife,BRT,154846,51.1,29.9,33.2,8724.41,5.45,Alto
2022,3,2022-03-01,Nordeste,PE,Jaboatão dos Guararapes,Trem,553112,30.1,92.6,40.6,35175.93,5.83,Médio
2022,3,2022-03-01,Nordeste,CE,Fortaleza,Metrô,741410,19.1,91.7,33.7,36418.07,6.09,Baixo
2022,3,2022-03-01,Nordeste,CE,Juazeiro do Norte,Trem,319335,17.3,54.2,51.3,49399.81,4.23,Baixo
2022,3,2022-03-01,Nordeste,MA,São Luís,Ônibus,178611,70.9,38.1,28.8,23413.68,7.67,Alto
2022,3,2022-03-01,Nordeste,PB,João Pessoa,VLT,151321,15.7,71.1,35.7,32421.05,6.77,Crítico
2022,3,2022-03-01,Centro-Oeste,DF,Brasília,Bicicleta,1587112,34.1,41.2,26.3,7097.54,4.2,Baixo
2022,3,2022-03-01,Centro-Oeste,GO,Goiânia,Trem,548386,43.3,38.6,22.3,32151.79,6.72,Alto
2022,3,2022-03-01,Centro-Oeste,GO,Aparecida de Goiânia,BRT,647809,84.0,42.0,33.7,23667.3,7.98,Médio
2022,3,2022-03-01,Centro-Oeste,MT,Cuiabá,Metrô,303023,51.0,47.0,12.7,15820.72,7.33,Médio
2022,3,2022-03-01,Centro-Oeste,MS,Campo Grande,Bicicleta,500142,85.8,55.1,36.2,24560.09,6.69,Crítico
2022,3,2022-03-01,Sudeste,SP,São Paulo,Trem,1809000,26.5,113.7,9.2,49169.25,3.83,Crítico
2022,3,2022-03-01,Sudeste,SP,Campinas,Ônibus,1865428,76.3,44.3,14.2,42601.37,4.89,Alto
2022,3,2022-03-01,Sudeste,SP,Ribeirão Preto,VLT,899249,76.2,60.6,16.3,24595.21,5.53,Crítico
2022,3,2022-03-01,Sudeste,RJ,Rio de Janeiro,BRT,1984479,76.5,63.4,32.9,25469.72,6.43,Crítico
2022,3,2022-03-01,Sudeste,RJ,Niterói,VLT,767226,37.2,84.3,52.7,44401.96,6.1,Crítico
2022,3,2022-03-01,Sudeste,RJ,Nova Iguaçu,BRT,987752,23.1,86.3,17.4,19360.41,6.81,Baixo
2022,3,2022-03-01,Sudeste,RJ,Petrópolis,BRT,26692,76.2,106.2,48.8,21888.59,7.46,Médio
2022,3,2022-03-01,Sudeste,MG,Belo Horizonte,Metrô,1632865,39.0,119.8,54.4,35747.15,4.75,Crítico
2022,3,2022-03-01,Sudeste,MG,Uberlândia,Ônibus,797757,25.2,115.5,33.0,29747.76,7.05,Alto
2022,3,2022-03-01,Sudeste,MG,Juiz de Fora,VLT,342647,77.4,21.9,49.6,9472.36,5.22,Baixo
2022,3,2022-03-01,Sudeste,ES,Vitória,Trem,708718,65.1,117.5,21.4,2734.65,6.07,Alto
2022,3,2022-03-01,Sudeste,ES,Vila Velha,Metrô,366273,47.1,80.0,23.5,48833.97,3.51,Crítico
2022,3,2022-03-01,Sudeste,ES,Serra,Ônibus,1061411,54.2,112.4,10.3,39588.23,5.69,Crítico
2022,3,2022-03-01,Sul,PR,Curitiba,Trem,1347870,30.3,82.5,9.6,47150.54,4.21,Alto
2022,3,2022-03-01,Sul,PR,Londrina,Trem,1405099,46.3,31.7,28.3,16765.2,7.84,Alto
2022,3,2022-03-01,Sul,SC,Florianópolis,BRT,1239295,59.6,50.3,34.1,35381.44,7.7,Baixo
2022,3,2022-03-01,Sul,SC,Joinville,VLT,1594070,46.2,45.7,46.6,4802.19,4.73,Baixo
2022,3,2022-03-01,Sul,RS,Porto Alegre,Ônibus,1110048,35.7,84.5,15.0,27226.98,4.75,Médio
2022,3,2022-03-01,Sul,RS,Caxias do Sul,Metrô,103817,16.0,48.7,48.2,31177.49,7.21,Baixo
2022,4,2022-04-01,Norte,AM,Manaus,Bicicleta,921148,17.4,111.5,19.9,16485.07,7.59,Médio
2022,4,2022-04-01,Norte,PA,Belém,Trem,1333415,93.9,61.9,32.5,30719.02,5.06,Médio
2022,4,2022-04-01,Norte,PA,Santarém,Ônibus,275329,78.7,37.3,28.4,43392.04,3.65,Baixo
2022,4,2022-04-01,Norte,RO,Porto Velho,Trem,1348772,46.1,74.0,29.1,49662.8,4.58,Baixo
2022,4,2022-04-01,Norte,TO,Palmas,BRT,1931603,74.0,59.6,12.4,14920.69,6.98,Médio
2022,4,2022-04-01,Nordeste,BA,Salvador,Trem,1562601,77.0,89.1,35.5,15153.74,7.58,Baixo
2022,4,2022-04-01,Nordeste,BA,Feira de Santana,BRT,1375950,24.3,65.6,30.6,42194.71,3.54,Alto
2022,4,2022-04-01,Nordeste,PE,Recife,VLT,79727,60.9,39.2,42.7,38652.93,7.43,Alto
2022,4,2022-04-01,Nordeste,PE,Jaboatão dos Guararapes,Ônibus,53927,86.1,24.1,31.8,45691.1,5.08,Alto
2022,4,2022-04-01,Nordeste,CE,Fortaleza,BRT,311505,30.9,102.0,34.5,24223.43,4.13,Crítico
2022,4,2022-04-01,Nordeste,CE,Juazeiro do Norte,BRT,130830,37.8,117.0,46.0,5296.12,4.19,Alto
2022,4,2022-04-01,Nordeste,MA,São Luís,Trem,1589605,62.7,83.6,15.9,32719.14,7.61,Médio
2022,4,2022-04-01,Nordeste,PB,João Pessoa,Metrô,1052124,70.9,107.6,30.9,17339.98,5.55,Alto
2022,4,2022-04-01,Centro-Oeste,DF,Brasília,Bicicleta,1381881,36.1,39.1,49.9,3411.94,7.6,Crítico
2022,4,2022-04-01,Centro-Oeste,GO,Goiânia,BRT,1033817,45.1,36.5,50.1,17697.6,3.62,Baixo
2022,4,2022-04-01,Centro-Oeste,GO,Aparecida de Goiânia,BRT,1223365,63.5,44.2,44.3,12296.29,6.84,Alto
2022,4,2022-04-01,Centro-Oeste,MT,Cuiabá,Bicicleta,1587630,33.6,37.7,51.3,14782.32,4.45,Crítico
2022,4,2022-04-01,Centro-Oeste,MS,Campo Grande,Metrô,937710,83.4,66.1,44.1,19177.4,6.15,Baixo
2022,4,2022-04-01,Sudeste,SP,São Paulo,Bicicleta,1891088,17.0,33.2,29.2,25759.18,7.59,Baixo
2022,4,2022-04-01,Sudeste,SP,Campinas,Ônibus,603205,63.7,25.8,10.5,8367.74,4.31,Alto
2022,4,2022-04-01,Sudeste,SP,Ribeirão Preto,Trem,1352655,71.4,65.6,31.5,9650.64,3.65,Médio
2022,4,2022-04-01,Sudeste,RJ,Rio de Janeiro,BRT,1150157,16.3,60.2,28.7,44292.03,7.47,Médio
2022,4,2022-04-01,Sudeste,RJ,Niterói,Metrô,183520,39.2,55.6,52.9,32041.41,4.62,Médio
2022,4,2022-04-01,Sudeste,RJ,Nova Iguaçu,VLT,263441,34.7,54.0,47.9,21206.88,4.84,Crítico
2022,4,2022-04-01,Sudeste,RJ,Petrópolis,Metrô,1199650,67.3,38.9,32.4,32195.12,5.71,Baixo
2022,4,2022-04-01,Sudeste,MG,Belo Horizonte,BRT,295491,20.7,81.6,46.0,32679.57,7.14,Baixo
2022,4,2022-04-01,Sudeste,MG,Uberlândia,Bicicleta,684252,61.5,68.7,16.9,31080.35,7.21,Médio
2022,4,2022-04-01,Sudeste,MG,Juiz de Fora,Bicicleta,1473062,79.7,88.7,54.7,11458.32,4.89,Alto
2022,4,2022-04-01,Sudeste,ES,Vitória,Trem,493942,84.4,55.0,43.7,28517.53,4.01,Crítico
2022,4,2022-04-01,Sudeste,ES,Vila Velha,Trem,693397,28.0,78.8,30.3,1141.35,6.54,Médio
2022,4,2022-04-01,Sudeste,ES,Serra,Trem,1200303,31.0,48.1,37.7,20216.2,7.74,Crítico
2022,4,2022-04-01,Sul,PR,Curitiba,Metrô,1782825,60.3,82.5,49.7,36528.58,5.11,Crítico
2022,4,2022-04-01,Sul,PR,Londrina,VLT,309822,26.1,24.8,20.4,42165.33,5.36,Crítico
2022,4,2022-04-01,Sul,SC,Florianópolis,VLT,15435,83.1,70.0,49.7,22864.85,7.81,Médio
2022,4,2022-04-01,Sul,SC,Joinville,Trem,48809,38.5,39.0,44.9,44096.87,7.86,Baixo
2022,4,2022-04-01,Sul,RS,Porto Alegre,Trem,1113231,19.0,69.7,15.1,39979.87,6.89,Crítico
2022,4,2022-04-01,Sul,RS,Caxias do Sul,BRT,1609669,80.6,97.1,34.2,21535.53,7.04,Médio
2022,5,2022-05-01,Norte,AM,Manaus,Metrô,925216,55.2,35.3,19.2,41595.45,7.28,Baixo
2022,5,2022-05-01,Norte,PA,Belém,Ônibus,1745408,17.6,52.9,47.7,10204.32,7.55,Médio
2022,5,2022-05-01,Norte,PA,Santarém,Bicicleta,683668,20.5,78.8,48.5,20891.95,6.98,Médio
2022,5,2022-05-01,Norte,RO,Porto Velho,Trem,1049950,76.7,54.0,11.8,8506.93,4.8,Alto
2022,5,2022-05-01,Norte,TO,Palmas,VLT,1299330,78.6,48.7,50.4,38046.24,4.33,Baixo
2022,5,2022-05-01,Nordeste,BA,Salvador,Bicicleta,392396,59.9,36.8,11.9,17021.01,4.57,Alto
2022,5,2022-05-01,Nordeste,BA,Feira de Santana,Ônibus,565191,29.8,119.2,29.0,47216.05,4.54,Médio
2022,5,2022-05-01,Nordeste,PE,Recife,Metrô,1686332,29.5,110.0,33.7,45557.13,6.89,Baixo
2022,5,2022-05-01,Nordeste,PE,Jaboatão dos Guararapes,Metrô,1424370,90.8,75.9,39.2,2107.56,4.21,Alto
2022,5,2022-05-01,Nordeste,CE,Fortaleza,Metrô,1180451,23.6,89.6,11.9,44548.75,6.92,Baixo
2022,5,2022-05-01,Nordeste,CE,Juazeiro do Norte,Bicicleta,1433652,43.5,51.8,19.9,10476.88,5.07,Médio
2022,5,2022-05-01,Nordeste,MA,São Luís,Bicicleta,1522742,60.9,109.4,17.3,1728.51,4.46,Crítico
2022,5,2022-05-01,Nordeste,PB,João Pessoa,Metrô,923947,49.4,63.6,37.8,40929.6,7.68,Médio
2022,5,2022-05-01,Centro-Oeste,DF,Brasília,Ônibus,1507824,62.5,33.1,32.4,2080.16,4.34,Médio
2022,5,2022-05-01,Centro-Oeste,GO,Goiânia,Ônibus,1187015,42.6,41.6,51.7,39878.96,4.4,Alto
2022,5,2022-05-01,Centro-Oeste,GO,Aparecida de Goiânia,VLT,371433,64.5,35.0,34.0,20095.0,4.27,Alto
2022,5,2022-05-01,Centro-Oeste,MT,Cuiabá,Metrô,1753468,92.1,105.7,46.4,11422.86,5.49,Crítico
2022,5,2022-05-01,Centro-Oeste,MS,Campo Grande,BRT,561372,53.0,42.1,19.8,3557.88,6.72,Crítico
2022,5,2022-05-01,Sudeste,SP,São Paulo,Metrô,1032134,87.4,48.5,32.4,40632.45,7.24,Alto
2022,5,2022-05-01,Sudeste,SP,Campinas,Trem,1645845,83.3,65.0,18.8,9489.05,6.75,Crítico
2022,5,2022-05-01,Sudeste,SP,Ribeirão Preto,Bicicleta,1367090,48.9,45.9,16.0,46533.51,4.06,Médio
2022,5,2022-05-01,Sudeste,RJ,Rio de Janeiro,Trem,719009,64.3,108.8,43.9,19928.7,3.99,Baixo
2022,5,2022-05-01,Sudeste,RJ,Niterói,Trem,1998143,43.8,82.1,12.8,27628.41,5.39,Alto
2022,5,2022-05-01,Sudeste,RJ,Nova Iguaçu,BRT,1876179,87.4,59.8,27.9,15982.48,4.31,Baixo
2022,5,2022-05-01,Sudeste,RJ,Petrópolis,BRT,1418373,88.5,99.1,8.5,38743.66,6.57,Alto
2022,5,2022-05-01,Sudeste,MG,Belo Horizonte,BRT,1102247,21.5,98.8,20.9,29445.2,4.24,Baixo
2022,5,2022-05-01,Sudeste,MG,Uberlândia,Ônibus,1459227,56.6,39.2,13.0,19630.35,4.06,Médio
2022,5,2022-05-01,Sudeste,MG,Juiz de Fora,Metrô,1095622,66.9,75.6,20.8,16979.92,5.54,Médio
2022,5,2022-05-01,Sudeste,ES,Vitória,BRT,1592443,70.8,105.3,43.6,6182.66,4.76,Crítico
2022,5,2022-05-01,Sudeste,ES,Vila Velha,VLT,753491,32.3,77.2,42.1,41001.94,5.53,Médio
2022,5,2022-05-01,Sudeste,ES,Serra,BRT,1001730,71.3,103.1,39.3,15857.33,4.37,Médio
2022,5,2022-05-01,Sul,PR,Curitiba,Bicicleta,220706,42.0,69.8,39.3,10887.72,6.83,Alto
2022,5,2022-05-01,Sul,PR,Londrina,Metrô,838534,71.7,119.6,23.6,11751.97,5.68,Médio
2022,5,2022-05-01,Sul,SC,Florianópolis,Trem,1520383,85.9,33.3,20.5,40885.84,6.51,Baixo
2022,5,2022-05-01,Sul,SC,Joinville,Trem,971726,20.7,101.8,22.8,10860.85,6.74,Baixo
2022,5,2022-05-01,Sul,RS,Porto Alegre,VLT,1361542,70.9,79.1,14.8,6259.78,6.07,Alto
2022,5,2022-05-01,Sul,RS,Caxias do Sul,BRT,83985,37.6,52.3,54.3,12413.39,6.4,Baixo
2022,6,2022-06-01,Norte,AM,Manaus,Metrô,786006,16.4,109.5,46.8,49905.23,7.49,Médio
2022,6,2022-06-01,Norte,PA,Belém,BRT,1837508,88.8,68.5,39.5,41438.86,6.2,Baixo
2022,6,2022-06-01,Norte,PA,Santarém,Bicicleta,1905770,19.1,38.4,27.1,11094.94,6.02,Baixo
2022,6,2022-06-01,Norte,RO,Porto Velho,Metrô,1976490,83.0,28.2,25.8,4320.99,7.24,Baixo
2022,6,2022-06-01,Norte,TO,Palmas,Trem,1714800,65.9,51.1,53.9,33192.84,4.92,Crítico
2022,6,2022-06-01,Nordeste,BA,Salvador,Metrô,538637,44.9,35.2,18.6,48897.25,7.38,Médio
2022,6,2022-06-01,Nordeste,BA,Feira de Santana,Trem,272083,38.4,61.6,11.2,43180.34,7.3,Baixo
2022,6,2022-06-01,Nordeste,PE,Recife,VLT,211638,22.3,84.2,9.0,850.95,5.54,Baixo
2022,6,2022-06-01,Nordeste,PE,Jaboatão dos Guararapes,Trem,308688,53.8,58.4,36.7,27535.57,5.79,Alto
2022,6,2022-06-01,Nordeste,CE,Fortaleza,Trem,537842,80.3,66.7,12.1,27712.94,4.75,Baixo
2022,6,2022-06-01,Nordeste,CE,Juazeiro do Norte,BRT,158830,92.2,79.6,25.1,47146.75,3.67,Baixo
2022,6,2022-06-01,Nordeste,MA,São Luís,VLT,1066603,17.6,63.1,9.0,18144.65,4.8,Baixo
2022,6,2022-06-01,Nordeste,PB,João Pessoa,Metrô,1036770,53.1,54.2,23.1,32311.21,6.73,Médio
2022,6,2022-06-01,Centro-Oeste,DF,Brasília,Metrô,221056,81.1,95.9,33.6,44223.0,6.41,Baixo
2022,6,2022-06-01,Centro-Oeste,GO,Goiânia,Metrô,1896564,73.1,109.4,49.9,4633.93,5.14,Crítico
2022,6,2022-06-01,Centro-Oeste,GO,Aparecida de Goiânia,VLT,1079794,38.9,93.8,45.8,48833.57,6.08,Médio
2022,6,2022-06-01,Centro-Oeste,MT,Cuiabá,BRT,24404,35.3,87.5,54.7,49470.49,5.23,Alto
2022,6,2022-06-01,Centro-Oeste,MS,Campo Grande,Metrô,384274,28.8,99.7,24.0,32898.59,6.94,Médio
2022,6,2022-06-01,Sudeste,SP,São Paulo,Bicicleta,1330827,38.9,79.5,32.3,28736.69,6.67,Alto
2022,6,2022-06-01,Sudeste,SP,Campinas,Metrô,39838,68.4,31.2,35.6,49579.89,5.67,Baixo
2022,6,2022-06-01,Sudeste,SP,Ribeirão Preto,Ônibus,275760,88.7,87.5,8.2,41168.54,7.08,Alto
2022,6,2022-06-01,Sudeste,RJ,Rio de Janeiro,Trem,403750,30.0,82.0,28.5,13357.64,3.8,Baixo
2022,6,2022-06-01,Sudeste,RJ,Niterói,Ônibus,1535838,24.6,68.4,47.1,4361.88,4.44,Médio
2022,6,2022-06-01,Sudeste,RJ,Nova Iguaçu,Bicicleta,273256,69.1,74.7,35.7,20673.95,4.93,Crítico
2022,6,2022-06-01,Sudeste,RJ,Petrópolis,BRT,1770141,71.2,58.9,20.3,47135.63,7.42,Baixo
2022,6,2022-06-01,Sudeste,MG,Belo Horizonte,Bicicleta,276735,61.8,79.5,32.4,17927.41,3.62,Médio
2022,6,2022-06-01,Sudeste,MG,Uberlândia,Ônibus,673144,49.3,49.9,53.0,16572.04,4.3,Médio
2022,6,2022-06-01,Sudeste,MG,Juiz de Fora,Ônibus,70555,17.1,101.2,40.0,40907.81,6.48,Baixo
2022,6,2022-06-01,Sudeste,ES,Vitória,Ônibus,828944,88.4,89.7,47.2,4536.1,6.08,Crítico
2022,6,2022-06-01,Sudeste,ES,Vila Velha,Ônibus,264353,54.5,98.4,54.3,46791.03,5.45,Crítico
2022,6,2022-06-01,Sudeste,ES,Serra,Metrô,257467,37.3,56.5,42.8,34963.29,7.64,Baixo
2022,6,2022-06-01,Sul,PR,Curitiba,BRT,1366315,63.0,100.3,22.8,1701.27,4.15,Médio
2022,6,2022-06-01,Sul,PR,Londrina,Bicicleta,972379,42.9,110.5,40.9,32610.17,4.98,Baixo
2022,6,2022-06-01,Sul,SC,Florianópolis,Trem,1176426,45.9,75.3,34.6,15790.13,5.4,Baixo
2022,6,2022-06-01,Sul,SC,Joinville,Ônibus,1692600,35.1,106.2,53.8,9634.58,7.12,Médio
2022,6,2022-06-01,Sul,RS,Porto Alegre,Metrô,710463,18.9,111.8,53.1,25426.47,5.18,Baixo
2022,6,2022-06-01,Sul,RS,Caxias do Sul,Bicicleta,1417030,81.8,30.4,14.3,2165.44,4.25,Baixo
2022,7,2022-07-01,Norte,AM,Manaus,Bicicleta,771219,59.1,79.9,27.0,3188.23,5.41,Médio
2022,7,2022-07-01,Norte,PA,Belém,Ônibus,1297389,43.2,41.8,48.2,48913.33,7.95,Médio
2022,7,2022-07-01,Norte,PA,Santarém,BRT,1878832,60.7,56.3,49.1,28691.01,4.38,Alto
2022,7,2022-07-01,Norte,RO,Porto Velho,VLT,1008478,65.1,83.9,50.2,13356.7,7.93,Baixo
2022,7,2022-07-01,Norte,TO,Palmas,Metrô,292336,76.3,39.7,35.3,33595.25,5.13,Crítico
2022,7,2022-07-01,Nordeste,BA,Salvador,Trem,1269445,79.7,50.7,43.0,36868.92,6.47,Médio
2022,7,2022-07-01,Nordeste,BA,Feira de Santana,Ônibus,608476,37.9,110.6,39.8,31123.31,5.09,Crítico
2022,7,2022-07-01,Nordeste,PE,Recife,VLT,510360,60.3,29.3,8.8,21040.12,4.57,Crítico
2022,7,2022-07-01,Nordeste,PE,Jaboatão dos Guararapes,Metrô,1048930,94.4,87.2,26.4,1245.42,5.49,Crítico
2022,7,2022-07-01,Nordeste,CE,Fortaleza,VLT,376514,83.7,114.4,24.7,244.37,5.97,Alto
2022,7,2022-07-01,Nordeste,CE,Juazeiro do Norte,BRT,827121,69.6,22.4,23.2,15611.32,3.71,Crítico
2022,7,2022-07-01,Nordeste,MA,São Luís,BRT,896655,62.8,117.8,35.9,27857.09,5.98,Baixo
2022,7,2022-07-01,Nordeste,PB,João Pessoa,Metrô,1365586,38.6,60.3,24.2,41662.23,6.28,Baixo
2022,7,2022-07-01,Centro-Oeste,DF,Brasília,Bicicleta,67238,86.6,88.1,52.7,2794.73,6.37,Médio
2022,7,2022-07-01,Centro-Oeste,GO,Goiânia,Metrô,1445701,69.8,25.2,42.5,44065.99,4.79,Baixo
2022,7,2022-07-01,Centro-Oeste,GO,Aparecida de Goiânia,BRT,1639814,23.6,36.9,48.5,17355.92,4.04,Médio
2022,7,2022-07-01,Centro-Oeste,MT,Cuiabá,Metrô,1090377,25.9,115.6,51.0,11389.41,4.17,Alto
2022,7,2022-07-01,Centro-Oeste,MS,Campo Grande,BRT,1488984,73.8,46.5,39.4,4163.77,7.56,Baixo
2022,7,2022-07-01,Sudeste,SP,São Paulo,Ônibus,59311,59.8,48.5,27.6,19132.45,7.21,Crítico
2022,7,2022-07-01,Sudeste,SP,Campinas,Bicicleta,82348,28.5,23.6,24.3,24739.78,6.67,Alto
2022,7,2022-07-01,Sudeste,SP,Ribeirão Preto,BRT,456339,35.3,66.1,52.3,48775.26,6.37,Alto
2022,7,2022-07-01,Sudeste,RJ,Rio de Janeiro,Trem,359006,30.6,54.8,54.8,19079.32,5.92,Alto
2022,7,2022-07-01,Sudeste,RJ,Niterói,Metrô,1588185,37.0,117.9,52.2,18557.51,5.03,Baixo
2022,7,2022-07-01,Sudeste,RJ,Nova Iguaçu,VLT,1809999,71.2,40.6,19.3,20007.29,4.54,Baixo
2022,7,2022-07-01,Sudeste,RJ,Petrópolis,BRT,521431,47.3,31.4,34.4,46544.13,6.66,Crítico
2022,7,2022-07-01,Sudeste,MG,Belo Horizonte,BRT,1727246,45.4,97.0,17.0,18736.96,4.25,Baixo
2022,7,2022-07-01,Sudeste,MG,Uberlândia,Trem,572162,85.0,55.1,40.4,8153.66,6.12,Médio
2022,7,2022-07-01,Sudeste,MG,Juiz de Fora,Trem,1717040,91.9,31.9,44.1,36590.8,6.24,Baixo
2022,7,2022-07-01,Sudeste,ES,Vitória,Ônibus,1197965,70.0,48.6,54.3,16177.15,4.04,Baixo
2022,7,2022-07-01,Sudeste,ES,Vila Velha,Bicicleta,725141,38.3,37.0,25.3,12360.48,7.49,Crítico
2022,7,2022-07-01,Sudeste,ES,Serra,Trem,1624835,45.1,87.1,20.5,599.34,7.96,Baixo
2022,7,2022-07-01,Sul,PR,Curitiba,Trem,838740,44.1,92.2,14.8,8694.75,3.71,Baixo
2022,7,2022-07-01,Sul,PR,Londrina,Ônibus,1175869,30.1,98.7,40.4,1247.47,4.33,Médio
2022,7,2022-07-01,Sul,SC,Florianópolis,BRT,1373302,94.4,82.4,24.7,32944.92,6.53,Médio
2022,7,2022-07-01,Sul,SC,Joinville,VLT,1709005,54.2,103.3,13.8,36526.35,6.45,Crítico
2022,7,2022-07-01,Sul,RS,Porto Alegre,VLT,1544947,21.5,57.1,10.8,17758.82,5.87,Médio
2022,7,2022-07-01,Sul,RS,Caxias do Sul,VLT,126308,88.5,67.1,43.2,16829.11,3.63,Baixo
2022,8,2022-08-01,Norte,AM,Manaus,Bicicleta,1663416,45.8,66.8,51.2,39731.06,5.52,Crítico
2022,8,2022-08-01,Norte,PA,Belém,Bicicleta,1351766,37.7,27.4,43.8,45352.54,5.24,Alto
2022,8,2022-08-01,Norte,PA,Santarém,VLT,460532,34.4,95.2,45.4,27956.83,5.63,Médio
2022,8,2022-08-01,Norte,RO,Porto Velho,BRT,964211,59.0,109.4,33.5,34467.58,3.57,Baixo
2022,8,2022-08-01,Norte,TO,Palmas,VLT,833411,26.7,115.2,45.3,19423.05,5.13,Crítico
2022,8,2022-08-01,Nordeste,BA,Salvador,VLT,519595,91.2,108.0,20.5,7271.87,3.51,Alto
2022,8,2022-08-01,Nordeste,BA,Feira de Santana,VLT,179505,79.2,34.5,37.1,24334.27,7.4,Médio
2022,8,2022-08-01,Nordeste,PE,Recife,Bicicleta,1062523,57.3,70.6,26.4,2504.67,6.1,Alto
2022,8,2022-08-01,Nordeste,PE,Jaboatão dos Guararapes,Ônibus,1696318,17.7,99.6,17.3,46403.04,7.7,Baixo
2022,8,2022-08-01,Nordeste,CE,Fortaleza,VLT,1490949,44.7,25.1,46.7,25907.86,4.6,Alto
2022,8,2022-08-01,Nordeste,CE,Juazeiro do Norte,Bicicleta,1498684,34.6,117.9,8.7,26120.93,5.31,Crítico
2022,8,2022-08-01,Nordeste,MA,São Luís,Metrô,76421,50.2,45.3,8.0,21725.1,7.04,Baixo
2022,8,2022-08-01,Nordeste,PB,João Pessoa,BRT,1766591,76.7,55.5,50.9,9930.44,5.76,Médio
2022,8,2022-08-01,Centro-Oeste,DF,Brasília,Trem,868781,23.6,23.3,28.1,44396.53,6.4,Baixo
2022,8,2022-08-01,Centro-Oeste,GO,Goiânia,Metrô,81288,19.2,82.2,16.2,18545.05,6.42,Alto
2022,8,2022-08-01,Centro-Oeste,GO,Aparecida de Goiânia,BRT,337638,82.9,105.2,11.6,13606.08,4.13,Médio
2022,8,2022-08-01,Centro-Oeste,MT,Cuiabá,Ônibus,543956,60.0,34.4,53.9,3318.64,3.97,Alto
2022,8,2022-08-01,Centro-Oeste,MS,Campo Grande,Bicicleta,1608513,42.2,95.0,25.5,22895.4,4.17,Crítico
2022,8,2022-08-01,Sudeste,SP,São Paulo,Bicicleta,322722,78.2,82.3,38.6,16511.88,7.31,Crítico
2022,8,2022-08-01,Sudeste,SP,Campinas,BRT,1730882,44.1,111.6,35.1,48586.17,6.91,Baixo
2022,8,2022-08-01,Sudeste,SP,Ribeirão Preto,Ônibus,622314,18.0,106.3,38.3,44613.9,4.78,Crítico
2022,8,2022-08-01,Sudeste,RJ,Rio de Janeiro,Trem,1656162,25.9,30.5,37.2,10996.33,5.68,Baixo
2022,8,2022-08-01,Sudeste,RJ,Niterói,Bicicleta,715823,48.9,108.6,52.4,23480.37,3.77,Médio
2022,8,2022-08-01,Sudeste,RJ,Nova Iguaçu,VLT,596248,73.4,58.0,31.2,49310.46,7.91,Baixo
2022,8,2022-08-01,Sudeste,RJ,Petrópolis,Trem,1712542,92.4,90.8,39.0,31544.66,6.74,Baixo
2022,8,2022-08-01,Sudeste,MG,Belo Horizonte,Bicicleta,763721,40.4,94.1,25.2,21490.48,5.07,Médio
2022,8,2022-08-01,Sudeste,MG,Uberlândia,VLT,1164921,23.5,29.6,23.8,35259.47,6.9,Crítico
2022,8,2022-08-01,Sudeste,MG,Juiz de Fora,Trem,1177101,22.4,114.0,30.0,40127.22,5.91,Médio
2022,8,2022-08-01,Sudeste,ES,Vitória,Trem,1283318,42.0,114.9,50.3,1528.57,3.61,Alto
2022,8,2022-08-01,Sudeste,ES,Vila Velha,Metrô,1981392,49.6,70.4,48.9,16374.59,7.65,Alto
2022,8,2022-08-01,Sudeste,ES,Serra,Bicicleta,839574,20.5,90.7,13.7,14670.28,5.12,Médio
2022,8,2022-08-01,Sul,PR,Curitiba,Metrô,991195,62.6,36.3,29.3,46107.85,5.98,Médio
2022,8,2022-08-01,Sul,PR,Londrina,BRT,353066,23.7,60.0,48.5,572.55,4.56,Alto
2022,8,2022-08-01,Sul,SC,Florianópolis,VLT,355792,91.0,115.2,40.3,3993.06,5.61,Médio
2022,8,2022-08-01,Sul,SC,Joinville,Trem,1111422,49.1,41.9,48.5,23056.31,3.88,Médio
2022,8,2022-08-01,Sul,RS,Porto Alegre,Trem,1467996,19.2,30.3,52.8,27714.27,5.21,Crítico
2022,8,2022-08-01,Sul,RS,Caxias do Sul,Ônibus,1722625,64.8,114.8,13.7,15406.28,5.43,Baixo
2022,9,2022-09-01,Norte,AM,Manaus,BRT,1359910,65.7,30.6,28.0,24776.72,4.38,Crítico
2022,9,2022-09-01,Norte,PA,Belém,Bicicleta,288379,89.5,115.8,27.2,35654.67,7.35,Crítico
2022,9,2022-09-01,Norte,PA,Santarém,Metrô,1941883,18.7,39.1,22.6,24377.41,5.65,Alto
2022,9,2022-09-01,Norte,RO,Porto Velho,Trem,309529,68.6,48.1,36.1,18740.77,5.88,Crítico
2022,9,2022-09-01,Norte,TO,Palmas,Metrô,1975399,77.4,43.1,54.7,16136.14,6.23,Crítico
2022,9,2022-09-01,Nordeste,BA,Salvador,Trem,588621,29.0,76.4,33.9,28233.98,4.61,Baixo
2022,9,2022-09-01,Nordeste,BA,Feira de Santana,VLT,1312956,70.3,50.7,31.6,22163.18,5.32,Crítico
2022,9,2022-09-01,Nordeste,PE,Recife,Trem,1205061,62.3,64.4,44.2,2442.15,6.97,Crítico
2022,9,2022-09-01,Nordeste,PE,Jaboatão dos Guararapes,Ônibus,1419203,62.2,27.5,48.1,38589.28,6.19,Baixo
2022,9,2022-09-01,Nordeste,CE,Fortaleza,BRT,1068960,30.6,47.5,20.3,38832.97,5.42,Crítico
2022,9,2022-09-01,Nordeste,CE,Juazeiro do Norte,Trem,215454,87.1,45.8,53.1,8308.71,6.39,Baixo
2022,9,2022-09-01,Nordeste,MA,São Luís,Bicicleta,1687175,63.2,75.2,33.4,5123.46,7.49,Alto
2022,9,2022-09-01,Nordeste,PB,João Pessoa,Trem,151506,69.7,85.5,51.3,34083.43,5.32,Baixo
2022,9,2022-09-01,Centro-Oeste,DF,Brasília,VLT,681605,23.1,47.7,11.6,16729.22,7.02,Baixo
2022,9,2022-09-01,Centro-Oeste,GO,Goiânia,VLT,315142,32.8,23.6,34.4,22248.65,6.39,Baixo
2022,9,2022-09-01,Centro-Oeste,GO,Aparecida de Goiânia,Trem,746413,82.8,77.5,19.2,24453.97,3.67,Alto
2022,9,2022-09-01,Centro-Oeste,MT,Cuiabá,Ônibus,1036084,41.6,51.5,15.3,29809.38,6.07,Baixo
2022,9,2022-09-01,Centro-Oeste,MS,Campo Grande,Metrô,690706,35.7,73.4,22.0,48360.53,7.23,Médio
2022,9,2022-09-01,Sudeste,SP,São Paulo,Trem,1619157,42.4,58.2,8.7,49227.42,4.74,Baixo
2022,9,2022-09-01,Sudeste,SP,Campinas,Trem,131511,15.5,85.5,53.1,647.24,4.25,Alto
2022,9,2022-09-01,Sudeste,SP,Ribeirão Preto,VLT,610251,44.0,90.7,34.4,39676.94,7.68,Crítico
2022,9,2022-09-01,Sudeste,RJ,Rio de Janeiro,VLT,1633616,76.8,108.7,44.3,33118.22,6.13,Baixo
2022,9,2022-09-01,Sudeste,RJ,Niterói,BRT,764505,41.1,35.8,35.6,13859.59,4.53,Baixo
2022,9,2022-09-01,Sudeste,RJ,Nova Iguaçu,BRT,451988,22.6,55.7,39.0,2913.57,4.8,Baixo
2022,9,2022-09-01,Sudeste,RJ,Petrópolis,Bicicleta,59198,20.1,70.1,17.8,43574.99,7.89,Crítico
2022,9,2022-09-01,Sudeste,MG,Belo Horizonte,Trem,1421188,43.5,108.3,23.2,29904.88,4.63,Crítico
2022,9,2022-09-01,Sudeste,MG,Uberlândia,VLT,1085761,64.6,92.3,52.0,34241.77,6.43,Baixo
2022,9,2022-09-01,Sudeste,MG,Juiz de Fora,VLT,1837075,40.5,106.9,49.9,14576.47,3.7,Baixo
2022,9,2022-09-01,Sudeste,ES,Vitória,Ônibus,350841,27.2,77.9,42.4,48316.39,6.62,Médio
2022,9,2022-09-01,Sudeste,ES,Vila Velha,Metrô,1529705,88.3,117.1,21.7,23746.67,5.04,Baixo
2022,9,2022-09-01,Sudeste,ES,Serra,Ônibus,807979,53.5,85.5,45.8,13888.48,5.71,Crítico
2022,9,2022-09-01,Sul,PR,Curitiba,BRT,116926,85.1,85.7,16.5,19422.28,3.68,Alto
2022,9,2022-09-01,Sul,PR,Londrina,Ônibus,18818,62.4,47.5,35.5,15046.35,6.89,Crítico
2022,9,2022-09-01,Sul,SC,Florianópolis,Metrô,1359645,21.7,30.3,35.7,48480.01,7.66,Alto
2022,9,2022-09-01,Sul,SC,Joinville,Bicicleta,902481,18.1,78.2,29.3,10502.26,4.71,Baixo
2022,9,2022-09-01,Sul,RS,Porto Alegre,Metrô,58864,69.2,73.7,35.6,40756.91,4.73,Crítico
2022,9,2022-09-01,Sul,RS,Caxias do Sul,Metrô,1039724,20.6,62.6,16.6,36256.84,3.66,Baixo
2022,10,2022-10-01,Norte,AM,Manaus,Bicicleta,1348290,27.6,46.2,43.0,44376.79,5.19,Médio
2022,10,2022-10-01,Norte,PA,Belém,Metrô,101734,78.0,46.5,36.3,5389.34,5.58,Baixo
2022,10,2022-10-01,Norte,PA,Santarém,Metrô,1742470,91.8,95.4,35.1,25565.68,6.54,Crítico
2022,10,2022-10-01,Norte,RO,Porto Velho,VLT,1928014,34.9,106.1,28.7,36245.2,7.24,Médio
2022,10,2022-10-01,Norte,TO,Palmas,Ônibus,1791898,86.2,34.4,25.3,15566.05,3.97,Médio
2022,10,2022-10-01,Nordeste,BA,Salvador,Bicicleta,772960,51.9,103.1,22.9,31170.94,5.75,Alto
2022,10,2022-10-01,Nordeste,BA,Feira de Santana,BRT,1785869,60.6,57.4,49.3,43796.44,7.12,Alto
2022,10,2022-10-01,Nordeste,PE,Recife,Bicicleta,775859,21.9,78.0,33.5,12318.05,6.95,Baixo
2022,10,2022-10-01,Nordeste,PE,Jaboatão dos Guararapes,BRT,1633137,29.8,98.9,21.2,45695.61,4.0,Médio
2022,10,2022-10-01,Nordeste,CE,Fortaleza,Metrô,676153,85.5,102.0,51.6,13285.22,4.22,Crítico
2022,10,2022-10-01,Nordeste,CE,Juazeiro do Norte,Bicicleta,1729551,34.0,52.7,11.2,22309.29,4.53,Crítico
2022,10,2022-10-01,Nordeste,MA,São Luís,BRT,488347,79.2,93.3,21.2,24991.12,7.25,Alto
2022,10,2022-10-01,Nordeste,PB,João Pessoa,VLT,424380,55.4,31.9,34.2,49646.3,5.41,Médio
2022,10,2022-10-01,Centro-Oeste,DF,Brasília,Metrô,467643,38.7,43.5,15.0,28749.92,6.71,Alto
2022,10,2022-10-01,Centro-Oeste,GO,Goiânia,Ônibus,1921397,65.8,61.8,19.6,5566.15,6.35,Médio
2022,10,2022-10-01,Centro-Oeste,GO,Aparecida de Goiânia,Bicicleta,598505,70.4,111.6,18.1,42153.31,5.1,Baixo
2022,10,2022-10-01,Centro-Oeste,MT,Cuiabá,BRT,378486,34.4,63.3,18.7,41873.07,4.97,Alto
2022,10,2022-10-01,Centro-Oeste,MS,Campo Grande,Ônibus,1104129,76.4,110.0,48.9,18673.93,5.72,Crítico
2022,10,2022-10-01,Sudeste,SP,São Paulo,Metrô,1680875,53.9,76.0,48.6,2867.3,4.63,Alto
2022,10,2022-10-01,Sudeste,SP,Campinas,Ônibus,470345,49.8,111.7,37.4,209.43,7.78,Médio
2022,10,2022-10-01,Sudeste,SP,Ribeirão Preto,Trem,414991,44.3,84.4,45.8,6418.44,6.65,Baixo
2022,10,2022-10-01,Sudeste,RJ,Rio de Janeiro,BRT,1938501,70.0,74.8,33.7,38667.21,6.0,Alto
2022,10,2022-10-01,Sudeste,RJ,Niterói,VLT,156421,81.2,64.6,32.7,44857.72,6.83,Baixo
2022,10,2022-10-01,Sudeste,RJ,Nova Iguaçu,VLT,1661570,75.4,56.0,48.9,26099.61,5.15,Médio
2022,10,2022-10-01,Sudeste,RJ,Petrópolis,BRT,54369,69.3,82.5,33.9,47138.4,5.33,Médio
2022,10,2022-10-01,Sudeste,MG,Belo Horizonte,Ônibus,1695978,71.8,31.2,19.7,40829.02,6.57,Médio
2022,10,2022-10-01,Sudeste,MG,Uberlândia,Ônibus,139969,62.5,114.3,15.1,38974.09,4.85,Baixo
2022,10,2022-10-01,Sudeste,MG,Juiz de Fora,Trem,1289106,42.9,116.5,32.8,39359.13,6.7,Baixo
2022,10,2022-10-01,Sudeste,ES,Vitória,Metrô,1404729,40.8,49.0,43.3,16722.7,5.64,Alto
2022,10,2022-10-01,Sudeste,ES,Vila Velha,Ônibus,673023,34.9,67.9,32.0,29915.71,4.91,Crítico
2022,10,2022-10-01,Sudeste,ES,Serra,Metrô,1392337,52.0,42.2,49.2,47827.77,7.37,Alto
2022,10,2022-10-01,Sul,PR,Curitiba,BRT,1283128,23.8,88.6,38.6,16749.19,5.57,Médio
2022,10,2022-10-01,Sul,PR,Londrina,BRT,1649286,42.4,55.6,32.7,18775.35,7.31,Baixo
2022,10,2022-10-01,Sul,SC,Florianópolis,Trem,701126,68.7,28.3,42.6,221.06,7.98,Alto
2022,10,2022-10-01,Sul,SC,Joinville,BRT,1307017,25.1,102.7,21.8,49719.89,4.48,Alto
2022,10,2022-10-01,Sul,RS,Porto Alegre,Bicicleta,635258,56.9,93.9,53.4,8054.85,7.78,Médio
2022,10,2022-10-01,Sul,RS,Caxias do Sul,Metrô,1939392,26.8,89.5,27.0,16616.96,5.12,Crítico
2022,11,2022-11-01,Norte,AM,Manaus,Ônibus,1403097,69.0,119.1,35.8,24516.35,6.5,Crítico
2022,11,2022-11-01,Norte,PA,Belém,Metrô,501229,92.2,80.8,34.9,29296.78,5.67,Alto
2022,11,2022-11-01,Norte,PA,Santarém,BRT,1601685,42.5,102.2,19.1,9409.5,5.34,Crítico
2022,11,2022-11-01,Norte,RO,Porto Velho,Bicicleta,1810549,50.2,92.6,51.4,35905.22,4.5,Baixo
2022,11,2022-11-01,Norte,TO,Palmas,VLT,1567237,52.1,88.4,26.0,47598.69,5.09,Crítico
2022,11,2022-11-01,Nordeste,BA,Salvador,Ônibus,187941,56.4,115.9,54.0,1788.69,6.49,Médio
2022,11,2022-11-01,Nordeste,BA,Feira de Santana,VLT,21815,70.9,80.5,16.9,4464.24,5.01,Alto
2022,11,2022-11-01,Nordeste,PE,Recife,Ônibus,471224,63.8,36.4,9.6,9104.16,4.27,Médio
2022,11,2022-11-01,Nordeste,PE,Jaboatão dos Guararapes,Metrô,188083,51.4,81.0,39.6,12848.26,6.53,Crítico
2022,11,2022-11-01,Nordeste,CE,Fortaleza,Metrô,70147,70.4,112.9,31.9,8019.54,6.34,Alto
2022,11,2022-11-01,Nordeste,CE,Juazeiro do Norte,Ônibus,863646,40.4,32.4,29.9,734.36,6.44,Baixo
2022,11,2022-11-01,Nordeste,MA,São Luís,Bicicleta,1033923,66.4,42.0,25.1,41004.71,7.0,Alto
2022,11,2022-11-01,Nordeste,PB,João Pessoa,BRT,1206684,36.7,40.0,21.2,22566.56,3.51,Alto
2022,11,2022-11-01,Centro-Oeste,DF,Brasília,BRT,1757030,77.9,78.6,27.4,14835.14,5.48,Alto
2022,11,2022-11-01,Centro-Oeste,GO,Goiânia,Ônibus,480315,86.7,47.7,12.7,4142.81,6.37,Crítico
2022,11,2022-11-01,Centro-Oeste,GO,Aparecida de Goiânia,Ônibus,709996,94.8,89.4,23.0,32468.23,6.75,Médio
2022,11,2022-11-01,Centro-Oeste,MT,Cuiabá,Metrô,579856,17.1,100.7,30.3,40191.43,6.38,Crítico
2022,11,2022-11-01,Centro-Oeste,MS,Campo Grande,Trem,30243,23.6,90.4,36.1,37031.83,7.89,Baixo
2022,11,2022-11-01,Sudeste,SP,São Paulo,Trem,505314,44.0,35.6,23.9,5374.14,4.55,Crítico
2022,11,2022-11-01,Sudeste,SP,Campinas,Ônibus,999750,89.2,26.6,45.3,17497.53,3.9,Crítico
2022,11,2022-11-01,Sudeste,SP,Ribeirão Preto,Ônibus,1901647,93.9,31.5,17.5,17545.87,3.82,Médio
2022,11,2022-11-01,Sudeste,RJ,Rio de Janeiro,Ônibus,272878,37.4,76.1,25.5,31080.51,7.24,Crítico
2022,11,2022-11-01,Sudeste,RJ,Niterói,Trem,923029,32.7,46.2,14.2,46333.85,3.66,Baixo
2022,11,2022-11-01,Sudeste,RJ,Nova Iguaçu,BRT,353074,42.5,82.8,44.6,8161.33,4.54,Alto
2022,11,2022-11-01,Sudeste,RJ,Petrópolis,Trem,782763,63.4,54.5,37.9,8541.32,3.51,Baixo
2022,11,2022-11-01,Sudeste,MG,Belo Horizonte,BRT,88157,22.5,75.0,50.1,19781.27,7.21,Baixo
2022,11,2022-11-01,Sudeste,MG,Uberlândia,BRT,610327,71.8,67.1,39.7,29503.39,3.66,Alto
2022,11,2022-11-01,Sudeste,MG,Juiz de Fora,BRT,1018169,75.1,93.2,53.1,38423.8,3.72,Médio
2022,11,2022-11-01,Sudeste,ES,Vitória,Bicicleta,1668036,32.1,34.9,13.1,2180.57,7.18,Baixo
2022,11,2022-11-01,Sudeste,ES,Vila Velha,Ônibus,979127,75.2,63.2,18.1,29077.14,4.29,Baixo
2022,11,2022-11-01,Sudeste,ES,Serra,Trem,1973061,34.2,32.3,24.4,31733.77,5.55,Alto
2022,11,2022-11-01,Sul,PR,Curitiba,Trem,1504953,36.7,104.1,47.6,15590.74,7.35,Alto
2022,11,2022-11-01,Sul,PR,Londrina,Metrô,1446747,60.6,113.7,51.8,46388.37,7.0,Médio
2022,11,2022-11-01,Sul,SC,Florianópolis,Bicicleta,710206,65.0,68.3,18.6,31214.13,7.21,Médio
2022,11,2022-11-01,Sul,SC,Joinville,Trem,1363061,19.9,100.6,28.2,29244.09,7.39,Baixo
2022,11,2022-11-01,Sul,RS,Porto Alegre,Bicicleta,986898,42.4,48.5,8.5,26448.03,7.55,Médio
2022,11,2022-11-01,Sul,RS,Caxias do Sul,Ônibus,1602927,64.5,49.8,52.7,19858.23,5.89,Alto
2022,12,2022-12-01,Norte,AM,Manaus,Bicicleta,680575,63.6,20.2,8.6,6215.77,4.19,Baixo
2022,12,2022-12-01,Norte,PA,Belém,Bicicleta,1824304,51.0,82.1,8.2,9388.09,6.02,Crítico
2022,12,2022-12-01,Norte,PA,Santarém,BRT,909224,56.2,107.5,33.3,30531.59,4.76,Alto
2022,12,2022-12-01,Norte,RO,Porto Velho,VLT,1915934,83.9,35.8,8.7,19035.81,6.63,Médio
2022,12,2022-12-01,Norte,TO,Palmas,BRT,1321902,57.4,59.1,11.4,14540.38,3.8,Alto
2022,12,2022-12-01,Nordeste,BA,Salvador,Ônibus,421245,72.1,75.1,37.9,24758.76,7.75,Médio
2022,12,2022-12-01,Nordeste,BA,Feira de Santana,BRT,1486433,37.4,114.5,38.5,23142.77,6.07,Médio
2022,12,2022-12-01,Nordeste,PE,Recife,VLT,981241,79.3,102.9,50.9,2684.01,5.88,Crítico
2022,12,2022-12-01,Nordeste,PE,Jaboatão dos Guararapes,BRT,1505392,82.3,84.4,52.4,21385.16,5.14,Crítico
2022,12,2022-12-01,Nordeste,CE,Fortaleza,Bicicleta,922562,78.9,119.6,15.0,1518.66,6.65,Médio
2022,12,2022-12-01,Nordeste,CE,Juazeiro do Norte,Trem,802336,19.1,73.6,9.4,12223.74,6.7,Médio
2022,12,2022-12-01,Nordeste,MA,São Luís,Bicicleta,1942717,31.0,29.7,53.0,18327.49,4.43,Alto
2022,12,2022-12-01,Nordeste,PB,João Pessoa,Ônibus,1686474,83.9,55.6,12.5,5976.68,3.75,Médio
2022,12,2022-12-01,Centro-Oeste,DF,Brasília,VLT,1949280,19.7,48.2,31.3,33496.5,4.71,Crítico
2022,12,2022-12-01,Centro-Oeste,GO,Goiânia,VLT,348661,67.7,77.7,12.3,24542.08,5.31,Alto
2022,12,2022-12-01,Centro-Oeste,GO,Aparecida de Goiânia,BRT,957377,36.2,46.8,35.9,43251.5,3.55,Médio
2022,12,2022-12-01,Centro-Oeste,MT,Cuiabá,Metrô,81127,47.6,35.8,20.7,47623.3,4.82,Médio
2022,12,2022-12-01,Centro-Oeste,MS,Campo Grande,VLT,1177255,82.4,59.8,49.0,22621.62,4.06,Baixo
2022,12,2022-12-01,Sudeste,SP,São Paulo,Trem,168617,61.3,69.9,51.8,34643.62,5.68,Baixo
2022,12,2022-12-01,Sudeste,SP,Campinas,Bicicleta,298302,68.5,79.0,23.8,29939.04,7.08,Crítico
2022,12,2022-12-01,Sudeste,SP,Ribeirão Preto,Ônibus,384944,19.1,25.4,31.2,19980.42,4.74,Alto
2022,12,2022-12-01,Sudeste,RJ,Rio de Janeiro,Bicicleta,1003911,66.8,82.0,44.5,7617.53,5.32,Médio
2022,12,2022-12-01,Sudeste,RJ,Niterói,Metrô,246968,31.9,70.5,15.7,18493.97,6.02,Crítico
2022,12,2022-12-01,Sudeste,RJ,Nova Iguaçu,BRT,515823,36.3,88.6,51.1,20788.33,6.32,Médio
2022,12,2022-12-01,Sudeste,RJ,Petrópolis,VLT,1300005,68.7,87.9,36.6,40217.19,4.8,Alto
2022,12,2022-12-01,Sudeste,MG,Belo Horizonte,Metrô,659945,17.1,117.2,36.1,18192.85,4.71,Baixo
2022,12,2022-12-01,Sudeste,MG,Uberlândia,Ônibus,1475792,63.0,98.0,29.2,15265.99,5.35,Alto
2022,12,2022-12-01,Sudeste,MG,Juiz de Fora,Trem,984069,66.5,102.6,33.6,45716.62,6.64,Alto
2022,12,2022-12-01,Sudeste,ES,Vitória,VLT,1952996,26.0,54.5,36.5,23809.91,5.19,Médio
2022,12,2022-12-01,Sudeste,ES,Vila Velha,Ônibus,1452294,46.1,89.2,26.3,36372.6,6.95,Baixo
2022,12,2022-12-01,Sudeste,ES,Serra,VLT,416984,38.0,109.3,20.0,10446.37,4.31,Baixo
2022,12,2022-12-01,Sul,PR,Curitiba,VLT,1116092,93.4,119.2,15.8,33162.94,5.21,Alto
2022,12,2022-12-01,Sul,PR,Londrina,VLT,94830,20.9,98.6,36.6,9817.11,3.68,Médio
2022,12,2022-12-01,Sul,SC,Florianópolis,Metrô,35699,92.9,52.0,9.0,29235.5,5.09,Crítico
2022,12,2022-12-01,Sul,SC,Joinville,Bicicleta,607705,82.9,98.3,11.9,44763.9,5.25,Alto
2022,12,2022-12-01,Sul,RS,Porto Alegre,Trem,1221566,70.3,23.7,41.6,28261.16,7.65,Médio
2022,12,2022-12-01,Sul,RS,Caxias do Sul,Trem,245492,44.4,116.5,46.5,13729.81,5.22,Alto
2023,1,2023-01-01,Norte,AM,Manaus,Trem,181654,71.0,66.5,45.2,11647.1,4.05,Médio
2023,1,2023-01-01,Norte,PA,Belém,VLT,1154246,81.6,81.4,23.5,27939.65,5.3,Médio
2023,1,2023-01-01,Norte,PA,Santarém,Trem,318469,80.8,104.0,29.2,2667.14,5.1,Baixo
2023,1,2023-01-01,Norte,RO,Porto Velho,BRT,924638,59.9,51.9,54.9,44488.19,6.94,Médio
2023,1,2023-01-01,Norte,TO,Palmas,Trem,1403346,82.8,56.9,45.3,20814.52,3.59,Médio
2023,1,2023-01-01,Nordeste,BA,Salvador,Metrô,1945202,42.9,22.0,12.8,3960.8,7.64,Médio
2023,1,2023-01-01,Nordeste,BA,Feira de Santana,Ônibus,1253883,83.8,37.3,32.6,41908.36,5.16,Alto
2023,1,2023-01-01,Nordeste,PE,Recife,Ônibus,588475,24.1,94.1,46.7,17904.42,6.44,Baixo
2023,1,2023-01-01,Nordeste,PE,Jaboatão dos Guararapes,Bicicleta,274661,80.5,65.4,54.0,7438.09,7.65,Baixo
2023,1,2023-01-01,Nordeste,CE,Fortaleza,Ônibus,1120571,25.7,119.5,16.3,40607.22,7.99,Médio
2023,1,2023-01-01,Nordeste,CE,Juazeiro do Norte,VLT,206894,24.8,88.7,49.8,7453.2,4.92,Baixo
2023,1,2023-01-01,Nordeste,MA,São Luís,Bicicleta,1158699,88.5,54.0,37.6,47920.69,5.42,Alto
2023,1,2023-01-01,Nordeste,PB,João Pessoa,Ônibus,485957,40.9,52.2,35.2,11059.69,3.68,Crítico
2023,1,2023-01-01,Centro-Oeste,DF,Brasília,Ônibus,1309273,63.5,25.5,28.3,3701.3,7.88,Baixo
2023,1,2023-01-01,Centro-Oeste,GO,Goiânia,Ônibus,1252745,43.6,103.2,10.5,30539.29,5.29,Baixo
2023,1,2023-01-01,Centro-Oeste,GO,Aparecida de Goiânia,Ônibus,103564,47.5,41.9,31.9,8854.53,4.02,Médio
2023,1,2023-01-01,Centro-Oeste,MT,Cuiabá,Metrô,1923252,87.9,21.1,15.0,27702.51,7.1,Alto
2023,1,2023-01-01,Centro-Oeste,MS,Campo Grande,Bicicleta,1770745,34.4,52.3,25.9,21842.99,4.8,Alto
2023,1,2023-01-01,Sudeste,SP,São Paulo,Metrô,315498,46.6,40.4,28.7,35369.15,6.76,Alto
2023,1,2023-01-01,Sudeste,SP,Campinas,Bicicleta,100928,15.4,23.4,9.4,47569.22,3.69,Crítico
2023,1,2023-01-01,Sudeste,SP,Ribeirão Preto,Ônibus,629459,77.6,95.5,53.8,45305.38,6.73,Médio
2023,1,2023-01-01,Sudeste,RJ,Rio de Janeiro,VLT,1700911,46.1,119.2,18.5,9133.73,4.37,Médio
2023,1,2023-01-01,Sudeste,RJ,Niterói,Metrô,958046,56.2,68.6,25.5,48429.73,5.99,Alto
2023,1,2023-01-01,Sudeste,RJ,Nova Iguaçu,VLT,1074237,23.1,101.6,24.1,2056.01,6.87,Médio
2023,1,2023-01-01,Sudeste,RJ,Petrópolis,Trem,861920,42.9,101.4,39.9,8039.77,3.97,Crítico
2023,1,2023-01-01,Sudeste,MG,Belo Horizonte,BRT,1134732,59.8,119.4,17.2,45872.3,4.6,Crítico
2023,1,2023-01-01,Sudeste,MG,Uberlândia,Ônibus,890324,42.1,42.9,22.3,30062.53,5.73,Crítico
2023,1,2023-01-01,Sudeste,MG,Juiz de Fora,Ônibus,1802735,29.4,36.8,37.6,33675.12,5.11,Médio
2023,1,2023-01-01,Sudeste,ES,Vitória,BRT,1803018,47.3,117.9,22.9,18735.27,7.88,Crítico
2023,1,2023-01-01,Sudeste,ES,Vila Velha,Trem,1201781,35.1,76.3,17.7,12426.49,3.59,Baixo
2023,1,2023-01-01,Sudeste,ES,Serra,Ônibus,831964,63.5,77.4,34.4,36276.63,4.95,Médio
2023,1,2023-01-01,Sul,PR,Curitiba,Bicicleta,1112428,46.4,54.0,49.1,43964.99,5.92,Alto
2023,1,2023-01-01,Sul,PR,Londrina,Ônibus,1590919,63.2,88.5,43.0,32205.09,6.33,Alto
2023,1,2023-01-01,Sul,SC,Florianópolis,Trem,780721,56.9,66.2,25.0,11246.36,4.79,Alto
2023,1,2023-01-01,Sul,SC,Joinville,BRT,1930955,76.5,72.4,43.0,34859.41,5.36,Médio
2023,1,2023-01-01,Sul,RS,Porto Alegre,Ônibus,547344,79.5,80.8,35.7,45154.85,7.15,Médio
2023,1,2023-01-01,Sul,RS,Caxias do Sul,Trem,1731868,20.9,67.7,50.1,29928.59,6.47,Alto
2023,2,2023-02-01,Norte,AM,Manaus,VLT,689947,72.6,105.2,35.9,39551.62,3.76,Médio
2023,2,2023-02-01,Norte,PA,Belém,Trem,1002990,81.7,80.6,24.0,46556.74,5.56,Médio
2023,2,2023-02-01,Norte,PA,Santarém,BRT,192617,30.5,95.0,31.6,7004.05,3.87,Alto
2023,2,2023-02-01,Norte,RO,Porto Velho,VLT,681641,79.4,112.4,28.0,40454.4,5.46,Alto
2023,2,2023-02-01,Norte,TO,Palmas,Trem,1093317,57.7,66.7,40.9,39550.17,5.76,Crítico
2023,2,2023-02-01,Nordeste,BA,Salvador,Ônibus,1859197,33.8,21.2,45.9,36918.45,4.49,Crítico
2023,2,2023-02-01,Nordeste,BA,Feira de Santana,Trem,1817343,24.6,77.5,21.6,4451.93,6.27,Baixo
2023,2,2023-02-01,Nordeste,PE,Recife,Trem,1166964,54.1,39.7,30.4,993.57,6.33,Crítico
2023,2,2023-02-01,Nordeste,PE,Jaboatão dos Guararapes,Ônibus,1781060,70.3,24.8,40.4,16406.54,4.84,Baixo
2023,2,2023-02-01,Nordeste,CE,Fortaleza,Ônibus,909891,41.9,49.9,33.9,43083.24,6.59,Médio
2023,2,2023-02-01,Nordeste,CE,Juazeiro do Norte,Trem,21278,17.4,91.2,18.0,43312.19,4.47,Alto
2023,2,2023-02-01,Nordeste,MA,São Luís,Ônibus,1565196,42.5,101.9,17.1,24072.01,5.27,Alto
2023,2,2023-02-01,Nordeste,PB,João Pessoa,BRT,1688178,63.3,28.7,48.6,6307.56,3.92,Médio
2023,2,2023-02-01,Centro-Oeste,DF,Brasília,Ônibus,607307,20.2,90.6,41.4,4662.94,7.93,Médio
2023,2,2023-02-01,Centro-Oeste,GO,Goiânia,BRT,488393,58.5,84.4,22.8,40199.56,4.27,Crítico
2023,2,2023-02-01,Centro-Oeste,GO,Aparecida de Goiânia,VLT,902554,88.5,105.5,35.5,25680.26,6.23,Médio
2023,2,2023-02-01,Centro-Oeste,MT,Cuiabá,Trem,1243052,28.1,118.9,17.8,21178.8,5.77,Alto
2023,2,2023-02-01,Centro-Oeste,MS,Campo Grande,BRT,1278589,30.9,51.9,43.5,12175.77,4.98,Crítico
2023,2,2023-02-01,Sudeste,SP,São Paulo,Bicicleta,1871619,78.6,63.5,28.5,44074.93,6.2,Crítico
2023,2,2023-02-01,Sudeste,SP,Campinas,Metrô,833238,62.6,38.9,49.9,18869.76,5.19,Médio
2023,2,2023-02-01,Sudeste,SP,Ribeirão Preto,VLT,255692,76.1,106.6,20.1,42071.69,4.55,Crítico
2023,2,2023-02-01,Sudeste,RJ,Rio de Janeiro,Bicicleta,1885401,57.5,64.1,43.4,46135.01,7.53,Alto
2023,2,2023-02-01,Sudeste,RJ,Niterói,BRT,1456636,92.8,20.5,42.2,45919.83,5.3,Alto
2023,2,2023-02-01,Sudeste,RJ,Nova Iguaçu,Trem,1831787,78.3,40.6,44.5,23521.39,7.86,Baixo
2023,2,2023-02-01,Sudeste,RJ,Petrópolis,Ônibus,156695,37.9,25.0,30.4,43639.47,6.46,Alto
2023,2,2023-02-01,Sudeste,MG,Belo Horizonte,Bicicleta,1035927,93.2,43.7,29.8,3522.25,5.38,Médio
2023,2,2023-02-01,Sudeste,MG,Uberlândia,Metrô,1434472,70.7,24.1,16.7,11762.59,4.43,Alto
2023,2,2023-02-01,Sudeste,MG,Juiz de Fora,BRT,1571050,67.6,76.5,14.9,32763.81,5.95,Baixo
2023,2,2023-02-01,Sudeste,ES,Vitória,BRT,774726,15.6,115.2,40.5,16501.16,6.25,Médio
2023,2,2023-02-01,Sudeste,ES,Vila Velha,Trem,1527522,66.7,58.7,15.8,24195.64,7.69,Alto
2023,2,2023-02-01,Sudeste,ES,Serra,VLT,1912297,32.6,100.8,8.5,5451.15,6.57,Médio
2023,2,2023-02-01,Sul,PR,Curitiba,Trem,32691,32.7,83.4,21.5,22732.31,6.21,Alto
2023,2,2023-02-01,Sul,PR,Londrina,Metrô,903670,23.3,62.8,45.2,32161.79,7.47,Crítico
2023,2,2023-02-01,Sul,SC,Florianópolis,Metrô,1672756,40.2,43.9,37.8,2555.45,6.85,Baixo
2023,2,2023-02-01,Sul,SC,Joinville,BRT,444791,81.0,75.6,11.6,36592.98,4.16,Alto
2023,2,2023-02-01,Sul,RS,Porto Alegre,Metrô,1579789,89.2,83.3,30.3,41710.56,7.5,Baixo
2023,2,2023-02-01,Sul,RS,Caxias do Sul,Ônibus,28838,70.8,47.9,53.7,35480.59,6.57,Alto
2023,3,2023-03-01,Norte,AM,Manaus,Ônibus,765017,42.0,110.1,18.1,42888.59,6.68,Crítico
2023,3,2023-03-01,Norte,PA,Belém,Trem,1314432,23.2,118.1,8.2,25422.89,5.22,Baixo
2023,3,2023-03-01,Norte,PA,Santarém,VLT,1341892,72.6,63.1,11.8,38829.33,7.7,Alto
2023,3,2023-03-01,Norte,RO,Porto Velho,VLT,124913,38.5,68.7,28.0,35512.69,7.82,Baixo
2023,3,2023-03-01,Norte,TO,Palmas,BRT,1906926,93.7,42.3,43.3,10090.48,4.49,Baixo
2023,3,2023-03-01,Nordeste,BA,Salvador,Ônibus,389889,75.1,40.3,43.5,21321.46,7.56,Médio
2023,3,2023-03-01,Nordeste,BA,Feira de Santana,Ônibus,644626,23.5,81.5,29.6,17186.21,4.78,Baixo
2023,3,2023-03-01,Nordeste,PE,Recife,Bicicleta,1826577,91.7,73.8,28.2,6523.84,6.27,Alto
2023,3,2023-03-01,Nordeste,PE,Jaboatão dos Guararapes,Metrô,1569853,86.0,57.5,25.8,17394.28,4.99,Crítico
2023,3,2023-03-01,Nordeste,CE,Fortaleza,Bicicleta,668166,78.4,81.3,22.5,971.98,6.68,Crítico
2023,3,2023-03-01,Nordeste,CE,Juazeiro do Norte,BRT,658628,89.3,59.8,31.2,9650.21,4.33,Crítico
2023,3,2023-03-01,Nordeste,MA,São Luís,Ônibus,1234985,49.2,35.0,35.6,40567.69,6.02,Alto
2023,3,2023-03-01,Nordeste,PB,João Pessoa,Metrô,50373,86.1,28.0,16.3,8510.59,5.94,Baixo
2023,3,2023-03-01,Centro-Oeste,DF,Brasília,Metrô,1049998,39.8,27.9,25.2,2525.82,5.27,Baixo
2023,3,2023-03-01,Centro-Oeste,GO,Goiânia,Metrô,523854,58.7,73.1,35.8,53.21,4.22,Baixo
2023,3,2023-03-01,Centro-Oeste,GO,Aparecida de Goiânia,BRT,145927,54.1,80.5,19.4,39364.85,5.96,Alto
2023,3,2023-03-01,Centro-Oeste,MT,Cuiabá,Ônibus,403771,39.9,96.5,39.2,40939.7,7.44,Crítico
2023,3,2023-03-01,Centro-Oeste,MS,Campo Grande,Trem,74575,24.4,117.5,39.5,25242.23,7.77,Crítico
2023,3,2023-03-01,Sudeste,SP,São Paulo,BRT,345756,40.8,115.8,22.6,36034.86,5.68,Médio
2023,3,2023-03-01,Sudeste,SP,Campinas,Metrô,485242,29.4,30.5,32.0,26956.41,3.6,Alto
2023,3,2023-03-01,Sudeste,SP,Ribeirão Preto,Ônibus,1468876,41.8,59.7,29.9,28396.93,6.71,Baixo
2023,3,2023-03-01,Sudeste,RJ,Rio de Janeiro,Trem,303979,16.4,59.6,38.4,9415.27,7.85,Baixo
2023,3,2023-03-01,Sudeste,RJ,Niterói,Bicicleta,1156043,31.4,98.8,21.4,11873.05,5.18,Baixo
2023,3,2023-03-01,Sudeste,RJ,Nova Iguaçu,Trem,1203265,78.6,79.7,48.9,47824.79,4.65,Crítico
2023,3,2023-03-01,Sudeste,RJ,Petrópolis,VLT,1570069,32.4,40.2,50.7,26864.7,5.75,Baixo
2023,3,2023-03-01,Sudeste,MG,Belo Horizonte,Ônibus,234153,30.4,56.1,28.1,25173.6,7.5,Alto
2023,3,2023-03-01,Sudeste,MG,Uberlândia,Bicicleta,1010195,33.3,28.6,51.7,169.47,4.33,Baixo
2023,3,2023-03-01,Sudeste,MG,Juiz de Fora,Ônibus,1752309,39.2,34.9,13.2,4212.22,5.78,Alto
2023,3,2023-03-01,Sudeste,ES,Vitória,Ônibus,1776223,20.2,85.0,14.8,12901.86,7.16,Crítico
2023,3,2023-03-01,Sudeste,ES,Vila Velha,VLT,1195104,33.0,27.2,49.7,36903.74,6.38,Alto
2023,3,2023-03-01,Sudeste,ES,Serra,VLT,255557,49.7,38.0,44.4,3133.46,6.37,Baixo
2023,3,2023-03-01,Sul,PR,Curitiba,Ônibus,1768611,62.9,85.6,40.4,13150.18,5.99,Baixo
2023,3,2023-03-01,Sul,PR,Londrina,VLT,930982,66.3,77.9,24.7,21404.55,4.19,Alto
2023,3,2023-03-01,Sul,SC,Florianópolis,VLT,1593696,51.1,103.6,53.5,6204.88,4.63,Alto
2023,3,2023-03-01,Sul,SC,Joinville,BRT,717402,68.7,84.8,18.7,33087.2,5.54,Alto
2023,3,2023-03-01,Sul,RS,Porto Alegre,VLT,924532,25.8,82.3,16.0,16921.33,5.75,Baixo
2023,3,2023-03-01,Sul,RS,Caxias do Sul,Bicicleta,1837083,92.7,23.2,26.1,17928.93,6.46,Médio
2023,4,2023-04-01,Norte,AM,Manaus,VLT,286672,33.7,97.8,17.1,49139.04,4.92,Crítico
2023,4,2023-04-01,Norte,PA,Belém,Ônibus,1045271,45.8,61.1,39.3,11701.81,3.89,Médio
2023,4,2023-04-01,Norte,PA,Santarém,Ônibus,767975,18.8,31.0,39.6,13428.53,6.48,Alto
2023,4,2023-04-01,Norte,RO,Porto Velho,Bicicleta,1685875,61.2,54.9,12.7,17980.04,5.6,Baixo
2023,4,2023-04-01,Norte,TO,Palmas,Metrô,718208,66.1,48.8,41.1,951.62,6.87,Crítico
2023,4,2023-04-01,Nordeste,BA,Salvador,Bicicleta,1857365,48.6,83.4,34.1,8268.34,7.37,Alto
2023,4,2023-04-01,Nordeste,BA,Feira de Santana,Ônibus,1276827,41.6,69.0,38.4,25408.15,7.21,Alto
2023,4,2023-04-01,Nordeste,PE,Recife,Metrô,1706629,63.5,71.1,30.9,31353.43,7.52,Médio
2023,4,2023-04-01,Nordeste,PE,Jaboatão dos Guararapes,Trem,1567393,60.7,61.1,51.9,23230.56,5.46,Médio
2023,4,2023-04-01,Nordeste,CE,Fortaleza,Metrô,1141579,23.1,89.5,32.3,15464.03,5.47,Baixo
2023,4,2023-04-01,Nordeste,CE,Juazeiro do Norte,Bicicleta,1446335,69.0,109.7,24.6,34993.98,5.84,Alto
2023,4,2023-04-01,Nordeste,MA,São Luís,BRT,1029729,34.7,114.2,35.4,49091.72,7.95,Alto
2023,4,2023-04-01,Nordeste,PB,João Pessoa,Bicicleta,368521,73.1,75.9,28.5,8870.17,3.65,Crítico
2023,4,2023-04-01,Centro-Oeste,DF,Brasília,Metrô,75367,39.0,96.7,19.4,24433.89,6.05,Médio
2023,4,2023-04-01,Centro-Oeste,GO,Goiânia,Metrô,1743652,74.1,46.8,17.9,3051.74,7.35,Médio
2023,4,2023-04-01,Centro-Oeste,GO,Aparecida de Goiânia,VLT,894857,29.1,82.5,10.5,10339.54,4.94,Crítico
2023,4,2023-04-01,Centro-Oeste,MT,Cuiabá,Trem,1812793,20.6,31.7,8.6,48682.22,7.18,Médio
2023,4,2023-04-01,Centro-Oeste,MS,Campo Grande,Trem,1638839,46.0,21.6,53.1,48636.99,7.73,Alto
2023,4,2023-04-01,Sudeste,SP,São Paulo,Metrô,304651,47.7,48.5,46.2,13470.5,7.89,Alto
2023,4,2023-04-01,Sudeste,SP,Campinas,Bicicleta,1453154,48.5,103.1,24.5,37065.47,4.79,Crítico
2023,4,2023-04-01,Sudeste,SP,Ribeirão Preto,Ônibus,283486,38.3,102.9,31.2,39404.52,3.52,Baixo
2023,4,2023-04-01,Sudeste,RJ,Rio de Janeiro,BRT,681816,33.2,38.9,31.8,41232.31,3.82,Alto
2023,4,2023-04-01,Sudeste,RJ,Niterói,Ônibus,1473166,40.3,111.4,42.5,21247.63,4.2,Médio
2023,4,2023-04-01,Sudeste,RJ,Nova Iguaçu,Trem,1865389,48.8,53.3,46.0,7060.57,6.89,Crítico
2023,4,2023-04-01,Sudeste,RJ,Petrópolis,Trem,1784364,41.9,54.6,31.8,16641.02,5.62,Baixo
2023,4,2023-04-01,Sudeste,MG,Belo Horizonte,Bicicleta,330083,37.5,86.1,48.5,22565.3,6.94,Alto
2023,4,2023-04-01,Sudeste,MG,Uberlândia,Metrô,907516,24.1,43.5,52.3,1669.71,7.97,Crítico
2023,4,2023-04-01,Sudeste,MG,Juiz de Fora,Bicicleta,551288,28.8,33.6,13.8,16472.01,5.05,Alto
2023,4,2023-04-01,Sudeste,ES,Vitória,VLT,1646576,72.8,68.8,34.0,45304.24,4.17,Médio
2023,4,2023-04-01,Sudeste,ES,Vila Velha,Metrô,1906804,34.8,38.3,53.0,10040.44,3.76,Baixo
2023,4,2023-04-01,Sudeste,ES,Serra,BRT,525332,92.3,103.3,37.8,6312.31,5.74,Médio
2023,4,2023-04-01,Sul,PR,Curitiba,BRT,1438043,25.4,86.5,49.4,12405.79,4.93,Médio
2023,4,2023-04-01,Sul,PR,Londrina,BRT,785659,43.7,64.1,47.6,15446.36,6.11,Baixo
2023,4,2023-04-01,Sul,SC,Florianópolis,Bicicleta,1858514,82.4,31.6,27.3,22315.1,6.14,Médio
2023,4,2023-04-01,Sul,SC,Joinville,VLT,436028,84.4,90.7,12.3,11259.44,6.16,Médio
2023,4,2023-04-01,Sul,RS,Porto Alegre,VLT,1809178,58.8,117.4,44.3,17276.93,3.99,Baixo
2023,4,2023-04-01,Sul,RS,Caxias do Sul,Trem,1619109,58.0,33.5,33.1,31260.02,7.68,Baixo
2023,5,2023-05-01,Norte,AM,Manaus,Metrô,1142814,51.2,51.4,48.3,14466.86,7.46,Baixo
2023,5,2023-05-01,Norte,PA,Belém,Trem,69550,20.6,33.5,41.6,7539.87,4.54,Alto
2023,5,2023-05-01,Norte,PA,Santarém,BRT,381862,15.7,117.9,20.9,31637.2,3.76,Médio
2023,5,2023-05-01,Norte,RO,Porto Velho,Trem,65261,35.8,89.3,21.5,8805.5,4.53,Médio
2023,5,2023-05-01,Norte,TO,Palmas,Trem,794053,74.2,28.5,10.5,46298.33,7.61,Alto
2023,5,2023-05-01,Nordeste,BA,Salvador,BRT,1387945,39.1,116.7,43.5,26650.85,7.53,Baixo
2023,5,2023-05-01,Nordeste,BA,Feira de Santana,Metrô,1855533,86.1,77.0,38.2,23539.01,4.19,Baixo
2023,5,2023-05-01,Nordeste,PE,Recife,Ônibus,533912,15.5,53.3,47.8,43247.17,7.68,Médio
2023,5,2023-05-01,Nordeste,PE,Jaboatão dos Guararapes,VLT,1113317,64.4,43.5,24.8,39630.74,6.63,Médio
2023,5,2023-05-01,Nordeste,CE,Fortaleza,BRT,1971599,92.6,110.1,39.4,5660.6,3.6,Baixo
2023,5,2023-05-01,Nordeste,CE,Juazeiro do Norte,Ônibus,472974,94.3,46.3,28.3,46002.46,6.53,Alto
2023,5,2023-05-01,Nordeste,MA,São Luís,Metrô,1137683,26.1,49.6,42.9,43061.96,6.38,Baixo
2023,5,2023-05-01,Nordeste,PB,João Pessoa,Trem,298184,42.2,89.6,43.1,24783.02,5.38,Baixo
2023,5,2023-05-01,Centro-Oeste,DF,Brasília,Ônibus,995588,30.5,101.9,39.6,46066.03,5.64,Crítico
2023,5,2023-05-01,Centro-Oeste,GO,Goiânia,Trem,1330453,93.7,88.8,24.9,42643.17,5.64,Baixo
2023,5,2023-05-01,Centro-Oeste,GO,Aparecida de Goiânia,BRT,119784,42.8,20.1,45.2,36532.62,7.14,Alto
2023,5,2023-05-01,Centro-Oeste,MT,Cuiabá,BRT,1430001,34.2,96.9,33.8,23860.34,4.85,Baixo
2023,5,2023-05-01,Centro-Oeste,MS,Campo Grande,Trem,1538327,65.3,103.3,13.5,21783.57,5.85,Médio
2023,5,2023-05-01,Sudeste,SP,São Paulo,Trem,542806,90.4,38.9,51.2,46591.59,6.47,Médio
2023,5,2023-05-01,Sudeste,SP,Campinas,Bicicleta,83041,90.4,89.0,45.3,32959.79,4.27,Alto
2023,5,2023-05-01,Sudeste,SP,Ribeirão Preto,VLT,175050,40.4,90.9,48.9,36639.58,5.36,Médio
2023,5,2023-05-01,Sudeste,RJ,Rio de Janeiro,Ônibus,1471598,51.2,60.8,34.3,29374.28,4.48,Crítico
2023,5,2023-05-01,Sudeste,RJ,Niterói,Trem,492038,79.5,78.7,16.6,8973.93,4.14,Baixo
2023,5,2023-05-01,Sudeste,RJ,Nova Iguaçu,Bicicleta,781555,23.7,89.4,21.2,24181.4,4.74,Alto
2023,5,2023-05-01,Sudeste,RJ,Petrópolis,Metrô,523401,54.0,94.7,41.7,20599.59,3.58,Alto
2023,5,2023-05-01,Sudeste,MG,Belo Horizonte,Bicicleta,1890558,73.7,49.3,12.7,2575.9,6.37,Alto
2023,5,2023-05-01,Sudeste,MG,Uberlândia,Trem,51233,91.7,119.1,17.4,7077.08,4.48,Crítico
2023,5,2023-05-01,Sudeste,MG,Juiz de Fora,Metrô,245872,89.6,115.1,35.2,24759.13,4.16,Médio
2023,5,2023-05-01,Sudeste,ES,Vitória,Bicicleta,1706257,29.9,108.6,14.1,22293.57,6.15,Baixo
2023,5,2023-05-01,Sudeste,ES,Vila Velha,Trem,345199,75.8,80.6,32.2,2646.01,5.7,Médio
2023,5,2023-05-01,Sudeste,ES,Serra,Trem,462510,77.2,68.5,34.2,20935.49,4.03,Médio
2023,5,2023-05-01,Sul,PR,Curitiba,BRT,198375,41.6,43.1,45.2,5785.8,4.16,Alto
2023,5,2023-05-01,Sul,PR,Londrina,Ônibus,1930513,34.0,110.5,46.4,7506.98,7.42,Alto
2023,5,2023-05-01,Sul,SC,Florianópolis,Trem,114541,90.3,21.8,28.7,48669.79,7.82,Crítico
2023,5,2023-05-01,Sul,SC,Joinville,Metrô,683848,56.8,32.0,51.6,5568.02,4.32,Baixo
2023,5,2023-05-01,Sul,RS,Porto Alegre,Bicicleta,864546,75.9,103.8,45.0,16002.82,7.66,Médio
2023,5,2023-05-01,Sul,RS,Caxias do Sul,Bicicleta,1214460,84.0,116.8,8.1,13889.73,4.06,Crítico
2023,6,2023-06-01,Norte,AM,Manaus,Bicicleta,840767,41.4,76.7,14.2,1797.47,3.8,Baixo
2023,6,2023-06-01,Norte,PA,Belém,Bicicleta,1564334,86.0,48.0,21.3,35288.12,4.87,Médio
2023,6,2023-06-01,Norte,PA,Santarém,Trem,1248351,79.2,76.8,45.0,16383.26,6.71,Alto
2023,6,2023-06-01,Norte,RO,Porto Velho,Bicicleta,243115,70.2,70.0,10.4,46040.4,7.49,Baixo
2023,6,2023-06-01,Norte,TO,Palmas,Metrô,1794813,87.3,30.9,32.0,41968.07,4.31,Médio
2023,6,2023-06-01,Nordeste,BA,Salvador,BRT,595138,92.2,51.4,50.5,10546.15,6.04,Crítico
2023,6,2023-06-01,Nordeste,BA,Feira de Santana,Metrô,1789031,44.8,102.9,36.6,25793.9,3.52,Alto
2023,6,2023-06-01,Nordeste,PE,Recife,Trem,187011,51.8,88.2,39.0,22671.18,7.07,Crítico
2023,6,2023-06-01,Nordeste,PE,Jaboatão dos Guararapes,Metrô,360240,93.1,41.2,51.2,12735.49,4.19,Alto
2023,6,2023-06-01,Nordeste,CE,Fortaleza,Metrô,1533804,64.8,33.0,33.3,40238.01,7.13,Médio
2023,6,2023-06-01,Nordeste,CE,Juazeiro do Norte,Ônibus,456736,37.7,50.4,24.7,19648.41,7.02,Médio
2023,6,2023-06-01,Nordeste,MA,São Luís,Ônibus,699154,71.5,70.8,39.0,30068.78,7.16,Alto
2023,6,2023-06-01,Nordeste,PB,João Pessoa,Trem,67096,48.5,62.0,50.9,3425.32,6.9,Baixo
2023,6,2023-06-01,Centro-Oeste,DF,Brasília,BRT,739835,55.5,37.3,29.3,5790.32,6.14,Médio
2023,6,2023-06-01,Centro-Oeste,GO,Goiânia,Metrô,1545937,59.1,71.0,47.2,40184.7,5.11,Baixo
2023,6,2023-06-01,Centro-Oeste,GO,Aparecida de Goiânia,Ônibus,17499,20.7,98.4,49.1,25312.74,4.74,Alto
2023,6,2023-06-01,Centro-Oeste,MT,Cuiabá,BRT,1677456,57.3,60.1,54.2,37158.1,7.85,Baixo
2023,6,2023-06-01,Centro-Oeste,MS,Campo Grande,BRT,1724084,17.0,49.5,14.0,10043.98,6.9,Médio
2023,6,2023-06-01,Sudeste,SP,São Paulo,Trem,1056317,50.5,92.0,12.4,11482.61,5.95,Alto
2023,6,2023-06-01,Sudeste,SP,Campinas,Metrô,104407,94.6,109.5,41.7,47350.07,5.24,Alto
2023,6,2023-06-01,Sudeste,SP,Ribeirão Preto,Trem,1548605,41.6,93.5,37.9,46806.65,4.2,Alto
2023,6,2023-06-01,Sudeste,RJ,Rio de Janeiro,BRT,1284488,37.9,79.2,35.6,34746.48,5.39,Médio
2023,6,2023-06-01,Sudeste,RJ,Niterói,VLT,838393,65.5,55.3,30.7,39346.78,7.03,Médio
2023,6,2023-06-01,Sudeste,RJ,Nova Iguaçu,VLT,1185609,51.7,88.1,46.8,48788.57,5.29,Crítico
2023,6,2023-06-01,Sudeste,RJ,Petrópolis,Metrô,37528,56.6,48.7,26.5,44529.7,6.71,Alto
2023,6,2023-06-01,Sudeste,MG,Belo Horizonte,Trem,546163,25.7,49.3,46.9,14598.53,7.4,Médio
2023,6,2023-06-01,Sudeste,MG,Uberlândia,VLT,803977,60.8,118.1,47.1,35316.39,5.71,Médio
2023,6,2023-06-01,Sudeste,MG,Juiz de Fora,Ônibus,649161,89.0,111.4,35.9,5007.8,6.41,Baixo
2023,6,2023-06-01,Sudeste,ES,Vitória,VLT,1194217,25.8,100.9,10.7,4234.31,4.21,Médio
2023,6,2023-06-01,Sudeste,ES,Vila Velha,Bicicleta,156491,58.6,76.5,17.2,46695.17,3.63,Médio
2023,6,2023-06-01,Sudeste,ES,Serra,Ônibus,1168299,69.2,87.8,19.8,20447.31,3.59,Baixo
2023,6,2023-06-01,Sul,PR,Curitiba,BRT,631718,93.5,88.0,8.3,29873.77,5.91,Médio
2023,6,2023-06-01,Sul,PR,Londrina,Bicicleta,1570557,40.1,32.6,27.4,38149.13,4.56,Médio
2023,6,2023-06-01,Sul,SC,Florianópolis,VLT,194964,77.4,57.0,48.2,44127.4,3.73,Alto
2023,6,2023-06-01,Sul,SC,Joinville,Ônibus,1573461,39.6,40.1,45.4,28484.33,6.37,Alto
2023,6,2023-06-01,Sul,RS,Porto Alegre,Trem,40648,16.4,45.3,19.7,30165.21,7.05,Médio
2023,6,2023-06-01,Sul,RS,Caxias do Sul,Bicicleta,1935186,36.4,57.8,24.5,27796.09,5.61,Alto
2023,7,2023-07-01,Norte,AM,Manaus,Bicicleta,291844,82.4,98.3,34.3,21519.28,6.16,Médio
2023,7,2023-07-01,Norte,PA,Belém,Ônibus,743181,52.3,50.5,19.9,14484.95,6.36,Baixo
2023,7,2023-07-01,Norte,PA,Santarém,Bicicleta,1809305,66.2,40.5,30.6,41537.3,7.4,Médio
2023,7,2023-07-01,Norte,RO,Porto Velho,BRT,102566,53.3,65.4,53.3,35716.81,3.83,Baixo
2023,7,2023-07-01,Norte,TO,Palmas,Trem,39788,40.9,52.5,17.2,40624.37,5.63,Médio
2023,7,2023-07-01,Nordeste,BA,Salvador,BRT,499918,47.0,77.7,52.4,45024.79,6.5,Crítico
2023,7,2023-07-01,Nordeste,BA,Feira de Santana,Metrô,1464310,41.0,92.9,25.5,39329.38,6.15,Baixo
2023,7,2023-07-01,Nordeste,PE,Recife,Metrô,1814897,45.2,88.2,8.2,35974.38,6.12,Baixo
2023,7,2023-07-01,Nordeste,PE,Jaboatão dos Guararapes,Metrô,1079714,30.8,89.2,30.1,46461.95,5.95,Médio
2023,7,2023-07-01,Nordeste,CE,Fortaleza,VLT,253367,65.1,68.8,25.8,10209.59,7.23,Médio
2023,7,2023-07-01,Nordeste,CE,Juazeiro do Norte,BRT,601113,42.7,97.1,28.3,41020.81,6.39,Crítico
2023,7,2023-07-01,Nordeste,MA,São Luís,Metrô,395052,21.9,47.9,50.7,45086.41,4.25,Baixo
2023,7,2023-07-01,Nordeste,PB,João Pessoa,Trem,108166,37.2,51.7,49.4,12188.95,6.29,Crítico
2023,7,2023-07-01,Centro-Oeste,DF,Brasília,BRT,1664019,31.5,35.1,35.4,35247.57,7.51,Crítico
2023,7,2023-07-01,Centro-Oeste,GO,Goiânia,Ônibus,975618,83.3,85.4,8.9,43806.58,5.14,Alto
2023,7,2023-07-01,Centro-Oeste,GO,Aparecida de Goiânia,Trem,469263,75.2,65.9,52.3,7466.44,6.37,Baixo
2023,7,2023-07-01,Centro-Oeste,MT,Cuiabá,VLT,1997275,51.9,115.4,49.5,31156.12,6.64,Alto
2023,7,2023-07-01,Centro-Oeste,MS,Campo Grande,BRT,1152357,87.7,78.5,48.4,37440.37,4.11,Crítico
2023,7,2023-07-01,Sudeste,SP,São Paulo,Ônibus,365537,74.5,85.8,22.6,2436.66,7.44,Alto
2023,7,2023-07-01,Sudeste,SP,Campinas,Bicicleta,1253780,90.1,60.5,36.6,46527.89,3.96,Baixo
2023,7,2023-07-01,Sudeste,SP,Ribeirão Preto,Trem,1085816,93.2,35.0,8.2,36145.64,5.26,Médio
2023,7,2023-07-01,Sudeste,RJ,Rio de Janeiro,BRT,1006682,30.4,89.9,27.7,17382.29,6.48,Baixo
2023,7,2023-07-01,Sudeste,RJ,Niterói,Ônibus,553729,46.5,93.1,32.7,41682.83,4.21,Crítico
2023,7,2023-07-01,Sudeste,RJ,Nova Iguaçu,Ônibus,426448,55.7,62.1,21.4,13264.76,5.67,Crítico
2023,7,2023-07-01,Sudeste,RJ,Petrópolis,Bicicleta,708486,37.8,27.3,45.6,9486.08,3.55,Crítico
2023,7,2023-07-01,Sudeste,MG,Belo Horizonte,BRT,1916406,51.7,43.3,38.6,2880.84,5.78,Médio
2023,7,2023-07-01,Sudeste,MG,Uberlândia,BRT,154617,48.3,110.0,44.4,46484.5,3.98,Baixo
2023,7,2023-07-01,Sudeste,MG,Juiz de Fora,Bicicleta,935105,78.5,29.4,18.4,37296.39,6.09,Médio
2023,7,2023-07-01,Sudeste,ES,Vitória,Ônibus,1206742,35.8,79.4,30.8,9678.67,4.65,Médio
2023,7,2023-07-01,Sudeste,ES,Vila Velha,Metrô,917834,91.6,57.8,35.4,4324.48,6.7,Baixo
2023,7,2023-07-01,Sudeste,ES,Serra,Ônibus,1488522,56.4,54.9,21.6,7618.19,4.81,Crítico
2023,7,2023-07-01,Sul,PR,Curitiba,Trem,43464,58.1,55.2,11.7,13915.43,8.0,Baixo
2023,7,2023-07-01,Sul,PR,Londrina,Ônibus,1877106,43.6,84.2,52.7,27337.56,7.54,Baixo
2023,7,2023-07-01,Sul,SC,Florianópolis,VLT,1873532,28.7,73.1,35.9,34796.11,5.42,Crítico
2023,7,2023-07-01,Sul,SC,Joinville,BRT,864760,38.5,96.7,17.7,46304.84,5.83,Crítico
2023,7,2023-07-01,Sul,RS,Porto Alegre,Trem,1847949,83.6,110.1,45.7,34217.22,4.94,Médio
2023,7,2023-07-01,Sul,RS,Caxias do Sul,Trem,1780601,22.7,63.5,40.7,40540.8,7.6,Baixo
2023,8,2023-08-01,Norte,AM,Manaus,Metrô,574976,64.7,29.6,20.2,6576.65,5.04,Médio
2023,8,2023-08-01,Norte,PA,Belém,Trem,1870016,94.4,69.9,51.5,9561.15,6.73,Alto
2023,8,2023-08-01,Norte,PA,Santarém,Ônibus,1774002,32.5,82.6,26.0,31504.63,6.18,Baixo
2023,8,2023-08-01,Norte,RO,Porto Velho,VLT,413037,52.1,116.7,39.3,12026.24,6.88,Médio
2023,8,2023-08-01,Norte,TO,Palmas,Ônibus,13135,56.1,115.5,47.6,18139.43,6.06,Médio
2023,8,2023-08-01,Nordeste,BA,Salvador,Bicicleta,1817941,77.8,111.4,29.2,43261.68,4.58,Médio
2023,8,2023-08-01,Nordeste,BA,Feira de Santana,Ônibus,1383722,66.1,117.1,44.8,36272.99,4.32,Baixo
2023,8,2023-08-01,Nordeste,PE,Recife,Ônibus,601871,47.4,26.6,33.2,5743.89,5.8,Médio
2023,8,2023-08-01,Nordeste,PE,Jaboatão dos Guararapes,Trem,392812,50.9,25.0,36.0,30105.27,6.99,Alto
2023,8,2023-08-01,Nordeste,CE,Fortaleza,BRT,1213728,62.2,61.0,36.9,31076.65,6.84,Crítico
2023,8,2023-08-01,Nordeste,CE,Juazeiro do Norte,Metrô,893505,22.8,25.1,16.1,42118.23,6.96,Médio
2023,8,2023-08-01,Nordeste,MA,São Luís,Trem,1199909,45.4,23.6,13.0,34957.47,5.62,Crítico
2023,8,2023-08-01,Nordeste,PB,João Pessoa,VLT,1744442,52.4,35.0,54.9,4048.08,5.33,Alto
2023,8,2023-08-01,Centro-Oeste,DF,Brasília,Trem,268006,28.9,41.1,34.3,37812.49,4.33,Baixo
2023,8,2023-08-01,Centro-Oeste,GO,Goiânia,Trem,1743031,43.8,52.7,32.8,12338.72,6.51,Médio
2023,8,2023-08-01,Centro-Oeste,GO,Aparecida de Goiânia,BRT,944747,71.3,79.8,44.3,2739.45,3.78,Alto
2023,8,2023-08-01,Centro-Oeste,MT,Cuiabá,Bicicleta,884256,53.3,95.2,13.0,16509.61,5.04,Crítico
2023,8,2023-08-01,Centro-Oeste,MS,Campo Grande,Metrô,1825970,25.1,85.1,20.6,845.3,6.75,Alto
2023,8,2023-08-01,Sudeste,SP,São Paulo,Metrô,1863059,20.7,118.3,29.8,19879.47,4.14,Crítico
2023,8,2023-08-01,Sudeste,SP,Campinas,VLT,1348653,21.8,59.0,24.1,35556.68,7.31,Alto
2023,8,2023-08-01,Sudeste,SP,Ribeirão Preto,Ônibus,1888705,26.1,94.8,34.9,37767.7,4.96,Crítico
2023,8,2023-08-01,Sudeste,RJ,Rio de Janeiro,BRT,1727328,34.1,43.6,39.5,11724.46,4.56,Médio
2023,8,2023-08-01,Sudeste,RJ,Niterói,Metrô,1207045,85.5,105.8,47.6,48926.26,6.79,Baixo
2023,8,2023-08-01,Sudeste,RJ,Nova Iguaçu,BRT,1248792,58.7,95.2,26.9,18732.7,6.76,Alto
2023,8,2023-08-01,Sudeste,RJ,Petrópolis,BRT,471280,79.3,42.1,51.8,28224.73,6.31,Alto
2023,8,2023-08-01,Sudeste,MG,Belo Horizonte,Trem,397742,67.2,78.7,54.3,19651.03,7.18,Baixo
2023,8,2023-08-01,Sudeste,MG,Uberlândia,VLT,1019472,54.5,105.3,42.7,9514.95,7.01,Baixo
2023,8,2023-08-01,Sudeste,MG,Juiz de Fora,BRT,279425,41.4,104.0,21.3,39338.83,7.66,Crítico
2023,8,2023-08-01,Sudeste,ES,Vitória,Trem,1779983,47.5,112.5,38.0,45884.14,3.73,Baixo
2023,8,2023-08-01,Sudeste,ES,Vila Velha,Trem,760042,76.3,91.6,25.7,22247.99,5.0,Alto
2023,8,2023-08-01,Sudeste,ES,Serra,BRT,1697527,31.6,110.9,53.2,45693.7,7.06,Baixo
2023,8,2023-08-01,Sul,PR,Curitiba,Bicicleta,639329,90.6,107.8,20.4,7113.84,5.38,Baixo
2023,8,2023-08-01,Sul,PR,Londrina,Metrô,972599,67.8,67.2,18.7,24827.07,7.99,Médio
2023,8,2023-08-01,Sul,SC,Florianópolis,BRT,1260605,26.6,104.1,15.0,17687.23,4.7,Baixo
2023,8,2023-08-01,Sul,SC,Joinville,VLT,567123,77.5,89.7,20.4,14791.74,7.26,Baixo
2023,8,2023-08-01,Sul,RS,Porto Alegre,BRT,1773280,85.1,75.2,34.3,43516.23,5.38,Médio
2023,8,2023-08-01,Sul,RS,Caxias do Sul,VLT,733217,26.8,111.6,49.9,47056.92,7.83,Crítico
2023,9,2023-09-01,Norte,AM,Manaus,Metrô,1683817,34.1,87.4,9.2,40747.76,6.44,Médio
2023,9,2023-09-01,Norte,PA,Belém,BRT,864535,58.9,81.0,43.8,1477.14,6.73,Alto
2023,9,2023-09-01,Norte,PA,Santarém,Ônibus,465307,84.9,35.7,43.7,34983.25,7.84,Médio
2023,9,2023-09-01,Norte,RO,Porto Velho,BRT,738622,80.9,25.7,19.0,27064.34,6.23,Médio
2023,9,2023-09-01,Norte,TO,Palmas,VLT,455627,79.6,95.9,33.8,13930.94,4.02,Alto
2023,9,2023-09-01,Nordeste,BA,Salvador,BRT,1327079,24.8,116.4,38.1,38291.6,5.33,Crítico
2023,9,2023-09-01,Nordeste,BA,Feira de Santana,VLT,566538,61.1,44.1,39.0,27835.76,7.25,Alto
2023,9,2023-09-01,Nordeste,PE,Recife,BRT,898150,59.0,33.7,13.5,30863.06,4.55,Baixo
2023,9,2023-09-01,Nordeste,PE,Jaboatão dos Guararapes,Metrô,1715663,29.5,47.1,17.5,39171.89,7.61,Crítico
2023,9,2023-09-01,Nordeste,CE,Fortaleza,BRT,115662,89.6,119.9,41.0,4316.94,6.77,Alto
2023,9,2023-09-01,Nordeste,CE,Juazeiro do Norte,Trem,1580295,54.3,103.8,23.2,38689.49,7.02,Crítico
2023,9,2023-09-01,Nordeste,MA,São Luís,Bicicleta,433493,54.0,45.4,48.0,33457.69,5.89,Crítico
2023,9,2023-09-01,Nordeste,PB,João Pessoa,Ônibus,162978,24.9,92.5,45.4,18909.49,6.96,Alto
2023,9,2023-09-01,Centro-Oeste,DF,Brasília,Ônibus,1975071,61.6,67.5,20.0,1348.47,5.45,Alto
2023,9,2023-09-01,Centro-Oeste,GO,Goiânia,VLT,1557690,89.1,101.9,25.7,4014.43,3.91,Alto
2023,9,2023-09-01,Centro-Oeste,GO,Aparecida de Goiânia,Trem,671407,78.2,91.8,51.3,30354.83,5.46,Alto
2023,9,2023-09-01,Centro-Oeste,MT,Cuiabá,Metrô,535613,21.2,58.2,37.0,27347.2,7.08,Alto
2023,9,2023-09-01,Centro-Oeste,MS,Campo Grande,Metrô,1383270,16.3,58.5,40.0,31116.0,6.65,Crítico
2023,9,2023-09-01,Sudeste,SP,São Paulo,Metrô,503712,84.7,97.5,35.9,44825.46,3.53,Médio
2023,9,2023-09-01,Sudeste,SP,Campinas,VLT,569398,63.4,60.1,42.2,22983.12,5.26,Crítico
2023,9,2023-09-01,Sudeste,SP,Ribeirão Preto,BRT,72347,30.1,25.7,44.6,961.64,7.95,Crítico
2023,9,2023-09-01,Sudeste,RJ,Rio de Janeiro,VLT,1457633,59.7,60.8,40.3,31696.3,6.81,Médio
2023,9,2023-09-01,Sudeste,RJ,Niterói,BRT,1497153,94.2,30.7,16.5,6159.44,7.19,Médio
2023,9,2023-09-01,Sudeste,RJ,Nova Iguaçu,Trem,165951,44.4,41.7,37.3,36859.64,5.7,Médio
2023,9,2023-09-01,Sudeste,RJ,Petrópolis,Trem,1101414,53.2,74.7,38.6,35489.05,5.13,Baixo
2023,9,2023-09-01,Sudeste,MG,Belo Horizonte,Trem,1915317,68.6,20.4,29.5,230.5,5.07,Crítico
2023,9,2023-09-01,Sudeste,MG,Uberlândia,Ônibus,308085,16.6,55.2,17.5,4759.53,6.12,Baixo
2023,9,2023-09-01,Sudeste,MG,Juiz de Fora,BRT,196308,62.2,55.4,16.5,13035.0,3.71,Crítico
2023,9,2023-09-01,Sudeste,ES,Vitória,Ônibus,736614,61.3,97.5,24.7,34687.19,7.88,Alto
2023,9,2023-09-01,Sudeste,ES,Vila Velha,Metrô,957305,67.7,58.3,39.5,18263.89,6.44,Médio
2023,9,2023-09-01,Sudeste,ES,Serra,Trem,1454044,39.3,94.7,52.2,38161.89,4.82,Médio
2023,9,2023-09-01,Sul,PR,Curitiba,Ônibus,439101,76.1,102.0,32.3,15711.68,6.35,Médio
2023,9,2023-09-01,Sul,PR,Londrina,Metrô,932123,44.4,73.8,41.1,25591.48,4.63,Baixo
2023,9,2023-09-01,Sul,SC,Florianópolis,Trem,638556,41.5,43.1,54.7,48498.35,4.55,Médio
2023,9,2023-09-01,Sul,SC,Joinville,BRT,378069,81.6,23.3,48.7,47261.94,4.3,Médio
2023,9,2023-09-01,Sul,RS,Porto Alegre,Metrô,1689806,53.4,25.1,19.5,13254.03,5.21,Crítico
2023,9,2023-09-01,Sul,RS,Caxias do Sul,BRT,445915,34.2,35.4,17.1,23835.91,3.59,Baixo
2023,10,2023-10-01,Norte,AM,Manaus,Metrô,1828427,28.7,110.2,44.6,25374.8,5.38,Crítico
2023,10,2023-10-01,Norte,PA,Belém,Bicicleta,504673,58.1,102.9,8.9,14992.58,5.47,Crítico
2023,10,2023-10-01,Norte,PA,Santarém,VLT,306107,32.2,92.9,14.6,11480.69,5.91,Crítico
2023,10,2023-10-01,Norte,RO,Porto Velho,Metrô,1242486,72.6,54.7,52.4,23330.74,4.81,Médio
2023,10,2023-10-01,Norte,TO,Palmas,BRT,224580,52.4,60.2,39.7,21404.97,6.73,Crítico
2023,10,2023-10-01,Nordeste,BA,Salvador,VLT,1931098,80.0,41.8,40.9,17836.59,4.07,Crítico
2023,10,2023-10-01,Nordeste,BA,Feira de Santana,VLT,172931,54.8,95.8,49.0,18887.14,3.96,Alto
2023,10,2023-10-01,Nordeste,PE,Recife,Trem,333920,38.0,20.5,26.4,27323.76,5.24,Crítico
2023,10,2023-10-01,Nordeste,PE,Jaboatão dos Guararapes,BRT,135291,50.4,75.8,51.3,16588.49,7.35,Alto
2023,10,2023-10-01,Nordeste,CE,Fortaleza,BRT,1832958,52.0,48.2,54.5,2672.53,6.35,Médio
2023,10,2023-10-01,Nordeste,CE,Juazeiro do Norte,Metrô,1390476,47.1,42.4,20.7,27617.0,7.2,Crítico
2023,10,2023-10-01,Nordeste,MA,São Luís,BRT,576605,67.2,119.7,33.0,8478.8,3.92,Médio
2023,10,2023-10-01,Nordeste,PB,João Pessoa,Metrô,234753,80.5,20.4,10.3,10703.84,7.38,Médio
2023,10,2023-10-01,Centro-Oeste,DF,Brasília,BRT,696862,58.2,78.2,49.2,49566.53,7.0,Crítico
2023,10,2023-10-01,Centro-Oeste,GO,Goiânia,BRT,1339800,24.7,98.5,10.8,26490.63,4.11,Baixo
2023,10,2023-10-01,Centro-Oeste,GO,Aparecida de Goiânia,Bicicleta,147768,21.1,85.5,45.5,13875.83,7.25,Alto
2023,10,2023-10-01,Centro-Oeste,MT,Cuiabá,Bicicleta,1927109,60.0,30.4,25.8,16081.32,4.89,Baixo
2023,10,2023-10-01,Centro-Oeste,MS,Campo Grande,Metrô,1954819,89.8,101.1,27.0,28658.3,4.35,Crítico
2023,10,2023-10-01,Sudeste,SP,São Paulo,Bicicleta,1244004,63.4,94.6,28.1,42187.51,6.59,Alto
2023,10,2023-10-01,Sudeste,SP,Campinas,Trem,987608,51.4,107.9,36.1,35237.93,6.36,Médio
2023,10,2023-10-01,Sudeste,SP,Ribeirão Preto,Trem,992669,34.1,26.0,41.0,46554.67,6.27,Alto
2023,10,2023-10-01,Sudeste,RJ,Rio de Janeiro,Ônibus,974406,88.6,87.1,42.7,8353.52,4.25,Crítico
2023,10,2023-10-01,Sudeste,RJ,Niterói,Metrô,1973466,88.6,66.9,16.7,36276.61,6.29,Alto
2023,10,2023-10-01,Sudeste,RJ,Nova Iguaçu,Bicicleta,39867,32.5,52.0,35.9,17806.6,4.35,Médio
2023,10,2023-10-01,Sudeste,RJ,Petrópolis,BRT,1133634,90.7,75.6,12.7,10518.89,4.28,Alto
2023,10,2023-10-01,Sudeste,MG,Belo Horizonte,BRT,1489613,57.9,64.8,50.8,11567.42,6.97,Baixo
2023,10,2023-10-01,Sudeste,MG,Uberlândia,Bicicleta,240832,47.1,88.2,18.5,42023.73,6.88,Baixo
2023,10,2023-10-01,Sudeste,MG,Juiz de Fora,BRT,166017,48.6,34.9,43.8,15484.16,4.14,Crítico
2023,10,2023-10-01,Sudeste,ES,Vitória,Ônibus,514866,34.3,100.6,44.0,38410.19,7.75,Alto
2023,10,2023-10-01,Sudeste,ES,Vila Velha,Trem,838194,70.4,76.1,32.7,29752.29,4.81,Crítico
2023,10,2023-10-01,Sudeste,ES,Serra,Ônibus,387515,25.0,43.4,32.7,8550.52,7.05,Médio
2023,10,2023-10-01,Sul,PR,Curitiba,Bicicleta,876859,56.3,119.5,54.7,47101.33,3.67,Baixo
2023,10,2023-10-01,Sul,PR,Londrina,Metrô,223833,19.1,93.4,44.1,4771.97,4.83,Baixo
2023,10,2023-10-01,Sul,SC,Florianópolis,BRT,1349237,75.7,45.3,12.5,9341.89,6.07,Médio
2023,10,2023-10-01,Sul,SC,Joinville,Metrô,671898,55.5,106.4,16.3,20472.74,7.11,Alto
2023,10,2023-10-01,Sul,RS,Porto Alegre,Metrô,1618797,58.8,63.4,42.6,43694.02,3.89,Médio
2023,10,2023-10-01,Sul,RS,Caxias do Sul,Metrô,1878494,61.9,27.8,21.8,7494.89,4.87,Baixo
2023,11,2023-11-01,Norte,AM,Manaus,Bicicleta,1589793,23.8,102.5,38.9,44422.26,4.46,Alto
2023,11,2023-11-01,Norte,PA,Belém,Metrô,559000,72.5,67.6,49.3,37358.42,4.42,Alto
2023,11,2023-11-01,Norte,PA,Santarém,VLT,1170048,68.4,31.9,15.1,46993.66,5.36,Alto
2023,11,2023-11-01,Norte,RO,Porto Velho,Ônibus,1493398,91.1,98.1,11.6,22738.27,4.79,Médio
2023,11,2023-11-01,Norte,TO,Palmas,BRT,456349,27.8,42.4,11.3,30932.12,4.78,Crítico
2023,11,2023-11-01,Nordeste,BA,Salvador,Bicicleta,1344815,23.0,34.1,43.6,43814.53,3.98,Baixo
2023,11,2023-11-01,Nordeste,BA,Feira de Santana,Bicicleta,1619992,69.6,107.4,18.2,9186.74,6.47,Crítico
2023,11,2023-11-01,Nordeste,PE,Recife,Trem,1045289,49.1,89.2,48.0,23833.76,6.66,Baixo
2023,11,2023-11-01,Nordeste,PE,Jaboatão dos Guararapes,BRT,209820,31.8,78.2,25.0,4042.56,7.58,Baixo
2023,11,2023-11-01,Nordeste,CE,Fortaleza,Bicicleta,1473507,90.8,95.2,23.0,24143.75,6.72,Médio
2023,11,2023-11-01,Nordeste,CE,Juazeiro do Norte,Bicicleta,350929,46.3,27.3,10.8,12267.79,4.49,Crítico
2023,11,2023-11-01,Nordeste,MA,São Luís,VLT,905443,70.2,74.9,50.5,36342.82,5.45,Baixo
2023,11,2023-11-01,Nordeste,PB,João Pessoa,Metrô,242444,25.3,96.4,46.4,15823.31,4.44,Médio
2023,11,2023-11-01,Centro-Oeste,DF,Brasília,Metrô,1893166,34.2,57.7,23.3,21774.69,4.05,Crítico
2023,11,2023-11-01,Centro-Oeste,GO,Goiânia,BRT,1646809,94.9,96.3,35.5,18676.0,7.17,Baixo
2023,11,2023-11-01,Centro-Oeste,GO,Aparecida de Goiânia,VLT,218346,88.2,40.0,30.1,37176.78,6.67,Baixo
2023,11,2023-11-01,Centro-Oeste,MT,Cuiabá,BRT,690126,66.1,100.8,15.7,2166.16,6.08,Crítico
2023,11,2023-11-01,Centro-Oeste,MS,Campo Grande,Bicicleta,1445605,33.3,66.1,15.9,44369.01,5.6,Alto
2023,11,2023-11-01,Sudeste,SP,São Paulo,Bicicleta,1577889,35.6,108.8,52.3,4451.04,6.41,Médio
2023,11,2023-11-01,Sudeste,SP,Campinas,BRT,1764637,92.7,44.9,13.5,12966.85,4.68,Baixo
2023,11,2023-11-01,Sudeste,SP,Ribeirão Preto,Ônibus,1655183,60.7,42.0,27.6,9000.95,4.87,Alto
2023,11,2023-11-01,Sudeste,RJ,Rio de Janeiro,Ônibus,482334,80.9,96.9,11.0,49737.82,5.69,Baixo
2023,11,2023-11-01,Sudeste,RJ,Niterói,Trem,944405,19.0,84.1,33.4,47166.06,5.38,Médio
2023,11,2023-11-01,Sudeste,RJ,Nova Iguaçu,BRT,559095,22.9,73.2,8.5,33587.61,7.03,Baixo
2023,11,2023-11-01,Sudeste,RJ,Petrópolis,VLT,670088,75.8,78.4,47.1,4075.85,6.91,Alto
2023,11,2023-11-01,Sudeste,MG,Belo Horizonte,Bicicleta,1531026,18.8,91.2,17.8,10656.32,4.88,Médio
2023,11,2023-11-01,Sudeste,MG,Uberlândia,VLT,1486030,43.1,97.9,54.3,1303.91,7.91,Alto
2023,11,2023-11-01,Sudeste,MG,Juiz de Fora,Bicicleta,983983,18.3,98.0,32.0,11006.75,7.41,Médio
2023,11,2023-11-01,Sudeste,ES,Vitória,VLT,1227782,64.2,108.4,53.5,8226.39,4.65,Médio
2023,11,2023-11-01,Sudeste,ES,Vila Velha,Ônibus,411885,89.8,84.3,45.0,10684.77,6.42,Alto
2023,11,2023-11-01,Sudeste,ES,Serra,Bicicleta,463758,39.3,52.7,11.7,43094.42,4.77,Baixo
2023,11,2023-11-01,Sul,PR,Curitiba,BRT,1603709,88.8,35.6,36.8,47721.35,3.61,Alto
2023,11,2023-11-01,Sul,PR,Londrina,VLT,1697423,17.6,61.4,19.7,18627.3,7.82,Crítico
2023,11,2023-11-01,Sul,SC,Florianópolis,BRT,416248,28.5,34.5,14.3,9307.69,7.93,Baixo
2023,11,2023-11-01,Sul,SC,Joinville,Bicicleta,594216,70.9,100.7,43.1,18981.9,6.65,Baixo
2023,11,2023-11-01,Sul,RS,Porto Alegre,Metrô,1693255,23.3,60.9,41.9,10552.14,6.89,Médio
2023,11,2023-11-01,Sul,RS,Caxias do Sul,Trem,119697,73.8,99.6,43.9,48494.73,4.57,Alto
2023,12,2023-12-01,Norte,AM,Manaus,Bicicleta,746245,78.5,103.8,23.8,10922.87,3.67,Alto
2023,12,2023-12-01,Norte,PA,Belém,VLT,21423,23.5,115.4,35.1,20752.21,4.48,Alto
2023,12,2023-12-01,Norte,PA,Santarém,BRT,433848,50.9,90.5,41.4,31171.24,6.43,Alto
2023,12,2023-12-01,Norte,RO,Porto Velho,VLT,1516864,59.1,114.8,46.6,47648.46,4.24,Crítico
2023,12,2023-12-01,Norte,TO,Palmas,Trem,1235330,19.5,85.7,50.7,45371.67,6.91,Médio
2023,12,2023-12-01,Nordeste,BA,Salvador,Ônibus,1219431,47.3,75.8,51.6,33668.41,7.66,Baixo
2023,12,2023-12-01,Nordeste,BA,Feira de Santana,Bicicleta,1370842,32.7,66.2,21.6,41664.32,4.11,Médio
2023,12,2023-12-01,Nordeste,PE,Recife,Bicicleta,103299,23.8,54.3,54.9,33871.21,7.45,Baixo
2023,12,2023-12-01,Nordeste,PE,Jaboatão dos Guararapes,Bicicleta,1229413,45.5,63.1,16.9,28549.65,6.89,Baixo
2023,12,2023-12-01,Nordeste,CE,Fortaleza,Ônibus,1276456,33.8,113.0,27.7,8198.41,7.1,Médio
2023,12,2023-12-01,Nordeste,CE,Juazeiro do Norte,VLT,938739,21.9,82.4,33.3,47110.67,4.95,Crítico
2023,12,2023-12-01,Nordeste,MA,São Luís,VLT,1846532,18.5,72.5,8.8,43374.8,6.45,Crítico
2023,12,2023-12-01,Nordeste,PB,João Pessoa,Metrô,673182,90.0,72.5,29.2,16885.88,3.62,Crítico
2023,12,2023-12-01,Centro-Oeste,DF,Brasília,Metrô,785014,40.5,118.4,37.4,41208.61,7.59,Crítico
2023,12,2023-12-01,Centro-Oeste,GO,Goiânia,Metrô,1568195,30.3,96.5,51.6,24140.14,7.77,Alto
2023,12,2023-12-01,Centro-Oeste,GO,Aparecida de Goiânia,Metrô,14327,35.7,103.6,9.9,19729.92,4.35,Alto
2023,12,2023-12-01,Centro-Oeste,MT,Cuiabá,Trem,656849,55.7,84.9,8.1,5050.06,4.03,Médio
2023,12,2023-12-01,Centro-Oeste,MS,Campo Grande,Metrô,52766,26.2,99.3,44.0,35516.23,3.94,Crítico
2023,12,2023-12-01,Sudeste,SP,São Paulo,Metrô,1272808,34.6,46.1,40.8,31572.01,6.8,Alto
2023,12,2023-12-01,Sudeste,SP,Campinas,BRT,1227136,31.0,89.9,46.1,2581.39,6.61,Médio
2023,12,2023-12-01,Sudeste,SP,Ribeirão Preto,Bicicleta,1923287,47.8,98.1,26.3,453.42,5.32,Crítico
2023,12,2023-12-01,Sudeste,RJ,Rio de Janeiro,BRT,1762671,91.3,71.6,37.5,33362.77,7.0,Médio
2023,12,2023-12-01,Sudeste,RJ,Niterói,Ônibus,1432518,23.6,28.7,32.6,14267.68,5.86,Alto
2023,12,2023-12-01,Sudeste,RJ,Nova Iguaçu,Ônibus,936093,71.5,114.9,39.6,35255.96,3.71,Médio
2023,12,2023-12-01,Sudeste,RJ,Petrópolis,Bicicleta,1525141,85.0,72.4,9.3,36742.14,4.11,Crítico
2023,12,2023-12-01,Sudeste,MG,Belo Horizonte,BRT,325847,31.0,70.9,18.1,17714.44,3.81,Médio
2023,12,2023-12-01,Sudeste,MG,Uberlândia,Metrô,1088708,23.4,78.3,49.2,9940.13,3.8,Alto
2023,12,2023-12-01,Sudeste,MG,Juiz de Fora,Ônibus,1605012,38.7,24.4,21.4,36886.32,6.78,Baixo
2023,12,2023-12-01,Sudeste,ES,Vitória,VLT,315748,82.2,21.4,30.7,44935.37,6.3,Médio
2023,12,2023-12-01,Sudeste,ES,Vila Velha,Metrô,1715581,29.3,53.1,36.6,32375.32,3.74,Crítico
2023,12,2023-12-01,Sudeste,ES,Serra,Ônibus,222687,34.5,23.4,32.8,25575.38,6.28,Crítico
2023,12,2023-12-01,Sul,PR,Curitiba,Ônibus,365682,55.2,57.5,28.9,33527.65,4.49,Baixo
2023,12,2023-12-01,Sul,PR,Londrina,Metrô,1255346,28.0,108.8,14.4,3479.78,6.63,Baixo
2023,12,2023-12-01,Sul,SC,Florianópolis,Bicicleta,1114937,67.0,27.4,8.9,17519.42,3.79,Crítico
2023,12,2023-12-01,Sul,SC,Joinville,Ônibus,1650587,72.2,62.0,25.7,28801.31,3.86,Baixo
2023,12,2023-12-01,Sul,RS,Porto Alegre,Trem,1287537,63.2,49.3,40.0,23138.82,6.5,Baixo
2023,12,2023-12-01,Sul,RS,Caxias do Sul,VLT,1268713,47.2,119.0,37.1,34528.6,5.15,Baixo
2024,1,2024-01-01,Norte,AM,Manaus,BRT,963992,15.2,34.4,44.1,32062.13,6.77,Baixo
2024,1,2024-01-01,Norte,PA,Belém,BRT,986773,37.0,114.4,40.7,26829.28,5.84,Crítico
2024,1,2024-01-01,Norte,PA,Santarém,BRT,1785102,60.6,27.8,11.0,30611.28,5.13,Médio
2024,1,2024-01-01,Norte,RO,Porto Velho,Bicicleta,1688720,17.6,58.3,17.0,8231.59,6.94,Médio
2024,1,2024-01-01,Norte,TO,Palmas,BRT,638355,91.4,22.2,34.5,22626.01,3.64,Baixo
2024,1,2024-01-01,Nordeste,BA,Salvador,Bicicleta,819333,82.7,39.2,49.6,38686.57,4.66,Baixo
2024,1,2024-01-01,Nordeste,BA,Feira de Santana,Trem,1366670,61.9,24.6,9.1,28133.19,7.42,Baixo
2024,1,2024-01-01,Nordeste,PE,Recife,Bicicleta,856421,87.4,87.9,30.1,9309.31,6.66,Baixo
2024,1,2024-01-01,Nordeste,PE,Jaboatão dos Guararapes,Ônibus,1344863,68.7,21.7,52.0,35571.17,6.66,Baixo
2024,1,2024-01-01,Nordeste,CE,Fortaleza,Trem,463446,71.5,88.8,35.8,29466.09,5.26,Crítico
2024,1,2024-01-01,Nordeste,CE,Juazeiro do Norte,Metrô,1038173,30.5,106.8,50.0,24370.57,4.44,Médio
2024,1,2024-01-01,Nordeste,MA,São Luís,BRT,787833,31.1,34.9,44.4,23242.79,3.91,Crítico
2024,1,2024-01-01,Nordeste,PB,João Pessoa,BRT,1485035,67.2,47.3,20.2,48293.62,3.67,Médio
2024,1,2024-01-01,Centro-Oeste,DF,Brasília,BRT,1309396,23.9,56.3,49.2,15935.36,4.19,Baixo
2024,1,2024-01-01,Centro-Oeste,GO,Goiânia,Bicicleta,1988684,31.5,113.0,38.5,4863.02,5.57,Médio
2024,1,2024-01-01,Centro-Oeste,GO,Aparecida de Goiânia,Metrô,1875432,20.9,54.0,8.8,40990.66,3.58,Crítico
2024,1,2024-01-01,Centro-Oeste,MT,Cuiabá,Bicicleta,343139,56.9,30.4,20.5,44866.23,5.52,Baixo
2024,1,2024-01-01,Centro-Oeste,MS,Campo Grande,Metrô,44550,56.1,70.3,41.5,8246.87,7.07,Baixo
2024,1,2024-01-01,Sudeste,SP,São Paulo,BRT,1589216,63.2,71.9,29.2,31804.95,4.62,Crítico
2024,1,2024-01-01,Sudeste,SP,Campinas,Bicicleta,1512968,89.5,57.3,13.6,49462.73,4.61,Médio
2024,1,2024-01-01,Sudeste,SP,Ribeirão Preto,VLT,1265698,82.3,113.8,23.6,13622.99,7.65,Médio
2024,1,2024-01-01,Sudeste,RJ,Rio de Janeiro,VLT,1827665,73.4,40.9,17.5,24397.02,4.6,Médio
2024,1,2024-01-01,Sudeste,RJ,Niterói,BRT,1654833,56.7,73.6,44.9,17163.67,4.17,Crítico
2024,1,2024-01-01,Sudeste,RJ,Nova Iguaçu,Trem,17881,78.8,38.4,29.1,2768.9,5.21,Baixo
2024,1,2024-01-01,Sudeste,RJ,Petrópolis,Ônibus,1648091,42.0,108.9,40.7,38048.02,7.21,Médio
2024,1,2024-01-01,Sudeste,MG,Belo Horizonte,Trem,1097359,66.4,97.9,29.3,19641.13,6.49,Baixo
2024,1,2024-01-01,Sudeste,MG,Uberlândia,Metrô,764962,46.2,95.5,34.9,2208.14,7.99,Alto
2024,1,2024-01-01,Sudeste,MG,Juiz de Fora,Metrô,1873996,80.2,104.2,18.8,19493.11,7.25,Alto
2024,1,2024-01-01,Sudeste,ES,Vitória,Bicicleta,276379,47.2,61.2,50.0,13808.45,4.47,Alto
2024,1,2024-01-01,Sudeste,ES,Vila Velha,Bicicleta,1004545,39.9,21.1,21.4,19311.26,4.62,Médio
2024,1,2024-01-01,Sudeste,ES,Serra,Ônibus,1506681,30.6,61.3,48.2,30183.78,4.48,Crítico
2024,1,2024-01-01,Sul,PR,Curitiba,BRT,794735,82.2,114.6,23.9,33833.8,5.8,Crítico
2024,1,2024-01-01,Sul,PR,Londrina,BRT,1979437,54.1,27.6,51.0,11494.98,3.73,Crítico
2024,1,2024-01-01,Sul,SC,Florianópolis,Bicicleta,1502797,25.4,38.9,8.7,630.12,3.95,Crítico
2024,1,2024-01-01,Sul,SC,Joinville,Bicicleta,1076603,89.1,67.2,11.6,42242.08,7.16,Baixo
2024,1,2024-01-01,Sul,RS,Porto Alegre,BRT,38921,80.0,93.8,14.8,22469.1,6.93,Médio
2024,1,2024-01-01,Sul,RS,Caxias do Sul,VLT,1115092,46.9,82.2,37.5,45563.78,6.99,Crítico
2024,2,2024-02-01,Norte,AM,Manaus,Metrô,513667,31.4,78.7,20.5,38800.58,5.74,Médio
2024,2,2024-02-01,Norte,PA,Belém,VLT,911928,18.5,74.5,18.6,7475.79,4.02,Baixo
2024,2,2024-02-01,Norte,PA,Santarém,Bicicleta,37869,73.0,75.6,48.4,28344.94,7.17,Médio
2024,2,2024-02-01,Norte,RO,Porto Velho,Ônibus,822627,19.4,106.1,50.5,32276.2,6.52,Médio
2024,2,2024-02-01,Norte,TO,Palmas,VLT,1012280,90.6,74.3,48.8,26744.98,5.61,Crítico
2024,2,2024-02-01,Nordeste,BA,Salvador,Trem,1880798,68.6,90.1,49.1,36243.49,6.84,Médio
2024,2,2024-02-01,Nordeste,BA,Feira de Santana,BRT,1255652,72.1,34.9,43.2,47520.73,7.27,Crítico
2024,2,2024-02-01,Nordeste,PE,Recife,BRT,727700,43.3,106.6,53.5,49302.76,6.29,Crítico
2024,2,2024-02-01,Nordeste,PE,Jaboatão dos Guararapes,Bicicleta,261457,38.7,83.7,52.6,3632.83,6.94,Médio
2024,2,2024-02-01,Nordeste,CE,Fortaleza,BRT,1256182,79.2,110.3,40.1,12065.75,7.2,Médio
2024,2,2024-02-01,Nordeste,CE,Juazeiro do Norte,Trem,964695,86.3,83.3,13.2,13985.52,4.07,Médio
2024,2,2024-02-01,Nordeste,MA,São Luís,VLT,464751,85.0,43.8,51.6,16412.8,4.29,Alto
2024,2,2024-02-01,Nordeste,PB,João Pessoa,Bicicleta,1863327,41.9,99.8,54.0,24232.56,7.57,Baixo
2024,2,2024-02-01,Centro-Oeste,DF,Brasília,BRT,1198309,84.1,63.4,10.5,36482.07,7.3,Baixo
2024,2,2024-02-01,Centro-Oeste,GO,Goiânia,Bicicleta,1835130,76.9,54.1,17.1,36706.05,6.03,Alto
2024,2,2024-02-01,Centro-Oeste,GO,Aparecida de Goiânia,Bicicleta,1833138,74.9,35.7,37.0,38487.3,7.04,Baixo
2024,2,2024-02-01,Centro-Oeste,MT,Cuiabá,Trem,1276447,35.1,91.2,9.4,32987.68,5.86,Crítico
2024,2,2024-02-01,Centro-Oeste,MS,Campo Grande,Ônibus,1880914,68.7,101.9,18.2,4640.28,6.95,Crítico
2024,2,2024-02-01,Sudeste,SP,São Paulo,BRT,1895124,89.6,96.2,43.1,10730.27,5.89,Baixo
2024,2,2024-02-01,Sudeste,SP,Campinas,Metrô,440706,80.5,54.7,25.8,36099.28,7.11,Crítico
2024,2,2024-02-01,Sudeste,SP,Ribeirão Preto,Ônibus,1323693,18.0,81.8,23.2,21566.32,7.09,Baixo
2024,2,2024-02-01,Sudeste,RJ,Rio de Janeiro,BRT,1964997,75.9,25.3,53.1,29312.89,5.84,Médio
2024,2,2024-02-01,Sudeste,RJ,Niterói,VLT,1242848,43.4,92.2,41.4,49553.71,5.01,Médio
2024,2,2024-02-01,Sudeste,RJ,Nova Iguaçu,Trem,918816,57.3,49.4,44.6,11794.63,4.52,Crítico
2024,2,2024-02-01,Sudeste,RJ,Petrópolis,Ônibus,136607,46.6,72.6,24.2,5751.45,5.3,Crítico
2024,2,2024-02-01,Sudeste,MG,Belo Horizonte,Metrô,263238,15.6,85.1,48.9,30825.21,6.95,Baixo
2024,2,2024-02-01,Sudeste,MG,Uberlândia,VLT,1300764,64.5,20.6,41.1,32850.27,3.64,Baixo
2024,2,2024-02-01,Sudeste,MG,Juiz de Fora,Bicicleta,1607613,56.6,52.7,8.3,44202.86,7.52,Alto
2024,2,2024-02-01,Sudeste,ES,Vitória,VLT,888369,83.5,73.1,50.0,34830.72,4.4,Médio
2024,2,2024-02-01,Sudeste,ES,Vila Velha,VLT,453781,88.6,105.8,53.3,17727.7,3.83,Médio
2024,2,2024-02-01,Sudeste,ES,Serra,BRT,1456986,48.3,35.6,35.4,25507.1,6.43,Médio
2024,2,2024-02-01,Sul,PR,Curitiba,Trem,1514207,76.6,44.3,51.6,2475.79,4.48,Baixo
2024,2,2024-02-01,Sul,PR,Londrina,Ônibus,1492663,19.0,111.8,34.1,47041.52,4.96,Médio
2024,2,2024-02-01,Sul,SC,Florianópolis,VLT,640298,49.3,32.9,45.0,573.51,4.28,Crítico
2024,2,2024-02-01,Sul,SC,Joinville,Ônibus,810661,68.9,62.5,33.6,16713.44,7.76,Baixo
2024,2,2024-02-01,Sul,RS,Porto Alegre,VLT,1949134,70.0,41.9,53.4,24584.39,7.34,Médio
2024,2,2024-02-01,Sul,RS,Caxias do Sul,Ônibus,1358628,47.3,25.0,29.5,13579.46,6.41,Baixo
2024,3,2024-03-01,Norte,AM,Manaus,Ônibus,1893992,23.8,53.9,13.2,42499.74,7.08,Alto
2024,3,2024-03-01,Norte,PA,Belém,Metrô,405063,15.2,54.3,29.7,16937.63,5.24,Médio
2024,3,2024-03-01,Norte,PA,Santarém,BRT,48010,73.2,85.6,11.3,33214.64,7.16,Baixo
2024,3,2024-03-01,Norte,RO,Porto Velho,VLT,354427,73.3,55.3,51.6,41414.0,5.47,Médio
2024,3,2024-03-01,Norte,TO,Palmas,Trem,1593838,66.6,75.8,27.9,9177.54,5.94,Alto
2024,3,2024-03-01,Nordeste,BA,Salvador,Ônibus,1026606,33.3,87.5,43.6,40527.32,7.35,Baixo
2024,3,2024-03-01,Nordeste,BA,Feira de Santana,Ônibus,1831235,69.8,72.6,42.4,38876.41,4.42,Crítico
2024,3,2024-03-01,Nordeste,PE,Recife,Metrô,147287,92.8,26.4,41.1,32860.04,4.75,Crítico
2024,3,2024-03-01,Nordeste,PE,Jaboatão dos Guararapes,Trem,1515786,66.7,36.3,50.8,46250.4,5.82,Médio
2024,3,2024-03-01,Nordeste,CE,Fortaleza,VLT,736797,49.9,98.4,32.7,48495.03,5.33,Baixo
2024,3,2024-03-01,Nordeste,CE,Juazeiro do Norte,Metrô,460432,22.3,46.9,13.5,8498.31,4.23,Alto
2024,3,2024-03-01,Nordeste,MA,São Luís,Bicicleta,101127,55.7,51.1,17.5,19535.22,6.88,Alto
2024,3,2024-03-01,Nordeste,PB,João Pessoa,BRT,1566243,24.6,118.2,21.3,43000.53,4.57,Crítico
2024,3,2024-03-01,Centro-Oeste,DF,Brasília,Trem,1790926,52.4,68.6,27.8,47184.28,6.06,Alto
2024,3,2024-03-01,Centro-Oeste,GO,Goiânia,Ônibus,226733,44.8,70.1,42.2,38377.05,5.12,Médio
2024,3,2024-03-01,Centro-Oeste,GO,Aparecida de Goiânia,Ônibus,1948589,20.7,107.6,10.9,47586.74,3.51,Crítico
2024,3,2024-03-01,Centro-Oeste,MT,Cuiabá,Bicicleta,1813071,34.5,27.9,33.5,7476.82,5.04,Alto
2024,3,2024-03-01,Centro-Oeste,MS,Campo Grande,BRT,593362,80.0,52.8,46.5,43092.47,7.52,Alto
2024,3,2024-03-01,Sudeste,SP,São Paulo,Metrô,807129,25.8,78.0,54.0,25370.6,6.29,Crítico
2024,3,2024-03-01,Sudeste,SP,Campinas,VLT,576560,39.9,36.1,40.4,46746.52,3.73,Alto
2024,3,2024-03-01,Sudeste,SP,Ribeirão Preto,BRT,1827274,89.3,21.0,48.4,24914.02,6.29,Crítico
2024,3,2024-03-01,Sudeste,RJ,Rio de Janeiro,Ônibus,592507,80.3,80.4,21.1,16222.93,6.16,Médio
2024,3,2024-03-01,Sudeste,RJ,Niterói,Bicicleta,929776,41.0,24.6,24.4,11867.73,5.96,Médio
2024,3,2024-03-01,Sudeste,RJ,Nova Iguaçu,Trem,427907,29.1,85.7,26.7,9586.24,4.99,Crítico
2024,3,2024-03-01,Sudeste,RJ,Petrópolis,VLT,514438,38.5,40.7,24.6,15619.49,7.39,Baixo
2024,3,2024-03-01,Sudeste,MG,Belo Horizonte,VLT,1341829,52.3,79.7,54.5,7256.3,7.92,Médio
2024,3,2024-03-01,Sudeste,MG,Uberlândia,Trem,1909755,41.6,46.7,27.4,41172.87,5.55,Alto
2024,3,2024-03-01,Sudeste,MG,Juiz de Fora,Metrô,1960641,85.4,114.3,53.3,3614.16,3.95,Médio
2024,3,2024-03-01,Sudeste,ES,Vitória,Ônibus,1363441,90.2,42.4,35.5,670.38,3.51,Alto
2024,3,2024-03-01,Sudeste,ES,Vila Velha,Trem,1443379,33.3,65.5,26.5,1085.3,7.46,Baixo
2024,3,2024-03-01,Sudeste,ES,Serra,Ônibus,502415,48.6,41.8,35.1,36282.18,4.47,Médio
2024,3,2024-03-01,Sul,PR,Curitiba,Bicicleta,279306,44.0,59.4,17.5,29070.43,4.18,Alto
2024,3,2024-03-01,Sul,PR,Londrina,Ônibus,267189,23.3,22.2,43.0,968.84,3.58,Alto
2024,3,2024-03-01,Sul,SC,Florianópolis,VLT,84321,18.3,114.8,35.2,3735.57,7.5,Alto
2024,3,2024-03-01,Sul,SC,Joinville,Metrô,220874,19.4,68.4,36.7,10889.0,6.42,Médio
2024,3,2024-03-01,Sul,RS,Porto Alegre,VLT,96356,85.1,88.4,35.7,18993.11,7.71,Médio
2024,3,2024-03-01,Sul,RS,Caxias do Sul,BRT,303087,51.4,103.2,12.4,47100.01,4.87,Alto
2024,4,2024-04-01,Norte,AM,Manaus,Metrô,238931,78.9,22.4,30.9,20763.88,5.82,Alto
2024,4,2024-04-01,Norte,PA,Belém,VLT,1783144,26.4,110.5,39.3,25273.92,4.82,Médio
2024,4,2024-04-01,Norte,PA,Santarém,VLT,188116,83.9,94.6,47.4,16192.5,6.79,Crítico
2024,4,2024-04-01,Norte,RO,Porto Velho,BRT,1925115,44.1,118.3,39.8,11115.99,7.27,Baixo
2024,4,2024-04-01,Norte,TO,Palmas,BRT,1529214,77.7,30.2,41.2,21931.58,7.04,Baixo
2024,4,2024-04-01,Nordeste,BA,Salvador,Trem,245589,56.2,27.4,24.2,30408.39,5.02,Baixo
2024,4,2024-04-01,Nordeste,BA,Feira de Santana,Bicicleta,189388,83.9,45.8,50.4,37604.05,5.32,Crítico
2024,4,2024-04-01,Nordeste,PE,Recife,Trem,44248,64.7,89.8,28.9,16359.2,5.87,Crítico
2024,4,2024-04-01,Nordeste,PE,Jaboatão dos Guararapes,BRT,959028,33.4,108.7,17.0,46885.77,5.71,Médio
2024,4,2024-04-01,Nordeste,CE,Fortaleza,Metrô,1149654,82.9,26.2,17.9,47084.53,5.84,Crítico
2024,4,2024-04-01,Nordeste,CE,Juazeiro do Norte,Bicicleta,1213722,87.8,99.0,18.5,47157.94,5.63,Médio
2024,4,2024-04-01,Nordeste,MA,São Luís,Bicicleta,552106,75.8,33.3,27.7,22797.38,6.62,Alto
2024,4,2024-04-01,Nordeste,PB,João Pessoa,Trem,193020,79.9,56.4,19.3,45543.2,3.91,Crítico
2024,4,2024-04-01,Centro-Oeste,DF,Brasília,Ônibus,738034,30.3,46.7,50.4,20888.27,5.8,Crítico
2024,4,2024-04-01,Centro-Oeste,GO,Goiânia,Trem,158349,66.1,33.5,40.3,36491.79,6.83,Alto
2024,4,2024-04-01,Centro-Oeste,GO,Aparecida de Goiânia,VLT,858383,60.4,66.4,40.0,42310.04,7.69,Crítico
2024,4,2024-04-01,Centro-Oeste,MT,Cuiabá,Ônibus,1222470,94.7,57.5,28.5,9897.26,6.97,Crítico
2024,4,2024-04-01,Centro-Oeste,MS,Campo Grande,Trem,33161,74.6,78.7,8.9,29544.59,5.39,Crítico
2024,4,2024-04-01,Sudeste,SP,São Paulo,BRT,249129,68.8,98.8,12.1,32159.94,7.99,Médio
2024,4,2024-04-01,Sudeste,SP,Campinas,Metrô,120594,78.8,109.8,30.4,15233.24,7.81,Alto
2024,4,2024-04-01,Sudeste,SP,Ribeirão Preto,BRT,1554554,83.0,97.0,35.3,26638.84,6.46,Médio
2024,4,2024-04-01,Sudeste,RJ,Rio de Janeiro,Bicicleta,1205489,86.0,24.5,13.8,12365.74,6.63,Alto
2024,4,2024-04-01,Sudeste,RJ,Niterói,BRT,665770,93.3,85.6,46.2,40132.01,7.71,Crítico
2024,4,2024-04-01,Sudeste,RJ,Nova Iguaçu,Ônibus,1545342,50.0,62.9,15.2,46501.05,4.59,Médio
2024,4,2024-04-01,Sudeste,RJ,Petrópolis,Metrô,1556419,44.9,103.5,29.3,28515.08,5.85,Alto
2024,4,2024-04-01,Sudeste,MG,Belo Horizonte,BRT,1544016,52.9,56.3,25.6,16185.59,5.93,Crítico
2024,4,2024-04-01,Sudeste,MG,Uberlândia,Ônibus,1462873,26.9,79.2,17.9,48683.46,6.98,Médio
2024,4,2024-04-01,Sudeste,MG,Juiz de Fora,Metrô,1226982,40.9,22.5,26.5,48594.32,5.48,Médio
2024,4,2024-04-01,Sudeste,ES,Vitória,VLT,45108,58.9,79.1,53.5,38103.33,7.73,Baixo
2024,4,2024-04-01,Sudeste,ES,Vila Velha,BRT,172494,80.9,68.7,40.5,30153.56,7.91,Médio
2024,4,2024-04-01,Sudeste,ES,Serra,Trem,1464458,84.9,39.4,39.8,20444.74,5.64,Baixo
2024,4,2024-04-01,Sul,PR,Curitiba,Bicicleta,516925,52.0,50.7,14.3,29435.19,5.79,Alto
2024,4,2024-04-01,Sul,PR,Londrina,VLT,1350995,70.8,29.3,23.6,25293.89,5.15,Médio
2024,4,2024-04-01,Sul,SC,Florianópolis,Bicicleta,844937,59.1,115.7,40.8,19406.04,5.79,Crítico
2024,4,2024-04-01,Sul,SC,Joinville,BRT,711887,69.2,73.5,20.1,17157.22,3.81,Crítico
2024,4,2024-04-01,Sul,RS,Porto Alegre,BRT,1054443,91.5,30.5,36.9,27269.29,5.79,Baixo
2024,4,2024-04-01,Sul,RS,Caxias do Sul,VLT,1603943,82.8,26.5,14.2,44919.29,3.69,Médio
2024,5,2024-05-01,Norte,AM,Manaus,BRT,392295,49.0,36.7,39.0,20576.21,5.69,Crítico
2024,5,2024-05-01,Norte,PA,Belém,Metrô,1494922,68.9,42.4,52.5,35742.68,6.33,Baixo
2024,5,2024-05-01,Norte,PA,Santarém,Bicicleta,567224,16.9,83.2,27.2,18483.43,3.91,Baixo
2024,5,2024-05-01,Norte,RO,Porto Velho,Trem,841849,43.3,90.2,31.7,18303.28,7.18,Alto
2024,5,2024-05-01,Norte,TO,Palmas,Bicicleta,327675,44.8,114.0,17.5,28208.53,4.59,Crítico
2024,5,2024-05-01,Nordeste,BA,Salvador,Metrô,1636691,89.0,100.7,22.3,26887.45,7.37,Baixo
2024,5,2024-05-01,Nordeste,BA,Feira de Santana,Metrô,380993,78.0,20.5,39.9,11997.36,5.24,Médio
2024,5,2024-05-01,Nordeste,PE,Recife,BRT,153398,53.5,89.4,27.2,27900.44,4.25,Crítico
2024,5,2024-05-01,Nordeste,PE,Jaboatão dos Guararapes,VLT,105746,84.1,119.7,42.5,8052.99,7.66,Baixo
2024,5,2024-05-01,Nordeste,CE,Fortaleza,Ônibus,1766684,48.4,101.8,15.3,19455.41,4.73,Alto
2024,5,2024-05-01,Nordeste,CE,Juazeiro do Norte,Trem,464435,54.4,23.3,39.0,35929.65,4.82,Médio
2024,5,2024-05-01,Nordeste,MA,São Luís,Metrô,428800,28.6,33.2,19.2,45988.34,4.76,Baixo
2024,5,2024-05-01,Nordeste,PB,João Pessoa,Metrô,767557,59.2,69.3,51.1,20662.12,6.49,Crítico
2024,5,2024-05-01,Centro-Oeste,DF,Brasília,VLT,1775630,83.9,22.0,19.0,39030.41,7.68,Médio
2024,5,2024-05-01,Centro-Oeste,GO,Goiânia,BRT,403803,78.9,119.5,40.3,17238.71,6.87,Baixo
2024,5,2024-05-01,Centro-Oeste,GO,Aparecida de Goiânia,Metrô,181341,92.0,83.1,50.7,1997.9,5.71,Crítico
2024,5,2024-05-01,Centro-Oeste,MT,Cuiabá,Ônibus,1549953,52.8,118.6,12.6,5378.75,4.81,Alto
2024,5,2024-05-01,Centro-Oeste,MS,Campo Grande,VLT,1725759,55.0,58.4,33.4,37634.27,5.34,Médio
2024,5,2024-05-01,Sudeste,SP,São Paulo,Metrô,441081,68.5,117.7,32.0,24496.64,4.77,Médio
2024,5,2024-05-01,Sudeste,SP,Campinas,VLT,1895356,48.2,51.4,33.7,929.78,5.07,Baixo
2024,5,2024-05-01,Sudeste,SP,Ribeirão Preto,Metrô,1742017,94.7,87.7,20.4,22535.11,4.74,Crítico
2024,5,2024-05-01,Sudeste,RJ,Rio de Janeiro,BRT,1161193,53.6,63.9,34.4,40555.74,4.76,Médio
2024,5,2024-05-01,Sudeste,RJ,Niterói,Bicicleta,1460703,41.1,115.3,10.4,39079.67,6.56,Baixo
2024,5,2024-05-01,Sudeste,RJ,Nova Iguaçu,Ônibus,1893426,43.0,82.9,14.9,40298.23,5.0,Alto
2024,5,2024-05-01,Sudeste,RJ,Petrópolis,Metrô,1975832,15.5,36.7,24.6,33121.48,4.4,Médio
2024,5,2024-05-01,Sudeste,MG,Belo Horizonte,VLT,799951,20.7,99.2,46.4,38632.56,6.87,Alto
2024,5,2024-05-01,Sudeste,MG,Uberlândia,BRT,1060740,47.3,61.3,30.3,32266.56,4.55,Alto
2024,5,2024-05-01,Sudeste,MG,Juiz de Fora,Ônibus,425237,77.9,71.8,21.7,4106.72,6.79,Baixo
2024,5,2024-05-01,Sudeste,ES,Vitória,Metrô,234969,19.5,54.2,37.5,6023.92,3.94,Médio
2024,5,2024-05-01,Sudeste,ES,Vila Velha,Ônibus,748108,43.7,78.4,49.6,31279.01,5.63,Baixo
2024,5,2024-05-01,Sudeste,ES,Serra,Ônibus,526931,91.7,91.4,39.8,26859.74,6.3,Crítico
2024,5,2024-05-01,Sul,PR,Curitiba,Metrô,810429,87.8,110.7,17.9,19281.08,4.62,Alto
2024,5,2024-05-01,Sul,PR,Londrina,Ônibus,967616,74.9,100.4,32.6,173.21,5.48,Baixo
2024,5,2024-05-01,Sul,SC,Florianópolis,Trem,1061386,21.0,43.8,49.2,27896.67,5.19,Baixo
2024,5,2024-05-01,Sul,SC,Joinville,BRT,190456,57.8,21.5,13.7,35472.4,7.32,Médio
2024,5,2024-05-01,Sul,RS,Porto Alegre,BRT,860150,30.2,20.5,51.5,4325.68,5.56,Alto
2024,5,2024-05-01,Sul,RS,Caxias do Sul,Trem,1832590,73.5,96.4,51.4,30630.23,5.99,Alto
2024,6,2024-06-01,Norte,AM,Manaus,VLT,1756407,33.2,53.4,18.5,28551.17,7.32,Baixo
2024,6,2024-06-01,Norte,PA,Belém,Trem,638308,53.6,62.1,50.5,32590.71,4.58,Médio
2024,6,2024-06-01,Norte,PA,Santarém,Metrô,1012718,81.7,28.0,9.5,41016.08,4.32,Alto
2024,6,2024-06-01,Norte,RO,Porto Velho,VLT,1620274,24.2,68.2,44.6,13291.56,5.1,Médio
2024,6,2024-06-01,Norte,TO,Palmas,BRT,91482,75.2,85.3,19.5,48584.27,5.77,Alto
2024,6,2024-06-01,Nordeste,BA,Salvador,BRT,1419878,85.8,35.0,53.7,29913.76,7.67,Alto
2024,6,2024-06-01,Nordeste,BA,Feira de Santana,Ônibus,1990871,49.8,84.4,51.7,34809.44,5.1,Médio
2024,6,2024-06-01,Nordeste,PE,Recife,BRT,1808601,51.6,21.6,10.9,5131.11,6.6,Alto
2024,6,2024-06-01,Nordeste,PE,Jaboatão dos Guararapes,Metrô,1367624,76.0,41.3,24.2,22059.39,4.27,Baixo
2024,6,2024-06-01,Nordeste,CE,Fortaleza,Bicicleta,1049471,71.7,90.9,46.9,35336.6,3.69,Baixo
2024,6,2024-06-01,Nordeste,CE,Juazeiro do Norte,Trem,746946,68.0,101.7,38.8,20734.44,5.73,Médio
2024,6,2024-06-01,Nordeste,MA,São Luís,VLT,1509477,72.2,21.5,41.5,33554.63,4.28,Crítico
2024,6,2024-06-01,Nordeste,PB,João Pessoa,Metrô,923049,15.8,22.8,51.8,38949.93,7.44,Crítico
2024,6,2024-06-01,Centro-Oeste,DF,Brasília,Ônibus,359173,49.3,33.9,41.9,39019.11,6.85,Alto
2024,6,2024-06-01,Centro-Oeste,GO,Goiânia,BRT,1176337,22.1,30.3,51.6,38946.87,3.71,Baixo
2024,6,2024-06-01,Centro-Oeste,GO,Aparecida de Goiânia,VLT,1295704,87.1,109.9,14.2,909.68,5.18,Crítico
2024,6,2024-06-01,Centro-Oeste,MT,Cuiabá,Metrô,1023329,89.2,57.3,24.9,32769.66,5.9,Alto
2024,6,2024-06-01,Centro-Oeste,MS,Campo Grande,BRT,776031,68.2,95.3,21.8,44467.62,5.99,Médio
2024,6,2024-06-01,Sudeste,SP,São Paulo,VLT,998148,45.4,87.7,51.6,44171.73,4.05,Médio
2024,6,2024-06-01,Sudeste,SP,Campinas,BRT,320588,91.6,58.2,23.8,9910.47,3.61,Baixo
2024,6,2024-06-01,Sudeste,SP,Ribeirão Preto,Bicicleta,698654,79.7,74.1,48.2,33297.31,4.61,Baixo
2024,6,2024-06-01,Sudeste,RJ,Rio de Janeiro,Metrô,1746919,26.3,99.0,47.0,7975.34,5.44,Alto
2024,6,2024-06-01,Sudeste,RJ,Niterói,BRT,871155,52.5,43.5,38.7,11794.62,6.88,Alto
2024,6,2024-06-01,Sudeste,RJ,Nova Iguaçu,BRT,893573,31.1,97.3,35.7,14315.31,6.41,Baixo
2024,6,2024-06-01,Sudeste,RJ,Petrópolis,BRT,232701,51.4,90.6,47.3,38168.39,4.09,Baixo
2024,6,2024-06-01,Sudeste,MG,Belo Horizonte,VLT,179695,22.5,72.8,29.6,32834.64,6.45,Alto
2024,6,2024-06-01,Sudeste,MG,Uberlândia,BRT,1840606,53.1,52.7,39.5,46146.74,7.92,Baixo
2024,6,2024-06-01,Sudeste,MG,Juiz de Fora,Ônibus,576357,36.3,33.4,45.9,3174.67,4.08,Baixo
2024,6,2024-06-01,Sudeste,ES,Vitória,Trem,826540,41.6,31.7,16.1,45497.78,5.16,Crítico
2024,6,2024-06-01,Sudeste,ES,Vila Velha,Bicicleta,223272,92.8,77.9,54.8,21889.07,6.54,Alto
2024,6,2024-06-01,Sudeste,ES,Serra,VLT,66603,30.6,47.5,44.0,16828.4,6.67,Alto
2024,6,2024-06-01,Sul,PR,Curitiba,Trem,1426614,21.9,68.3,27.4,9180.86,6.8,Baixo
2024,6,2024-06-01,Sul,PR,Londrina,BRT,1920083,88.8,118.2,29.9,11868.1,5.39,Alto
2024,6,2024-06-01,Sul,SC,Florianópolis,Bicicleta,1306211,19.6,114.8,15.5,25022.21,4.64,Alto
2024,6,2024-06-01,Sul,SC,Joinville,Bicicleta,1561535,91.7,102.7,27.9,1965.1,3.76,Alto
2024,6,2024-06-01,Sul,RS,Porto Alegre,Ônibus,779308,76.9,83.7,13.1,45324.51,3.62,Crítico
2024,6,2024-06-01,Sul,RS,Caxias do Sul,Metrô,1406160,56.3,95.9,50.5,20763.37,6.17,Crítico
2024,7,2024-07-01,Norte,AM,Manaus,Bicicleta,1612826,93.5,57.2,39.4,3083.99,4.39,Médio
2024,7,2024-07-01,Norte,PA,Belém,VLT,570363,61.8,112.2,20.1,5424.1,5.34,Alto
2024,7,2024-07-01,Norte,PA,Santarém,Bicicleta,1417337,64.9,66.9,10.1,42601.77,4.27,Crítico
2024,7,2024-07-01,Norte,RO,Porto Velho,Metrô,1845808,65.7,98.6,9.5,19051.4,4.99,Baixo
2024,7,2024-07-01,Norte,TO,Palmas,BRT,1031359,77.4,105.9,54.5,5645.7,6.1,Médio
2024,7,2024-07-01,Nordeste,BA,Salvador,VLT,941908,44.4,63.6,35.5,17012.56,6.65,Médio
2024,7,2024-07-01,Nordeste,BA,Feira de Santana,Metrô,675600,15.4,66.5,26.0,18266.24,4.19,Alto
2024,7,2024-07-01,Nordeste,PE,Recife,VLT,1203929,32.2,63.2,17.9,41097.36,5.09,Médio
2024,7,2024-07-01,Nordeste,PE,Jaboatão dos Guararapes,VLT,1296169,36.7,27.5,28.8,26605.99,7.08,Médio
2024,7,2024-07-01,Nordeste,CE,Fortaleza,VLT,1332527,22.8,115.3,18.9,21206.77,7.53,Baixo
2024,7,2024-07-01,Nordeste,CE,Juazeiro do Norte,VLT,888929,25.9,102.4,13.0,6318.33,7.63,Baixo
2024,7,2024-07-01,Nordeste,MA,São Luís,Bicicleta,1799487,62.6,70.5,23.9,5735.99,4.23,Alto
2024,7,2024-07-01,Nordeste,PB,João Pessoa,Bicicleta,1170641,68.2,75.6,11.8,35349.68,5.48,Baixo
2024,7,2024-07-01,Centro-Oeste,DF,Brasília,Metrô,1038011,71.4,80.7,53.7,39993.5,4.03,Baixo
2024,7,2024-07-01,Centro-Oeste,GO,Goiânia,VLT,453446,47.4,61.4,23.7,35192.05,4.77,Alto
2024,7,2024-07-01,Centro-Oeste,GO,Aparecida de Goiânia,Ônibus,1551995,27.2,33.2,24.9,35474.73,3.87,Médio
2024,7,2024-07-01,Centro-Oeste,MT,Cuiabá,Bicicleta,208237,92.7,112.0,48.7,35068.39,5.27,Médio
2024,7,2024-07-01,Centro-Oeste,MS,Campo Grande,Trem,85784,63.4,98.1,29.1,33708.86,7.7,Baixo
2024,7,2024-07-01,Sudeste,SP,São Paulo,BRT,1763571,16.6,51.5,44.6,43380.96,4.36,Médio
2024,7,2024-07-01,Sudeste,SP,Campinas,Metrô,1969827,91.3,120.0,11.6,20237.49,4.86,Médio
2024,7,2024-07-01,Sudeste,SP,Ribeirão Preto,Bicicleta,1715930,40.1,38.2,30.9,11724.49,5.53,Médio
2024,7,2024-07-01,Sudeste,RJ,Rio de Janeiro,VLT,1821805,72.8,81.4,44.5,43462.35,6.71,Crítico
2024,7,2024-07-01,Sudeste,RJ,Niterói,VLT,102395,53.8,114.3,46.5,9413.5,4.6,Crítico
2024,7,2024-07-01,Sudeste,RJ,Nova Iguaçu,Ônibus,1243026,92.3,75.9,40.5,35914.36,6.77,Crítico
2024,7,2024-07-01,Sudeste,RJ,Petrópolis,Metrô,230155,77.9,82.9,41.3,12702.78,6.83,Baixo
2024,7,2024-07-01,Sudeste,MG,Belo Horizonte,Bicicleta,211716,37.7,77.9,37.2,13218.93,3.85,Médio
2024,7,2024-07-01,Sudeste,MG,Uberlândia,Trem,63835,73.5,117.9,20.6,33378.87,4.07,Alto
2024,7,2024-07-01,Sudeste,MG,Juiz de Fora,Metrô,1757750,35.9,28.3,43.5,45045.24,5.47,Alto
2024,7,2024-07-01,Sudeste,ES,Vitória,BRT,1053742,31.1,107.8,17.0,45263.64,7.44,Alto
2024,7,2024-07-01,Sudeste,ES,Vila Velha,Bicicleta,108851,30.3,79.7,30.1,26430.08,4.84,Crítico
2024,7,2024-07-01,Sudeste,ES,Serra,Trem,1252028,58.4,96.3,13.5,6993.61,7.48,Baixo
2024,7,2024-07-01,Sul,PR,Curitiba,Metrô,792134,58.2,75.6,47.9,28407.62,7.11,Médio
2024,7,2024-07-01,Sul,PR,Londrina,Bicicleta,1988936,78.2,116.1,43.7,2422.16,7.07,Alto
2024,7,2024-07-01,Sul,SC,Florianópolis,Metrô,1830069,23.2,25.6,53.4,24985.43,7.24,Médio
2024,7,2024-07-01,Sul,SC,Joinville,Ônibus,939714,59.4,32.6,29.4,20131.35,3.92,Médio
2024,7,2024-07-01,Sul,RS,Porto Alegre,VLT,1402006,78.2,106.9,10.6,44939.95,6.7,Alto
2024,7,2024-07-01,Sul,RS,Caxias do Sul,BRT,433361,82.8,111.1,21.1,47314.91,7.74,Alto
2024,8,2024-08-01,Norte,AM,Manaus,Bicicleta,1845801,22.9,22.4,39.4,41291.14,6.83,Médio
2024,8,2024-08-01,Norte,PA,Belém,Bicicleta,345925,62.5,44.4,13.1,32234.77,4.96,Baixo
2024,8,2024-08-01,Norte,PA,Santarém,Bicicleta,245368,43.6,81.6,18.8,48603.92,4.13,Baixo
2024,8,2024-08-01,Norte,RO,Porto Velho,Trem,798957,89.9,45.6,47.2,40388.99,6.68,Alto
2024,8,2024-08-01,Norte,TO,Palmas,VLT,57767,17.5,113.8,14.8,5763.33,7.37,Médio
2024,8,2024-08-01,Nordeste,BA,Salvador,Trem,1834126,35.4,115.8,43.0,32235.7,7.37,Médio
2024,8,2024-08-01,Nordeste,BA,Feira de Santana,VLT,1194010,45.4,37.6,18.7,33740.93,7.9,Crítico
2024,8,2024-08-01,Nordeste,PE,Recife,BRT,863444,66.3,80.3,33.1,41407.62,7.0,Alto
2024,8,2024-08-01,Nordeste,PE,Jaboatão dos Guararapes,Metrô,1614012,45.1,43.6,13.8,17108.33,3.74,Alto
2024,8,2024-08-01,Nordeste,CE,Fortaleza,Trem,681717,50.7,69.4,43.0,48389.28,5.15,Crítico
2024,8,2024-08-01,Nordeste,CE,Juazeiro do Norte,Bicicleta,1245915,23.6,41.7,43.2,40017.9,5.83,Alto
2024,8,2024-08-01,Nordeste,MA,São Luís,Ônibus,1740933,57.8,50.4,32.1,27780.43,7.39,Médio
2024,8,2024-08-01,Nordeste,PB,João Pessoa,VLT,940575,71.1,25.3,24.3,15316.48,4.54,Médio
2024,8,2024-08-01,Centro-Oeste,DF,Brasília,Bicicleta,137027,24.5,87.8,42.2,4261.17,5.03,Médio
2024,8,2024-08-01,Centro-Oeste,GO,Goiânia,Ônibus,1340587,38.7,42.4,34.0,33527.52,6.74,Médio
2024,8,2024-08-01,Centro-Oeste,GO,Aparecida de Goiânia,VLT,959661,32.2,29.5,49.4,16619.28,5.42,Baixo
2024,8,2024-08-01,Centro-Oeste,MT,Cuiabá,VLT,1977959,56.9,117.1,32.2,34355.62,3.57,Crítico
2024,8,2024-08-01,Centro-Oeste,MS,Campo Grande,Ônibus,565395,20.8,119.5,32.0,30071.57,6.12,Médio
2024,8,2024-08-01,Sudeste,SP,São Paulo,VLT,720184,56.9,28.2,53.0,17055.26,4.36,Crítico
2024,8,2024-08-01,Sudeste,SP,Campinas,BRT,761645,15.5,30.4,36.1,43228.14,5.99,Médio
2024,8,2024-08-01,Sudeste,SP,Ribeirão Preto,Metrô,1187214,16.3,105.8,21.9,25565.76,7.79,Crítico
2024,8,2024-08-01,Sudeste,RJ,Rio de Janeiro,BRT,1185225,65.6,43.2,9.2,40296.11,6.55,Médio
2024,8,2024-08-01,Sudeste,RJ,Niterói,Trem,10476,87.7,28.0,49.1,20237.25,5.2,Alto
2024,8,2024-08-01,Sudeste,RJ,Nova Iguaçu,Ônibus,1944053,45.4,43.4,46.7,21310.91,3.54,Crítico
2024,8,2024-08-01,Sudeste,RJ,Petrópolis,Trem,1832263,28.1,62.8,40.4,31156.19,4.79,Crítico
2024,8,2024-08-01,Sudeste,MG,Belo Horizonte,Trem,1652238,65.9,87.4,47.8,39608.33,5.52,Baixo
2024,8,2024-08-01,Sudeste,MG,Uberlândia,Ônibus,1602543,64.2,55.3,35.2,30293.13,6.78,Baixo
2024,8,2024-08-01,Sudeste,MG,Juiz de Fora,VLT,211385,42.3,78.8,22.9,40800.26,6.54,Crítico
2024,8,2024-08-01,Sudeste,ES,Vitória,BRT,412971,54.5,42.2,23.3,27785.13,6.48,Baixo
2024,8,2024-08-01,Sudeste,ES,Vila Velha,VLT,1575596,46.0,72.6,30.2,31877.13,5.6,Crítico
2024,8,2024-08-01,Sudeste,ES,Serra,VLT,543990,76.7,68.3,20.4,16048.37,6.63,Alto
2024,8,2024-08-01,Sul,PR,Curitiba,VLT,1353332,45.0,86.4,16.5,620.56,5.32,Médio
2024,8,2024-08-01,Sul,PR,Londrina,Trem,182201,19.9,47.9,54.4,12400.95,7.3,Crítico
2024,8,2024-08-01,Sul,SC,Florianópolis,VLT,1598518,88.2,115.8,21.3,7421.98,5.57,Crítico
2024,8,2024-08-01,Sul,SC,Joinville,Bicicleta,418076,61.8,68.9,23.5,2656.24,3.52,Crítico
2024,8,2024-08-01,Sul,RS,Porto Alegre,Metrô,1524932,90.7,61.4,9.0,11070.27,5.79,Alto
2024,8,2024-08-01,Sul,RS,Caxias do Sul,Bicicleta,1764324,25.8,98.6,8.6,2951.13,5.63,Baixo
2024,9,2024-09-01,Norte,AM,Manaus,Ônibus,1257256,34.0,91.3,22.0,7826.37,5.18,Crítico
2024,9,2024-09-01,Norte,PA,Belém,BRT,1683371,37.1,64.1,51.1,6262.2,6.99,Baixo
2024,9,2024-09-01,Norte,PA,Santarém,BRT,676402,40.9,106.4,24.8,37287.93,4.96,Alto
2024,9,2024-09-01,Norte,RO,Porto Velho,BRT,874176,67.2,93.4,20.6,45516.26,3.81,Médio
2024,9,2024-09-01,Norte,TO,Palmas,BRT,1202522,36.6,117.3,18.3,37863.31,4.03,Baixo
2024,9,2024-09-01,Nordeste,BA,Salvador,VLT,657940,57.6,102.5,31.5,46113.47,5.81,Médio
2024,9,2024-09-01,Nordeste,BA,Feira de Santana,BRT,1434257,20.7,29.1,29.7,31938.18,7.37,Alto
2024,9,2024-09-01,Nordeste,PE,Recife,Bicicleta,777940,89.3,69.8,49.2,19802.46,6.64,Alto
2024,9,2024-09-01,Nordeste,PE,Jaboatão dos Guararapes,VLT,438015,19.6,60.6,50.8,6886.49,4.17,Crítico
2024,9,2024-09-01,Nordeste,CE,Fortaleza,Ônibus,1640164,21.5,82.9,19.4,11724.89,4.43,Baixo
2024,9,2024-09-01,Nordeste,CE,Juazeiro do Norte,Trem,361395,16.1,72.1,42.6,25878.37,7.6,Médio
2024,9,2024-09-01,Nordeste,MA,São Luís,VLT,922834,18.5,71.3,10.8,15204.54,7.27,Alto
2024,9,2024-09-01,Nordeste,PB,João Pessoa,Bicicleta,1817290,93.0,110.3,47.8,43226.55,3.52,Baixo
2024,9,2024-09-01,Centro-Oeste,DF,Brasília,Metrô,925815,39.8,82.2,32.5,14845.42,3.8,Médio
2024,9,2024-09-01,Centro-Oeste,GO,Goiânia,Trem,1024927,31.5,76.2,23.9,1805.49,7.29,Médio
2024,9,2024-09-01,Centro-Oeste,GO,Aparecida de Goiânia,Metrô,665884,45.3,96.6,18.0,11902.71,7.59,Médio
2024,9,2024-09-01,Centro-Oeste,MT,Cuiabá,VLT,124132,60.5,118.0,54.5,14348.45,7.05,Alto
2024,9,2024-09-01,Centro-Oeste,MS,Campo Grande,BRT,152702,80.1,93.3,29.9,33620.42,5.78,Baixo
2024,9,2024-09-01,Sudeste,SP,São Paulo,Bicicleta,569579,41.7,85.4,25.0,24754.97,7.2,Alto
2024,9,2024-09-01,Sudeste,SP,Campinas,BRT,764380,39.7,22.4,53.6,36142.63,5.22,Médio
2024,9,2024-09-01,Sudeste,SP,Ribeirão Preto,VLT,252006,15.6,20.7,41.7,46213.69,6.61,Alto
2024,9,2024-09-01,Sudeste,RJ,Rio de Janeiro,Metrô,1248192,54.4,34.6,27.4,33748.25,6.1,Baixo
2024,9,2024-09-01,Sudeste,RJ,Niterói,Metrô,23812,21.3,37.5,24.4,17142.56,3.65,Alto
2024,9,2024-09-01,Sudeste,RJ,Nova Iguaçu,Trem,1799075,54.2,59.5,35.3,47670.36,5.85,Crítico
2024,9,2024-09-01,Sudeste,RJ,Petrópolis,VLT,434562,52.2,95.1,49.2,3537.79,6.5,Baixo
2024,9,2024-09-01,Sudeste,MG,Belo Horizonte,BRT,746225,39.2,35.0,31.8,23309.06,7.84,Médio
2024,9,2024-09-01,Sudeste,MG,Uberlândia,VLT,143034,52.0,25.2,52.1,38871.78,6.65,Baixo
2024,9,2024-09-01,Sudeste,MG,Juiz de Fora,Bicicleta,983253,56.8,99.5,33.0,10586.56,5.66,Alto
2024,9,2024-09-01,Sudeste,ES,Vitória,Metrô,1024189,46.2,96.9,23.4,48471.95,7.99,Baixo
2024,9,2024-09-01,Sudeste,ES,Vila Velha,BRT,967473,30.8,50.6,36.2,17486.05,7.69,Baixo
2024,9,2024-09-01,Sudeste,ES,Serra,Ônibus,345125,74.7,102.7,19.9,36661.27,5.68,Crítico
2024,9,2024-09-01,Sul,PR,Curitiba,Trem,1956970,56.0,82.7,25.7,15555.4,6.6,Crítico
2024,9,2024-09-01,Sul,PR,Londrina,Bicicleta,1735450,26.0,42.0,44.0,33773.67,4.49,Crítico
2024,9,2024-09-01,Sul,SC,Florianópolis,BRT,1617386,89.3,81.6,29.6,46129.19,3.53,Baixo
2024,9,2024-09-01,Sul,SC,Joinville,Bicicleta,164099,85.1,49.3,38.0,1156.5,4.61,Baixo
2024,9,2024-09-01,Sul,RS,Porto Alegre,VLT,1930395,87.2,109.3,20.0,41795.13,7.22,Baixo
2024,9,2024-09-01,Sul,RS,Caxias do Sul,Trem,1236784,64.0,20.3,47.8,378.03,7.16,Médio
2024,10,2024-10-01,Norte,AM,Manaus,VLT,518377,35.9,57.2,48.4,18329.02,4.53,Alto
2024,10,2024-10-01,Norte,PA,Belém,BRT,128727,64.8,25.8,41.8,3251.39,6.07,Baixo
2024,10,2024-10-01,Norte,PA,Santarém,Ônibus,933752,72.2,84.3,37.3,30360.96,6.12,Médio
2024,10,2024-10-01,Norte,RO,Porto Velho,BRT,1223687,64.2,72.7,13.0,27554.97,6.47,Baixo
2024,10,2024-10-01,Norte,TO,Palmas,BRT,670339,56.0,90.3,18.9,25091.09,7.95,Baixo
2024,10,2024-10-01,Nordeste,BA,Salvador,Trem,696794,42.7,31.5,49.8,38242.39,4.31,Médio
2024,10,2024-10-01,Nordeste,BA,Feira de Santana,Metrô,148427,47.2,66.6,10.1,45671.82,4.55,Crítico
2024,10,2024-10-01,Nordeste,PE,Recife,Ônibus,1726850,39.7,60.9,51.0,33672.25,6.84,Crítico
2024,10,2024-10-01,Nordeste,PE,Jaboatão dos Guararapes,Metrô,449757,84.5,80.2,47.1,18648.32,3.81,Médio
2024,10,2024-10-01,Nordeste,CE,Fortaleza,BRT,70920,58.7,83.5,47.1,22485.8,4.01,Alto
2024,10,2024-10-01,Nordeste,CE,Juazeiro do Norte,Metrô,1590007,54.8,60.3,33.9,44049.03,7.06,Alto
2024,10,2024-10-01,Nordeste,MA,São Luís,Ônibus,718333,93.3,27.7,51.3,30777.92,4.75,Médio
2024,10,2024-10-01,Nordeste,PB,João Pessoa,Ônibus,455567,91.2,42.1,17.7,25186.17,5.18,Médio
2024,10,2024-10-01,Centro-Oeste,DF,Brasília,BRT,1764386,19.2,20.2,13.7,37988.55,5.63,Baixo
2024,10,2024-10-01,Centro-Oeste,GO,Goiânia,Bicicleta,1364665,51.6,108.8,45.7,10227.87,7.56,Alto
2024,10,2024-10-01,Centro-Oeste,GO,Aparecida de Goiânia,Metrô,999906,55.4,82.4,37.9,34821.21,4.93,Crítico
2024,10,2024-10-01,Centro-Oeste,MT,Cuiabá,Metrô,1148556,58.9,26.7,53.8,26219.33,5.65,Alto
2024,10,2024-10-01,Centro-Oeste,MS,Campo Grande,BRT,1491669,39.1,95.5,8.4,44320.74,4.83,Crítico
2024,10,2024-10-01,Sudeste,SP,São Paulo,BRT,1902298,86.2,70.2,12.3,41246.51,6.74,Médio
2024,10,2024-10-01,Sudeste,SP,Campinas,Ônibus,1679194,75.7,24.3,50.0,26530.86,4.42,Baixo
2024,10,2024-10-01,Sudeste,SP,Ribeirão Preto,Bicicleta,1359550,21.1,66.7,28.3,16111.87,5.78,Alto
2024,10,2024-10-01,Sudeste,RJ,Rio de Janeiro,VLT,1643699,93.4,54.3,24.7,15949.22,6.85,Baixo
2024,10,2024-10-01,Sudeste,RJ,Niterói,Ônibus,23743,62.8,90.2,16.8,26927.34,4.82,Alto
2024,10,2024-10-01,Sudeste,RJ,Nova Iguaçu,Bicicleta,844375,76.0,57.0,26.1,4008.44,6.69,Crítico
2024,10,2024-10-01,Sudeste,RJ,Petrópolis,VLT,763655,92.2,52.9,23.5,4100.71,4.1,Crítico
2024,10,2024-10-01,Sudeste,MG,Belo Horizonte,Metrô,1442664,89.1,72.9,39.5,48841.64,4.9,Baixo
2024,10,2024-10-01,Sudeste,MG,Uberlândia,VLT,1738486,86.6,85.2,30.6,27912.88,6.36,Baixo
2024,10,2024-10-01,Sudeste,MG,Juiz de Fora,Metrô,1647902,17.6,116.6,22.4,9414.19,4.94,Alto
2024,10,2024-10-01,Sudeste,ES,Vitória,Ônibus,762472,47.7,44.4,23.2,32030.92,7.83,Médio
2024,10,2024-10-01,Sudeste,ES,Vila Velha,Ônibus,882612,85.0,85.1,25.8,9079.85,6.15,Baixo
2024,10,2024-10-01,Sudeste,ES,Serra,Trem,1791659,62.7,21.1,37.4,49284.85,6.82,Médio
2024,10,2024-10-01,Sul,PR,Curitiba,Bicicleta,1233010,26.2,70.1,18.3,7578.68,6.22,Baixo
2024,10,2024-10-01,Sul,PR,Londrina,BRT,1496612,32.2,41.3,39.1,49392.46,7.33,Baixo
2024,10,2024-10-01,Sul,SC,Florianópolis,VLT,1259617,70.0,27.4,20.5,12811.82,7.06,Alto
2024,10,2024-10-01,Sul,SC,Joinville,Trem,1920637,34.2,58.2,40.7,1298.43,4.83,Baixo
2024,10,2024-10-01,Sul,RS,Porto Alegre,BRT,1365830,41.6,71.8,28.6,5363.51,5.44,Alto
2024,10,2024-10-01,Sul,RS,Caxias do Sul,VLT,1778710,80.7,45.3,29.8,14798.24,6.71,Alto
2024,11,2024-11-01,Norte,AM,Manaus,Ônibus,1621889,23.0,33.3,37.6,47400.49,6.7,Médio
2024,11,2024-11-01,Norte,PA,Belém,Metrô,1795319,79.3,39.0,33.8,14071.48,3.76,Baixo
2024,11,2024-11-01,Norte,PA,Santarém,BRT,1894319,23.9,61.1,47.2,40083.31,3.84,Alto
2024,11,2024-11-01,Norte,RO,Porto Velho,Trem,879731,82.0,61.3,48.8,39761.8,4.45,Alto
2024,11,2024-11-01,Norte,TO,Palmas,VLT,100532,30.8,85.6,16.4,27820.53,5.26,Alto
2024,11,2024-11-01,Nordeste,BA,Salvador,Trem,425765,68.6,71.9,19.3,40004.53,7.61,Alto
2024,11,2024-11-01,Nordeste,BA,Feira de Santana,VLT,1137265,61.5,62.9,43.2,35298.03,3.91,Baixo
2024,11,2024-11-01,Nordeste,PE,Recife,Metrô,1704413,83.3,63.7,26.1,32457.15,6.57,Baixo
2024,11,2024-11-01,Nordeste,PE,Jaboatão dos Guararapes,VLT,423308,58.8,21.6,51.6,21662.15,4.28,Alto
2024,11,2024-11-01,Nordeste,CE,Fortaleza,Metrô,1280533,47.7,31.0,48.0,39567.52,4.05,Médio
2024,11,2024-11-01,Nordeste,CE,Juazeiro do Norte,Metrô,1046802,27.2,61.2,27.8,6602.98,6.43,Baixo
2024,11,2024-11-01,Nordeste,MA,São Luís,Trem,1149168,82.4,74.6,9.2,19907.84,4.66,Crítico
2024,11,2024-11-01,Nordeste,PB,João Pessoa,Trem,929905,59.5,25.9,32.1,48360.27,5.56,Baixo
2024,11,2024-11-01,Centro-Oeste,DF,Brasília,Bicicleta,1084254,30.6,62.1,42.4,3374.5,6.52,Crítico
2024,11,2024-11-01,Centro-Oeste,GO,Goiânia,BRT,364137,61.2,118.3,49.0,11354.71,7.19,Alto
2024,11,2024-11-01,Centro-Oeste,GO,Aparecida de Goiânia,Trem,517116,80.8,108.3,30.3,28693.03,3.77,Crítico
2024,11,2024-11-01,Centro-Oeste,MT,Cuiabá,Bicicleta,329053,35.5,55.2,37.9,15848.16,6.31,Crítico
2024,11,2024-11-01,Centro-Oeste,MS,Campo Grande,VLT,1692649,73.1,91.0,26.5,40562.18,5.23,Alto
2024,11,2024-11-01,Sudeste,SP,São Paulo,BRT,833368,46.2,21.1,25.3,4168.25,6.66,Baixo
2024,11,2024-11-01,Sudeste,SP,Campinas,Bicicleta,1027284,28.5,26.8,51.5,31951.31,4.84,Alto
2024,11,2024-11-01,Sudeste,SP,Ribeirão Preto,BRT,719325,89.8,55.4,31.7,7403.02,5.73,Crítico
2024,11,2024-11-01,Sudeste,RJ,Rio de Janeiro,Trem,525535,17.7,61.0,52.6,22849.46,3.73,Alto
2024,11,2024-11-01,Sudeste,RJ,Niterói,Ônibus,1698412,51.0,81.2,49.1,18876.46,3.67,Alto
2024,11,2024-11-01,Sudeste,RJ,Nova Iguaçu,Metrô,1301821,51.6,108.0,48.1,15842.71,7.6,Médio
2024,11,2024-11-01,Sudeste,RJ,Petrópolis,BRT,686751,53.0,99.4,19.3,23069.67,5.54,Alto
2024,11,2024-11-01,Sudeste,MG,Belo Horizonte,VLT,583320,56.2,92.2,49.4,12971.5,7.58,Baixo
2024,11,2024-11-01,Sudeste,MG,Uberlândia,Metrô,561400,38.2,119.5,28.0,6254.15,3.66,Baixo
2024,11,2024-11-01,Sudeste,MG,Juiz de Fora,Ônibus,1138535,89.1,116.5,23.9,2894.5,7.58,Alto
2024,11,2024-11-01,Sudeste,ES,Vitória,Metrô,454387,35.3,95.7,47.7,10829.04,6.47,Alto
2024,11,2024-11-01,Sudeste,ES,Vila Velha,VLT,359493,90.1,21.8,15.1,30050.22,5.89,Alto
2024,11,2024-11-01,Sudeste,ES,Serra,Ônibus,921720,17.3,24.4,20.7,9473.14,4.33,Médio
2024,11,2024-11-01,Sul,PR,Curitiba,BRT,1205693,29.9,105.1,45.6,20397.39,5.89,Alto
2024,11,2024-11-01,Sul,PR,Londrina,Bicicleta,257850,71.0,87.2,9.3,9275.75,4.52,Médio
2024,11,2024-11-01,Sul,SC,Florianópolis,Ônibus,12122,84.2,34.8,29.2,24758.08,4.35,Alto
2024,11,2024-11-01,Sul,SC,Joinville,VLT,1929826,32.2,21.1,43.5,7552.0,7.0,Baixo
2024,11,2024-11-01,Sul,RS,Porto Alegre,Ônibus,1833320,22.7,108.7,48.4,4299.15,4.27,Médio
2024,11,2024-11-01,Sul,RS,Caxias do Sul,Metrô,1614827,36.4,119.9,15.3,46255.29,5.3,Baixo
2024,12,2024-12-01,Norte,AM,Manaus,Trem,615616,26.1,63.7,19.1,22640.55,5.42,Médio
2024,12,2024-12-01,Norte,PA,Belém,Bicicleta,1599887,21.8,73.3,49.4,27055.42,5.24,Baixo
2024,12,2024-12-01,Norte,PA,Santarém,BRT,805310,48.1,95.7,43.6,3225.8,4.05,Crítico
2024,12,2024-12-01,Norte,RO,Porto Velho,Trem,927195,24.0,76.0,42.5,4184.05,4.26,Alto
2024,12,2024-12-01,Norte,TO,Palmas,Trem,314689,92.1,21.3,29.0,14130.17,6.74,Baixo
2024,12,2024-12-01,Nordeste,BA,Salvador,Bicicleta,1696183,65.0,54.1,20.0,4391.74,4.51,Baixo
2024,12,2024-12-01,Nordeste,BA,Feira de Santana,Ônibus,80856,33.6,56.0,28.0,10331.04,7.23,Crítico
2024,12,2024-12-01,Nordeste,PE,Recife,VLT,933090,35.5,33.1,49.3,24929.89,7.8,Crítico
2024,12,2024-12-01,Nordeste,PE,Jaboatão dos Guararapes,BRT,1463740,77.6,118.8,44.1,28107.85,5.5,Crítico
2024,12,2024-12-01,Nordeste,CE,Fortaleza,Metrô,468427,94.4,84.4,53.7,31627.23,7.82,Crítico
2024,12,2024-12-01,Nordeste,CE,Juazeiro do Norte,VLT,1050284,48.7,96.4,20.0,1771.18,7.33,Baixo
2024,12,2024-12-01,Nordeste,MA,São Luís,Metrô,299325,53.3,40.4,48.7,11258.89,5.59,Crítico
2024,12,2024-12-01,Nordeste,PB,João Pessoa,Bicicleta,859981,32.2,45.6,8.8,22830.28,5.45,Alto
2024,12,2024-12-01,Centro-Oeste,DF,Brasília,Metrô,789780,19.2,23.5,18.9,41119.13,5.82,Médio
2024,12,2024-12-01,Centro-Oeste,GO,Goiânia,Trem,1178258,22.8,28.2,24.2,2618.35,6.66,Baixo
2024,12,2024-12-01,Centro-Oeste,GO,Aparecida de Goiânia,BRT,691409,77.6,64.3,11.6,7441.81,4.63,Médio
2024,12,2024-12-01,Centro-Oeste,MT,Cuiabá,BRT,868151,94.0,101.4,39.9,38904.78,5.43,Alto
2024,12,2024-12-01,Centro-Oeste,MS,Campo Grande,Bicicleta,427160,30.7,109.3,19.8,37568.09,5.86,Crítico
2024,12,2024-12-01,Sudeste,SP,São Paulo,Trem,345075,80.1,108.4,9.4,36382.85,6.84,Crítico
2024,12,2024-12-01,Sudeste,SP,Campinas,Trem,1772390,28.4,116.6,24.6,44385.84,6.71,Alto
2024,12,2024-12-01,Sudeste,SP,Ribeirão Preto,Ônibus,1061974,82.3,117.0,46.5,8931.02,3.67,Baixo
2024,12,2024-12-01,Sudeste,RJ,Rio de Janeiro,Ônibus,1565428,82.2,48.7,14.4,5727.16,5.4,Médio
2024,12,2024-12-01,Sudeste,RJ,Niterói,Ônibus,653369,66.5,82.5,10.5,7199.66,6.91,Crítico
2024,12,2024-12-01,Sudeste,RJ,Nova Iguaçu,VLT,1919741,91.1,51.4,10.9,23465.95,3.81,Crítico
2024,12,2024-12-01,Sudeste,RJ,Petrópolis,Bicicleta,1118170,48.6,95.6,22.3,35437.55,6.99,Crítico
2024,12,2024-12-01,Sudeste,MG,Belo Horizonte,Trem,321603,28.3,74.0,53.7,206.06,7.68,Crítico
2024,12,2024-12-01,Sudeste,MG,Uberlândia,VLT,1484735,93.3,31.1,34.0,6625.62,3.76,Alto
2024,12,2024-12-01,Sudeste,MG,Juiz de Fora,Trem,1809430,26.4,60.2,36.9,24784.23,5.23,Crítico
2024,12,2024-12-01,Sudeste,ES,Vitória,VLT,968888,79.4,78.0,22.5,40531.42,4.59,Crítico
2024,12,2024-12-01,Sudeste,ES,Vila Velha,Bicicleta,910568,80.3,104.8,8.4,16248.26,7.74,Baixo
2024,12,2024-12-01,Sudeste,ES,Serra,Ônibus,840307,79.4,87.2,38.2,37247.69,4.71,Crítico
2024,12,2024-12-01,Sul,PR,Curitiba,BRT,535462,64.6,110.8,38.9,46709.08,7.2,Crítico
2024,12,2024-12-01,Sul,PR,Londrina,Ônibus,1234067,37.3,69.2,50.8,11110.74,6.69,Crítico
2024,12,2024-12-01,Sul,SC,Florianópolis,VLT,1995255,43.8,113.6,12.9,24116.43,4.07,Alto
2024,12,2024-12-01,Sul,SC,Joinville,Trem,803450,52.3,110.8,52.5,36092.82,6.06,Alto
2024,12,2024-12-01,Sul,RS,Porto Alegre,Ônibus,1192590,40.2,88.5,22.6,30323.84,6.11,Médio
2024,12,2024-12-01,Sul,RS,Caxias do Sul,VLT,1854012,15.5,56.7,17.7,17491.8,6.7,Baixo
